Price,Close,Close,Close,Close,Close,High,High,High,High,High,Low,Low,Low,Low,Low,Open,Open,Open,Open,Open,Volume,Volume,Volume,Volume,Volume
Ticker,AAPL,AMZN,GOOGL,META,MSFT,AAPL,AMZN,GOOGL,META,MSFT,AAPL,AMZN,GOOGL,META,MSFT,AAPL,AMZN,GOOGL,META,MSFT,AAPL,AMZN,GOOGL,META,MSFT
Date,,,,,,,,,,,,,,,,,,,,,,,,,
2020-01-02,72.7160873413086,94.90049743652344,68.1083755493164,208.79592895507812,153.32327270507812,72.77661346571647,94.90049743652344,68.1083755493164,208.80587657807078,153.4282761547816,71.46682724691692,93.2074966430664,67.00415768648521,205.30239969610878,151.13731033565847,71.72103401405282,93.75,67.09970156760528,205.780143782338,151.56686460604337,135480400,80580000,27278000,12077100,22622100
2020-01-03,72.00912475585938,93.74849700927734,67.75208282470703,207.691162109375,151.41412353515625,72.7717522953066,94.30999755859375,68.36067681993559,209.41304271631276,152.68370535175205,71.78396939069293,93.2249984741211,67.04546199914073,205.9792291267133,150.87956583671692,71.94133580542943,93.2249984741211,67.07930441454083,206.2380192300166,151.12776374356721,146322800,75288000,23408000,11188400,21116200
2020-01-06,72.58290100097656,95.14399719238281,69.55794525146484,211.6027069091797,151.8054656982422,72.62163859417052,95.18450164794922,69.58332136437583,211.78185524561292,151.87229267766048,70.87606782262263,93.0,67.22858209701914,205.55122615410616,149.39994205440817,71.12785848416316,93.0,67.25992638011208,205.7303744905394,149.94405466189505,118387200,81236000,46768000,17058900,20813700
2020-01-07,72.24153900146484,95.34300231933594,69.42359161376953,212.060546875,150.42137145996094,72.84921605109494,95.69450378417969,69.84109780511007,213.57342090562022,152.41642230295344,72.02122310005907,94.60199737548828,69.24693831666055,210.75669443031993,150.17318812555376,72.59258596559819,95.2249984741211,69.68982062314994,211.82168241930964,152.0823310334366,108872000,80898000,34330000,14912400,21634100
2020-01-08,73.40364074707031,94.59850311279297,69.917724609375,214.21041870117188,152.81732177734375,73.70627127642481,95.55000305175781,70.25660431481994,215.22563820234075,153.4950738351807,71.94375136900179,94.3219985961914,69.30017841973043,211.61266142776498,150.7745396996867,71.94375136900179,94.9020004272461,69.40915447916457,212.00083135656322,151.71001553116633,132079200,70160000,35314000,13475000,27746500
2020-01-09,74.96281433105469,95.05249786376953,70.65171813964844,217.27597045898438,154.72645568847656,75.15649496744561,95.89099884033203,71.09409928302898,217.35559700611174,154.8505546161972,74.13239770457567,94.79000091552734,70.17499344034695,215.2654419088488,153.71461245949803,74.38418105419532,95.49449920654297,70.75820366435225,216.51952585487996,154.48781286784572,170108400,63346000,33200000,12642800,21385000
2020-01-10,75.13227844238281,94.15799713134766,71.10803985595703,217.037109375,154.01055908203125,75.69880941545972,95.34700012207031,71.40562076183926,218.8485793058094,155.8051581253616,74.6287043855216,94.0,70.64227194118779,216.4001121307267,153.85782414949148,75.19765137920673,95.26850128173828,71.1334235656956,218.17176119096214,155.423335359617,140644800,57074000,26258000,12119400,20725900
2020-01-13,76.73741912841797,94.56500244140625,71.65890502929688,220.86904907226562,155.86241149902344,76.76405445807666,94.9000015258789,71.73105459235768,220.9287651891354,155.89104747475955,75.33079296168272,94.04000091552734,70.92939109321708,218.18171750264293,153.93417326104023,75.44942915816804,94.56549835205078,71.42103622672836,218.56988744950831,154.41145894411306,121532000,55616000,30730000,14463400,21626500
2020-01-14,75.70120239257812,93.47200012207031,71.18914794921875,218.0323944091797,154.76466369628906,76.88509646087522,94.35549926757812,71.78828087353631,221.336827689664,156.1678848009803,75.57773417210761,92.92749786376953,71.04881242286127,217.60441881471306,154.37328593172,76.67446681398555,94.29399871826172,71.65740633981173,220.57043548158845,155.96741840076578,161954400,68818000,26076000,13288900,23477400
2020-01-15,75.37678527832031,93.10099792480469,71.61760711669922,220.11260986328125,155.76698303222656,76.3839404992497,93.94300079345703,71.69623359683659,220.64012249161075,156.49246675314848,74.9434163205122,92.75450134277344,71.24240200906924,219.1073531009804,155.18470835290648,75.50026089033786,93.61250305175781,71.31007924880507,219.57514961096498,155.23242527929864,121923600,57932000,21550000,10036500,21417900
2020-01-16,76.32099151611328,93.89700317382812,72.16300201416016,220.72972106933594,158.6211395263672,76.43236486391163,94.27950286865234,72.18987397034176,221.58568757150158,158.6879665208014,75.55836410557868,93.3010025024414,71.65741591572775,219.356189541225,156.57835716184766,75.92152071901803,94.14949798583984,71.92861841895987,221.52597145066423,156.88382702393884,108829200,53190000,26080000,10015300,23865400
2020-01-17,77.16594696044922,93.23600006103516,73.6240005493164,221.09796142578125,159.50889587402344,77.16836298058836,94.33200073242188,73.67525391932409,221.24725171492378,159.86208265119686,76.26289478458983,92.86250305175781,72.48096687413458,219.49551317773475,157.91474872726818,76.57036474816839,94.29450225830078,72.77904128791559,220.9884768180062,159.8143511653507,137816400,79946000,52424000,15905900,34371700
2020-01-21,76.64299774169922,94.5999984741211,73.7598648071289,220.4012451171875,158.93614196777344,77.23614913553814,94.7135009765625,74.13954981671559,221.32687527177663,160.54937000352857,76.5049964495613,93.0,73.16072423104607,218.0921207616,158.86931497665745,76.79310129941813,93.25,73.59813193167503,221.11786886980354,159.1079578324649,110843200,74156000,48930000,14275800,29517200
2020-01-22,76.91656494140625,94.37300109863281,73.8404769897461,220.2818145751953,158.1724853515625,77.47097865524583,95.125,74.67200421330017,221.7050992807162,159.88117639299483,76.82214068619064,94.16699981689453,73.78027135418839,220.2419937068497,158.15338984431403,77.12961059079142,94.80449676513672,74.13208973203312,221.26716085218317,159.79525389317888,101832400,64326000,28458000,12212800,24138800
2020-01-23,77.2869873046875,94.22899627685547,73.88127136230469,218.7291259765625,159.14613342285156,77.3668785027068,94.4990005493164,74.31968130965106,220.45102168291515,159.22250087718146,76.42024944843635,93.63800048828125,73.66381279979728,218.2414342292888,157.76200790642838,76.96983114393875,94.25550079345703,74.02359627922354,219.7144874693024,158.64021178281828,104472000,49692000,26650000,11195000,19680800
2020-01-24,77.06427764892578,93.08200073242188,72.95968627929688,216.91766357421875,157.54244995117188,78.27963949778808,94.74949645996094,74.35451457543209,220.73964680087644,159.91933786769545,76.87301303795586,92.37200164794922,72.810892040463,215.09624613326204,156.97925634771383,77.53396093858308,94.56849670410156,74.28584264769104,219.76424815377564,159.90024236223502,146537600,75324000,29786000,11905800,24918100
2020-01-27,74.79816436767578,91.41699981689453,71.24588775634766,213.86207580566406,154.90786743164062,75.48089322464955,92.05000305175781,71.4872342256204,215.04649614408382,155.95790194568534,73.81279759380895,90.76699829101562,70.63729373845622,211.50319794030844,152.92235689228698,75.06689673049003,91.0,71.23643435523881,212.10038951526025,153.82919693681342,161940000,70570000,34132000,13810700,32078100
2020-01-28,76.9141616821289,92.6624984741211,72.17991638183594,216.76837158203125,157.94338989257812,77.08605376922371,92.90550231933594,72.39388973398827,217.71392741769657,158.229749659442,75.58258723533865,91.5009994506836,71.17770407698895,212.5184124760095,155.66196483440646,75.6818509443487,92.0250015258789,71.74399693020122,215.12611757088712,156.33970237012244,162234000,56160000,29724000,13413800,24899900
2020-01-29,78.52416229248047,92.9000015258789,72.48843383789062,222.18284606933594,160.4061737060547,79.37395133976464,93.73750305175781,72.8586654186404,223.14829711100327,161.0839258176197,77.80753513570895,92.7509994506836,71.92562625371633,217.42526978783843,158.16293962662346,78.5507976259598,93.19999694824219,72.57601256289253,220.40124946328032,160.21526233672495,216229200,41760000,21566000,33181300,34754500
2020-01-30,78.41035461425781,93.53399658203125,72.36651611328125,208.54713439941406,164.9308624267578,78.46361788035526,93.64350128173828,72.41627364413384,210.43821579490228,166.14317230881892,77.1707812088342,92.53050231933594,71.40859442553979,203.78955766260955,163.03125990019,77.60415017442514,92.9000015258789,71.56285567943894,205.56120681461394,166.14317230881892,126743200,126548000,27110000,48775500,51597500
2020-01-31,74.93375396728516,100.43599700927734,71.29813385009766,200.96287536621094,162.4967041015625,78.1222655759737,102.78600311279297,73.13385521184509,207.71107023003282,164.56812253080582,74.63838622980492,100.1135025024414,71.01349157096435,200.1168565085857,161.87623844618003,77.69858276990855,102.57350158691406,73.04378594209612,207.45228012961394,164.38676617897787,199588400,311346000,43822000,31359900,36142700
2020-02-03,74.72795104980469,100.20999908447266,73.77726745605469,203.232177734375,166.45816040039062,75.89731214570682,102.42500305175781,73.96139234126558,204.17771838927396,166.57270430396193,73.16879799630816,100.01249694824219,72.48395130082353,201.55010284120308,162.6589558551061,73.67237193822604,100.52999877929688,72.73475112590975,202.48569587200018,162.6875918309989,173788400,117834000,71636000,15495600,30107000
2020-02-04,77.19499969482422,102.4834976196289,71.92662048339844,208.845703125,171.9374237060547,77.38626426505087,102.98999786376953,73.01789968192739,209.6120953581795,172.43380499267923,75.93121426303615,100.76850128173828,70.76318413051645,204.2374172898709,168.30050841453047,76.33794793595989,101.49400329589844,72.37846261578684,205.65075434101564,169.0928045525023,136616400,105786000,95880000,19628900,36433300
2020-02-05,77.82447814941406,101.99349975585938,71.95845794677734,209.1243896484375,171.72738647460938,78.62584328517734,103.5510025024414,72.88054776477253,211.73209455621011,175.83204634656084,77.21921702642419,101.5999984741211,71.14385592884095,207.73096302303483,170.3050844317914,78.32562874403418,103.5510025024414,72.83227848355087,211.5131253454738,175.66977095885156,118826800,87524000,36376000,12538200,39186300
2020-02-06,78.73477172851562,102.5114974975586,73.44735717773438,209.86093139648438,175.2879638671875,78.73719513687406,102.81500244140625,73.72553013530305,210.199332848112,175.46933477716024,77.53635935306664,101.23999786376953,72.17892341944845,208.35800492430647,171.8801367244904,78.09561993929752,102.0510025024414,72.25356352243467,209.48270907571722,172.74880025877843,105425600,63660000,37822000,10567500,27751400
2020-02-07,77.66454315185547,103.96399688720703,73.60359191894531,211.333984375,175.5361328125,78.48237001870756,104.92649841308594,73.90913031714187,211.82169130451058,177.19709227933504,77.17190518543269,101.90499877929688,72.92185381552126,208.94523340741898,174.19018365311317,78.23241099940878,102.09950256347656,73.02038176738384,209.3135081040746,174.54338497300552,117684000,101906000,28360000,12242500,33529100
2020-02-10,78.0334243774414,106.69550323486328,75.0740737915039,212.060546875,180.1276092529297,78.0334243774414,106.77999877929688,75.0850230307296,212.7970810502044,180.26124865813412,76.16480064339702,104.24800109863281,73.40903771305075,209.67181119483004,174.9251983541532,76.24488144952362,104.25050354003906,73.51005621420106,210.52777759787963,175.24020864476424,109348800,101124000,38302000,11856400,35844300
2020-02-11,77.5626449584961,107.54000091552734,75.14373779296875,206.21810913085938,176.0611572265625,78.60374012100387,109.29750061035156,76.13002730831754,209.8708919581951,182.03676914651783,77.34423530217373,106.80000305175781,74.91433529369846,205.54129099866825,175.16385775009803,78.53093937088862,107.54499816894531,75.30347367199528,209.2040366375089,181.98903766180297,94323200,114920000,34852000,25030800,53159900
2020-02-12,79.4045639038086,108.0,75.57020568847656,209.77134704589844,176.31887817382812,79.40941481717738,109.01249694824219,75.65330449075212,210.22919592867086,177.40708891604868,78.01401070527898,107.7645034790039,75.07457418082535,206.42710775723387,173.58880356571652,78.01401070527898,108.16000366210938,75.4323606906229,206.87500901608962,177.1493505765325,113730400,66686000,31042000,13813700,47062900
2020-02-13,78.83912658691406,107.49349975585938,75.30945587158203,212.1401824951172,175.36431884765625,79.16674472243865,108.51399993896484,75.93446611705389,213.32460276260556,177.76982829589463,78.47025716819051,107.0999984741211,74.84218453538855,208.19875174834357,174.56246779930643,78.67410664216737,107.24949645996094,75.14076012943136,208.53716838706288,174.7629342027948,94747600,60636000,22914000,15396600,35295800
2020-02-14,78.85855102539062,106.74349975585938,75.5751724243164,213.17530822753906,176.92982482910156,79.10851012138082,107.9520034790039,75.64086026005992,213.9217900962385,176.98709678584612,78.34892359887368,106.29450225830078,74.91930394806882,211.65248643036915,174.35247025076032,78.80758309855572,107.78399658203125,75.36617257703398,212.9961598689132,174.92521894941493,80113600,52124000,23198000,10741700,23149500
2020-02-18,77.41460418701172,107.78350067138672,75.61051177978516,216.7783203125,178.72434997558594,77.5966134445047,108.30349731445312,76.16386598952577,216.9574686567502,179.17299957540826,76.34923977828454,106.20549774169922,75.19101619789893,212.39895125522258,177.0729459862652,76.5312490357775,106.2509994506836,75.35672784883174,212.54825672930903,177.17794939400235,152531200,58912000,25642000,15609200,27792200
2020-02-19,78.53579711914062,108.51100158691406,75.8807144165039,216.4697723388672,179.26043701171875,78.76634519119376,109.25499725341797,76.17282066551604,217.2958806788888,180.12189205359857,77.65730009675248,108.05599975585938,75.6871437222989,215.09624097989015,178.48512455294917,77.65730009675248,108.38999938964844,75.99666093125346,216.96742686751557,180.00703527611827,93984000,51224000,22746000,12135100,29997500
2020-02-20,77.73009490966797,107.65499877929688,75.48859405517578,213.57342529296875,176.52291870117188,78.78575023333428,108.8395004272461,75.99019372622803,217.7437727892913,179.2317365523129,77.22289659591061,106.37249755859375,74.85511755870975,211.951066624426,173.3450925691192,78.29554123010857,108.65350341796875,75.58911140978356,215.50432734792386,178.94457998121786,100566000,62626000,25962000,13109200,36862400
2020-02-21,75.97065734863281,104.79850006103516,73.820068359375,209.19406127929688,170.94252014160156,77.76648785830864,107.22750091552734,75.18803231655097,213.2350290198585,175.64227050341614,75.35182886622782,104.4000015258789,73.57275374256885,207.85040309421998,169.65990434185565,77.32238114469776,107.10749816894531,74.8710434826863,212.47858437706003,175.3263998174394,129554000,92926000,42520000,14092300,48572600
2020-02-24,72.3620376586914,100.4645004272461,70.65519714355469,199.7784423828125,163.57229614257812,73.8181119648714,101.96499633789062,71.47727087720753,202.69469073574572,167.07557430420084,70.19006459555902,99.39849853515625,70.00481082046124,197.240401157955,156.24030250955758,72.13877707909086,100.15899658203125,70.81393833170006,200.8533780258302,160.58590274861274,222195200,130940000,49560000,23080100,68311100
2020-02-25,69.91096496582031,98.63700103759766,68.9861831665039,195.84698486328125,160.87301635742188,73.4176795737371,101.7300033569336,71.50065850081133,202.5454111618152,167.35310504591126,69.43774534651452,97.9209976196289,68.692588654975,195.03082407389752,160.47098848757176,73.03425000192122,101.32099914550781,71.20955452359632,201.30127472961732,166.74051131834014,230673600,124382000,51580000,21433500,68073300
2020-02-26,71.02000427246094,98.97949981689453,69.19268798828125,196.2749481201172,162.88311767578125,72.28921804434103,100.7334976196289,70.34717205695928,200.2661472625583,165.84079671755148,69.52752997923261,98.02249908447266,68.50000058431121,194.57297809311262,161.00705537187227,69.53481005262495,98.51399993896484,69.41711700631495,196.2650004966838,162.44282359860227,198054800,104492000,49776000,16524500,56206100
2020-02-27,66.37755584716797,94.21499633789062,65.43465423583984,188.85989379882812,151.40652465820312,69.4061923618355,98.75,68.14420353278719,194.96114318567538,159.87756226966422,66.24165620285358,94.13800048828125,65.39932357908593,188.61106653427106,151.2150918330818,68.21706677109698,96.71900177001953,67.63364403136153,190.92019083922207,156.32643735669026,320605600,162880000,62290000,21682600,93174900
2020-02-28,66.3387451171875,94.1875,66.64388275146484,191.56715393066406,155.07252502441406,67.56427882911555,94.48799896240234,66.8031174963142,191.83589165444653,156.69974059416424,62.215630206085294,90.55650329589844,63.10878181731662,180.9671175240087,145.49117093338563,62.431618127058165,90.73149871826172,63.412330880062434,181.84297925151697,145.88361772869663,426510000,189620000,80198000,32568900,97012700
2020-03-02,72.51490783691406,97.69750213623047,68.9861831665039,195.51852416992188,165.39089965820312,73.15315476053108,97.72550201416016,69.04340471098438,195.6479192142432,165.51533756180737,67.39680886693866,93.5,65.94472443894038,187.9641316633237,155.35967106198723,68.50342446012388,95.32450103759766,67.24799522889303,193.1198255677862,158.231207136145,341397200,135234000,55430000,24949000,71030800
2020-03-03,70.2118911743164,95.44950103759766,66.56774139404297,185.01800537109375,157.46543884277344,73.77441717355254,99.81649780273438,70.074474248836,196.31476957098187,167.50624714378853,69.35765634090362,94.40450286865234,66.14575530731636,183.1070137486246,155.31178709378187,73.69433636090781,98.76850128173828,69.55147725951427,195.2995500509412,166.35763579873682,319475600,150690000,56602000,27984100,71677000
2020-03-04,73.46864318847656,98.79149627685547,68.75130462646484,190.8604736328125,163.24684143066406,73.6288122283086,98.9000015258789,68.81002200894605,190.93015256189528,163.39041240338062,71.13650139150472,96.0999984741211,66.53191209538853,185.51566845533966,158.52794252039857,71.93976834476976,97.32849884033203,67.6246871548153,188.28262662656724,161.27505550994934,219178400,95458000,47598000,23062500,49814400
2020-03-05,71.08554077148438,96.20149993896484,65.42520141601562,184.3013916015625,159.1500701904297,72.69449642985231,98.03600311279297,67.35945807850705,188.1034798056102,163.5530824415987,70.71909308665877,95.5,64.77232458674723,183.0273971175453,158.59490491857662,71.71650028960082,96.6500015258789,66.95737348484228,185.90383992419214,158.93948975609285,187572800,94964000,54380000,19333400,47817300
2020-03-06,70.14151000976562,95.05449676513672,64.47872924804688,180.2405242919922,154.65138244628906,70.57590748684923,95.54350280761719,64.827555889874,182.9179082457758,156.1254313406518,68.24861680086957,93.4749984741211,62.56139381615548,175.43317943603327,149.319889632788,68.43547696188391,93.75,63.195363838055194,177.49347659739217,155.64684195080312,226176800,105472000,64640000,24559600,72821100
2020-03-09,64.59386444091797,90.03050231933594,60.500247955322266,168.70489501953125,144.1702880859375,67.4865936042117,93.13849639892578,62.338459540726845,174.17909515290836,150.9949786405312,63.82456885051685,88.06449890136719,59.61697016611344,164.4151151631478,143.57684181350035,64.00657807727688,88.69300079345703,59.961324470750895,168.80443200593194,144.5340207589237,286744800,156264000,69252000,29949000,70419300
2020-03-10,69.24604034423828,94.59100341796875,63.45512390136719,177.35414123535156,154.02920532226562,69.5129887846972,94.7135009765625,63.48896251764609,177.45366303879118,154.1344955707755,65.37045555760074,90.90850067138672,60.436554559183975,168.70490222523648,146.04633791651764,67.25607654604191,93.54399871826172,62.421070002563646,173.8506487479301,151.38739718518477,285290000,142666000,54872000,24517800,65354400
2020-03-11,66.8410873413086,91.04299926757812,60.25691223144531,169.44143676757812,147.0513458251953,68.24620108036899,93.56600189208984,62.54746342368469,175.05497981923568,150.94705494253753,65.97472137640763,90.07499694824219,59.273614377572834,166.87353731380114,144.67753249700462,67.31674360006403,92.89250183105469,62.11652506586974,173.19374136381003,150.4014707619274,255598800,112496000,54732000,20373900,56371600
2020-03-12,60.24020767211914,83.83049774169922,55.31304931640625,153.7454071044922,133.1053009033203,65.52333058622261,88.25,59.15468318742386,165.81851207082747,146.8982529178264,60.18439253845632,83.75,55.1597827507668,153.61601205383104,132.64585910216917,62.11126440817364,86.0989990234375,55.863916764377194,158.791616646514,139.07810273985137,418474000,226924000,94326000,43266300,93226400
2020-03-13,67.45748901367188,89.25,60.42461395263672,169.48123168945312,152.02871704101562,67.93071607578169,89.31549835205078,60.431083267311,169.98883386112942,154.97682962340602,61.38565875889742,84.03099822998047,55.34987319346634,156.86071963923848,134.70377417991185,64.28325061879912,87.75,58.46995836028194,162.76289528996463,141.183879021812,370732000,176194000,79400000,35028600,92727400
2020-03-16,58.7792854309082,84.4574966430664,53.39472198486328,145.32508850097656,129.62115478515625,62.873275496652674,87.97250366210938,57.0009775285844,158.38355532348754,142.95466341800056,58.242963182289955,81.30149841308594,53.100128996168905,142.42875031756859,129.2191414311284,58.716186517548486,82.07550048828125,54.22126801964199,151.60550220981705,134.00503555820723,322423600,178346000,96520000,39120400,87905900
2020-03-17,61.36383056640625,90.39199829101562,55.63700485229492,148.7190704345703,140.29371643066406,62.516552460533894,92.88899993896484,56.03211522774084,153.21787141166993,141.18388578468503,57.854689540395675,84.46199798583984,52.20541290761247,139.34326138391765,129.21914970123714,60.065496044248015,88.77349853515625,54.27252988977044,150.0328856174796,134.0050441346163,324056000,218342000,83194000,34255600,81059800
2020-03-18,59.861629486083984,91.5,54.29990005493164,146.27064514160156,134.3878631591797,60.6697510139483,92.08300018310547,54.986615573524475,147.48490838030915,139.74806890452106,57.54404425675361,87.25,51.60328906887955,136.45689592763517,129.23825246956574,58.187145839294104,87.5,52.744834644266916,139.09445920438958,132.09064047139663,300233600,192904000,93044000,37553100,81593200
2020-03-19,59.4029655456543,94.04650115966797,55.31902313232422,152.4116668701172,136.5989990234375,61.35895770048267,97.25,57.35628400103994,159.17975569122024,143.72039734227005,58.87635255804571,91.63249969482422,52.526374852540556,144.12074135833544,133.04785909180967,60.036357886139776,93.0,54.15210150102109,145.9321957796607,136.65642741711832,271857200,207998000,74064000,39862300,85922700
2020-03-20,55.63174057006836,92.30449676513672,53.15636444091797,149.0276336669922,131.4684600830078,61.11385881136198,97.8499984741211,56.653146895914205,158.5228913921021,140.800949554055,55.330817248448476,91.0364990234375,52.85231802516064,147.30575310273773,130.0422589982123,59.98539913252844,96.31549835205078,56.27594862476808,155.2881366786974,139.74804746388605,401693200,196358000,82878000,32568400,84866200
2020-03-23,54.44989013671875,95.1415023803711,52.455711364746094,147.40528869628906,130.1571807861328,55.45215566699075,95.97000122070312,53.09167079517627,151.59553164206548,134.55064297153052,51.59598621533572,90.5999984741211,50.20347875276499,141.58272419240208,126.84535002067652,55.35023092369006,91.38749694824219,52.5671779570536,148.95796851406902,131.14307386995858,336752800,156170000,83672000,29830800,78975200
2020-03-24,59.91259765625,97.00499725341797,56.231658935546875,160.224853515625,141.9879150390625,60.10916707001685,97.75,56.39686943848624,160.55330733873305,143.19396980491564,56.85969513959366,95.01699829101562,54.06302620724,151.85431558698232,135.22066778616053,57.359613328429845,97.57499694824219,54.93635331479006,154.4819309846351,137.59446737731713,287531200,142942000,72468000,30440400,82516700
2020-03-25,59.58255386352539,94.29199981689453,54.818912506103516,155.47723388671875,140.6287078857422,62.67185674280047,97.51300048828125,57.03581063497772,162.22542805261037,147.72140631630424,59.286485163699844,94.28900146484375,53.892840020620554,152.3420012567321,138.25490854547172,60.85176409780143,96.03450012207031,55.961448858891174,158.17451291612159,142.53349896031997,303602000,129582000,90324000,35184300,75638200
2020-03-26,62.71796798706055,97.77449798583984,57.86933135986328,162.5737762451172,149.42515563964844,62.77620858330938,97.82450103759766,58.29529626026029,163.23068386168626,149.95160680414702,59.78640491258839,94.4645004272461,54.3416982421875,156.28343095950427,142.01658782883592,59.82523444541299,95.0999984741211,55.47079870126762,157.5076568360479,142.04530201913704,252087200,124426000,76562000,26556800,64568100
2020-03-27,60.12130355834961,95.00499725341797,55.24885940551758,156.0545196533203,143.2896270751953,62.09428153233142,96.989501953125,57.27865627332936,159.33904298483642,148.25738612335064,59.95385443702902,94.99600219726562,54.93734899052884,154.0240956084485,142.81103779665065,61.33712415208677,96.54299926757812,56.10526532209489,157.45790924208282,145.25184603830556,204216800,107758000,62794000,24879900,57042300
2020-03-30,61.83704376220703,98.19750213623047,57.04277801513672,165.1715545654297,153.36875915527344,62.0093475048291,98.68150329589844,57.27616309094643,165.96780494292827,153.72292525245413,60.52414930589501,95.61699676513672,54.66315609776698,157.31856578161563,143.5863903880051,60.849342024154396,96.1415023803711,56.362531875234545,158.43330719778598,145.91234252930232,167976400,122522000,58736000,22515200,63420300
2020-03-31,61.71084213256836,97.48600006103516,57.8210563659668,166.01756286621094,150.95664978027344,63.70080921944118,99.6510009765625,58.39083058698721,170.1281791701588,157.72389517204311,61.155108844211355,97.20050048828125,56.565557615189896,163.42975310094974,149.8558855807532,62.028754737466606,98.21749877929688,57.16320227975935,164.70374754892737,152.5742694137717,197002000,102472000,65228000,23676300,77927200
2020-04-01,58.46379470825195,95.38500213623047,54.842796325683594,158.85134887695312,145.59646606445312,60.3591169738146,97.24800109863281,56.20229768361806,163.37999342987356,150.99495384595014,58.0318264145662,94.6500015258789,54.41434472078375,157.29865382162922,144.36171185398587,59.82036933508518,96.64849853515625,55.932587259759686,160.86186245632155,146.4483546017773,176218400,82438000,51970000,19507600,57969900
2020-04-02,59.43937683105469,95.94149780273438,55.585750579833984,157.44793701171875,148.611572265625,59.49276651729852,96.37650299072266,55.87138374005283,160.59311717399154,148.82215276585558,57.490664392119754,94.5,54.3964368955584,155.18858127374065,143.9214020813381,58.32548090103607,95.08200073242188,54.73830070289628,158.35367186892188,145.35717025269807,165934000,86720000,56410000,20886300,49630700
2020-04-03,58.58513641357422,95.32949829101562,54.37503433227539,153.4567413330078,147.24278259277344,59.626227661114996,96.31649780273438,55.6733278436525,157.1692550072165,150.640769470052,57.992999079947744,94.4574966430664,53.49822958250269,150.12246514317698,145.6730103070818,58.92246006471552,95.55750274658203,55.47029994298398,156.41281041288232,148.45840347788032,129880000,72198000,51374000,25983300,41243300
2020-04-06,63.69596862792969,99.87950134277344,58.87800979614258,164.7734375,158.1929168701172,63.85127936413574,99.9260025024414,59.25420957181764,165.42038239099023,159.37024249997808,60.51930084799207,96.5009994506836,55.98235353914818,157.76645238014177,150.83221084061367,60.88817032671101,96.80000305175781,56.3804517940451,159.39875882501565,153.45488555470874,201820400,115464000,63320000,28453600,67111700
2020-04-07,62.958221435546875,100.58000183105469,58.84665298461914,168.03805541992188,156.48915100097656,65.93589798982386,101.78600311279297,60.74856308077166,172.57666297873988,162.72037908322392,62.85387122600371,99.88099670410156,58.58241717885874,165.23127616331882,156.2689893839847,65.71748092950824,100.85549926757812,60.56095675968012,170.9841621709521,162.32793231073012,202887200,102280000,61620000,31411900,62769000
2020-04-08,64.56962585449219,102.1500015258789,60.062843322753906,173.46246337890625,158.05894470214844,64.88510570226441,102.19999694824219,60.45596430381323,174.17908712376376,159.53299367239637,63.39505997306274,100.55750274658203,58.915826954161616,166.95314874819678,156.4987385371966,63.76150035495677,101.05000305175781,59.868771468332326,170.44667811396883,158.5758148434227,168895200,79546000,40334000,21664200,48318200
2020-04-09,65.03556060791016,102.13800048828125,60.041439056396484,174.36819458007812,158.06849670410156,65.54033721316215,102.6500015258789,60.80877033274802,176.2493280736442,160.20300120701708,64.2371518120858,100.88300323486328,59.337305082673424,170.76518068558494,156.33600551975834,65.20786807728709,102.21499633789062,60.61917842486261,175.07485549944573,159.23625593654953,161834800,92930000,54028000,23534300,51385100
2020-04-13,66.31204986572266,108.44349670410156,60.2325325012207,173.97006225585938,158.42263793945312,66.42125839971293,109.0,60.43705624337838,174.17908383883875,158.48008092873175,64.51136807094039,101.9000015258789,58.83521365989364,168.65511557107914,155.35010255817997,65.11321477612952,102.0,59.78915284931368,172.8553209791983,157.31232177165464,131022800,134334000,38702000,19355400,41905300
2020-04-14,69.66099548339844,114.16600036621094,62.96049118041992,177.33421325683594,166.261962890625,69.95221321023672,114.5999984741211,63.48398554877324,180.3798565480623,166.3098247540783,67.47688475003459,109.31050109863281,61.13471691802692,175.79148117761952,160.80604638092177,67.9501117046532,110.02349853515625,61.703500286214066,178.14041116484162,161.76322522842725,194994800,161744000,63358000,21011800,52874300
2020-04-15,69.02519989013672,115.38400268554688,62.56587600708008,176.1398468017578,164.5198974609375,69.4862886004415,116.66850280761719,63.45213792906103,177.35412507847326,166.13753197612417,68.10302246952716,112.25,61.40641842523156,172.00932024859716,161.9929460032736,68.53256171861511,112.88400268554688,62.028941883647406,174.3681978774768,163.86900827959028,131154400,137332000,42236000,17423000,40940800
2020-04-16,69.57363891601562,120.40950012207031,62.57234191894531,175.42323303222656,169.4589385986328,69.94008655387744,123.05000305175781,63.365053153788786,177.21479249212575,169.68866678249967,68.52041300810855,116.75,61.61541867517127,171.7007714426145,165.49621871061888,69.74108800841772,117.30000305175781,63.05553213901334,177.11525550488224,166.83627787509008,157125200,240764000,57896000,23593200,50479600
2020-04-17,68.62960815429688,118.75,63.64570999145508,178.3992156982422,170.9521484375,69.63673178110686,120.0,64.19309218879452,179.4343305213368,172.29219298522904,67.1880945136113,115.8010025024414,62.99880134225195,175.83131629490424,168.3390396613431,69.08827495177604,118.61650085449219,63.78006595578862,178.35939482780842,171.81360356027008,215250000,158600000,51050000,20974800,52765600
2020-04-20,67.20510864257812,119.68049621582031,62.75745391845703,177.40390014648438,167.563720703125,68.35783414900595,122.2490005493164,63.53722647703482,179.65329325390158,171.09571286072054,67.18569757688921,119.30249786376953,62.52307415846969,175.94079454877485,167.49672578100314,67.4526460174679,119.49749755859375,63.19237482499092,176.5777917677822,169.06649845044674,130015200,115414000,35292000,16110700,36669600
2020-04-21,65.12775421142578,116.40599822998047,60.31961441040039,169.99879455566406,160.63375854492188,67.28274465717786,121.41549682617188,62.202610123197196,174.55731198207238,166.2332459470786,64.4142774447653,113.98300170898438,59.9633161587621,167.55032752706842,158.99697631635922,67.04734575925282,120.83049774169922,61.83984635367317,174.4279169412668,166.07052729833796,180991600,149534000,49648000,24850500,56203700
2020-04-22,67.00366973876953,118.17449951171875,62.62110900878906,181.4249267578125,166.0896453857422,67.44048895263322,119.69999694824219,63.68949878936644,183.91319930516806,166.54908705362305,66.05722317141493,117.55000305175781,61.565654060120984,177.3043480268801,163.5052659215048,66.39939402555568,118.44999694824219,61.760223241371214,177.6128913927985,164.0508501636032,116862400,84244000,46296000,33242000,34620200
2020-04-23,66.74400329589844,119.97250366210938,63.25606918334961,184.26158142089844,164.07957458496094,68.37480642869768,121.21099853515625,64.10103222735762,186.1725731002809,167.56370454484113,66.7051737682157,119.10399627685547,62.72660289717478,182.29085843732526,163.59141869523893,66.94785276175145,119.9990005493164,62.9858614211265,183.216503812133,166.65438768105864,124814400,101332000,34202000,21426600,32790800
2020-04-24,68.67088317871094,120.51100158691406,63.52628707885742,189.1783905029297,167.07557678222656,68.68059241326806,121.02149963378906,63.5815230301406,189.51679192083105,167.08514331310639,67.22208912055947,119.0999984741211,61.904041852137816,179.98172979857523,163.40001338046326,67.27062788736906,120.8499984741211,62.451424092845535,182.37046534368045,164.6921961079911,126161200,76498000,37402000,28792000,34277600
2020-04-27,68.71942138671875,118.80000305175781,63.24065017700195,186.62045288085938,166.59698486328125,69.05189045933044,122.24400329589844,64.39712372198137,192.84113464355468,169.32493587330342,67.93799464568525,118.1500015258789,62.95202913831528,186.53087870840727,165.8791007124243,68.38694490813113,122.16000366210938,64.29261999002367,191.75625138907134,169.028212761145,117087600,112912000,44186000,29197800,33194400
2020-04-28,67.60552978515625,115.7040023803711,61.33625411987305,182.05198669433594,162.5385284423828,69.36495298340253,118.67500305175781,63.93233991292163,188.31247409856712,168.1475967515049,67.51331796268283,115.30000305175781,61.22627956997814,181.70362244293133,162.13651510211812,69.18294368703222,118.6050033569336,63.854715732055425,187.77501388002332,168.0710206954465,112004800,105388000,80700000,21731000,34392700
2020-04-29,69.82604217529297,118.635498046875,66.78968048095703,193.2790985107422,169.8322296142578,70.29684010085327,119.59449768066406,67.6839037451793,195.98634078519575,170.07152431727428,68.89415555935265,115.5,66.02085713189535,189.10875047813857,164.519898891604,69.0980050622793,116.50050354003906,66.93000841508254,190.03438075640602,165.8025149944787,137280800,91832000,108358000,45954500,51286600
2020-04-30,71.29906463623047,123.69999694824219,67.01460266113281,203.74974060058594,171.53599548339844,71.47622291622346,123.75,67.17881846187733,208.70637586217512,172.67502582955896,69.97646894907064,119.80049896240234,65.76059592377868,200.62447051048667,168.68359253746573,70.36717846034988,120.99199676513672,66.2512539359075,205.94936529373084,172.2921602045926,183064000,190692000,55842000,46230100,53875900
2020-05-01,70.15121459960938,114.302001953125,65.5525894165039,201.3211669921875,167.09471130371094,72.56101509610286,118.12200164794922,67.24997954035189,206.30765989492178,170.99042145235236,69.36978798695081,112.90950012207031,65.171416205784,198.11627061716683,166.55867890340767,69.46685809785768,116.83999633789062,65.88947971557204,200.6543117471903,168.27203714649573,240616800,195452000,48872000,30415600,39370500
2020-05-04,71.14376831054688,115.79949951171875,65.83026123046875,204.29713439941406,171.1818389892578,71.27238786945037,116.3489990234375,65.90839414561984,204.94409440774302,171.33499108993863,69.4838450310099,112.81900024414062,64.49216102586087,197.82762543939134,166.3576646609175,70.1754815823106,112.81900024414062,65.09528031161895,199.26087293125784,167.01812031538887,133568000,97318000,30806000,19250700,30372900
2020-05-05,72.21157836914062,115.88999938964844,67.13005065917969,206.09866333007812,173.01963806152344,73.04639490337159,117.55000305175781,68.2243215628969,209.3931340323651,175.78588426417025,71.45927182415636,115.35649871826172,66.43388558474965,205.5313298512808,172.196463692982,71.60488073705282,117.0,66.55679496980919,206.04889483746598,172.88563361108132,147751200,64850000,39666000,21071200,36839200
2020-05-06,72.95659637451172,117.56300354003906,66.95140838623047,207.49209594726562,174.723388671875,73.58998507405805,117.87249755859375,68.1088766042414,210.607418390097,176.3123087755195,72.52947892116252,116.0,66.93648036667742,205.69058884843633,173.85236717889725,72.91533768168664,116.47200012207031,67.57691974063604,207.14373167620724,174.28309466098733,142333600,62356000,31732000,21857000,32139300
2020-05-07,73.71131134033203,118.38050079345703,68.13822174072266,210.2689971923828,175.73802185058594,74.05834791180315,118.80000305175781,68.47262907285855,210.6074138321944,176.64733872911614,73.2817722099888,117.15550231933594,67.30520647797584,208.0594097523528,174.76169544991922,73.58512093632648,118.73899841308594,67.74161939808462,210.16947539367143,176.2836061355487,115215200,67928000,30652000,15152000,28316000
2020-05-08,75.46578216552734,118.98049926757812,68.88764953613281,211.35389709472656,176.7717742919922,75.51931637355732,119.36199951171875,69.49972107273517,212.20986354293584,177.07807851947766,74.04470105585122,117.8499984741211,68.2740821604466,209.86093341905072,175.50830586708815,74.3732060857613,118.60700225830078,68.76224962511807,211.2444124843552,177.05893085391247,133838400,64132000,33326000,12506000,30877800
2020-05-11,76.65325927734375,120.44999694824219,69.84556579589844,212.1800079345703,178.74354553222656,77.14965926401848,120.9834976196289,70.43972524742269,213.9914779681631,179.48056257343904,74.7625342106639,118.60549926757812,68.44775348367992,209.38319151294053,175.0201211851634,74.97180698726206,118.73500061035156,68.51194548372064,209.9007565492832,175.3072630945256,145946400,65184000,32718000,12911900,30892700
2020-05-12,75.77725219726562,117.84750366210938,68.43183135986328,209.11447143554688,174.6946563720703,77.79207364909227,120.94999694824219,70.38001377865767,214.2701658618588,179.03067414607514,75.65558421726155,117.75,68.39849009246208,209.01493443949988,174.49365705044374,77.33946490194451,120.59249877929688,70.07597118487982,212.28949506334484,178.80096063564477,162301200,61498000,33918000,14704600,32038200
2020-05-13,74.86228942871094,118.39600372314453,67.09571838378906,204.1378936767578,172.0528564453125,76.88198188882791,120.38500213623047,68.93692187825766,209.791241830966,176.16872742043623,73.78187742017185,116.88999938964844,66.0845538197152,201.16191412876898,168.98030665766586,75.95730099741765,118.33999633789062,68.48059978522438,208.44756852905806,174.7329594946061,200622400,95658000,40368000,20684600,44711500
2020-05-14,75.32221221923828,119.44249725341797,67.52019500732422,205.83987426757812,172.79946899414062,75.38304620688119,119.56849670410156,67.545571123171,205.9593065006722,172.95262109094764,73.37308887883164,117.6604995727539,65.85017778912353,199.7485873843937,168.1571464717192,74.09823268490378,118.05049896240234,66.35874795285368,201.60981055709746,169.93749943228426,158929200,72962000,36660000,17178900,41873900
2020-05-15,74.87691497802734,120.48899841308594,68.32633209228516,209.8907928466797,175.31686401367188,74.92314940994656,120.55000305175781,68.40196688173432,210.34862653870135,179.04985531053515,73.0518950634004,117.81849670410156,66.63143246758034,203.1624934512638,169.42063938623613,73.08596566629879,118.4260025024414,67.09223444201076,204.3071080557419,171.3924252817787,166348400,84700000,41544000,19383200,46610400
2020-05-18,76.64107513427734,121.31300354003906,68.92945098876953,212.18994140625,176.99192810058594,77.01581451007397,121.6500015258789,69.30664542495049,213.63313650903777,178.22668227519873,75.51200038814163,119.20050048828125,67.38781793513687,209.95049601623796,176.08261119923372,76.20550920779705,120.21749877929688,67.75506542085085,211.15481147669516,177.79595475407282,135178400,87144000,47094000,20151900,35264500
2020-05-19,76.19824981689453,122.46649932861328,68.39302062988281,215.86264038085938,175.76673889160156,77.50739145167047,124.25,69.29321213831301,219.45570680460858,178.60956095328046,76.16661494407546,121.44850158691406,68.36117519922374,211.83163552739043,175.63273445054617,76.65815106303477,121.49150085449219,68.9443854610412,212.26957395711014,177.1067833021555,101729600,86410000,31586000,31843200,26799100
2020-05-20,77.68012237548828,124.89700317382812,70.12274169921875,228.8912353515625,178.20474243164062,77.7506844400657,125.00050354003906,70.26556016251162,230.2548039610948,178.38711523926915,77.0206767368224,123.3635025024414,69.04091594784161,222.14304085646398,176.5538086361456,77.05961137211806,123.89350128173828,69.12749997341068,222.45158424806226,177.38886870679679,111504800,79962000,38262000,50162900,31261300
2020-05-21,77.10100555419922,122.33699798583984,70.00282287597656,230.3045654296875,176.0642852783203,78.08408497746194,126.27249908447266,70.48600931605345,236.0873087047166,179.17418700775042,76.86253362412333,122.12699890136719,69.38775960567644,230.11545427616284,175.92990762220046,77.54144307709652,125.0,70.21381213676726,233.6189464600002,177.95518028333498,102688800,102288000,30894000,47782600,29119500
2020-05-22,77.59739685058594,121.84400177001953,70.3257827758789,233.8080596923828,176.1410675048828,77.68013017413679,123.49250030517578,70.51288417543044,234.8829953215454,177.05293154116515,76.73598559499173,121.50650024414062,69.46539424513811,227.66700448955004,175.21001712283223,76.83818252513326,122.75050354003906,69.86100197282914,230.42399970712026,175.83392486587098,81803200,57342000,28544000,33925600,20826900
2020-05-26,77.0718002319336,121.09300231933594,70.7303466796875,231.11077880859375,174.27894592285156,78.89924821688763,123.0999984741211,71.91170290141652,239.7699652718426,179.0109715453891,77.01583028852903,120.7030029296875,70.6323198462769,230.58326618042517,173.82781790598514,78.71918198527375,122.9000015258789,71.75495108507815,238.64527627319504,178.85739293410217,125522000,71364000,44590000,33178300,36073600
2020-05-27,77.4075927734375,120.51950073242188,70.67610168457031,228.0651397705078,174.5093536376953,77.55359582351838,120.67900085449219,70.92839736595668,229.4784769518686,174.6821332908131,76.1860490206754,116.5,69.39821460494831,220.09271888533493,169.508571208277,76.92822809774341,120.24949645996094,70.66216836000463,227.99547602682463,172.9640031638953,112945200,101138000,31684000,34697600,39517100
2020-05-28,77.44166564941406,120.05500030517578,70.5745849609375,224.4023895263672,174.1157684326172,78.70457981685169,121.84850311279297,71.87934390822512,230.54344466366163,176.7553405346038,76.80412665218442,118.9114990234375,69.6211431898544,222.9492316023007,173.13673768904587,77.08152577208277,119.21649932861328,69.66692194094234,223.24782736063887,173.48228225914846,133560800,63804000,35170000,29377200,33810200
2020-05-29,77.36622619628906,122.11849975585938,71.33494567871094,224.03411865234375,175.89151000976562,78.14733245248436,122.11849975585938,71.4946815443302,226.42286957245176,176.87055553063638,77.00852208206489,119.91000366210938,70.46211981224069,221.83449407585033,173.16555506136842,77.6849956705814,120.7969970703125,70.68355713928611,224.14360325935553,175.39238675358726,153532400,70198000,37044000,23241500,42130400
2020-06-01,78.31768798828125,123.552001953125,71.4021224975586,230.8221435546875,175.48837280273438,78.43935598036309,123.84649658203125,71.73602869916792,231.34965617763115,175.65154461123888,77.18860545726987,122.20850372314453,70.77561651245831,222.45159014199734,174.17339051615602,77.32000896800524,122.4000015258789,70.94580806681581,223.53647344675224,175.21000969417707,80791200,58578000,25162000,18223800,22622400
2020-06-02,78.68023681640625,123.62049865722656,71.77235412597656,231.62832641601562,177.48483276367188,78.70457189402366,123.67649841308594,71.80669008607417,231.90701173875053,177.57121524522245,77.60712449987925,122.2655029296875,70.74227532304845,225.4972189414253,174.0677890190799,78.04999766403765,123.3499984741211,71.4085918879412,229.85667749839604,176.85133194017425,87642800,50598000,23442000,20919000,30794600
2020-06-03,79.1133804321289,123.91999816894531,71.62007904052734,229.08035278320312,177.91677856445312,79.37618740858451,124.4000015258789,72.10575593499136,231.55866279468,178.47349013654497,78.42717129207927,123.05850219726562,71.24039410656898,227.45799404297122,176.20825651213138,79.00144797787304,123.40049743652344,71.7917588332799,231.0212025473754,177.3984689744724,104491200,53420000,27732000,15380300,27311000
2020-06-04,78.43203735351562,123.02999877929688,70.37852478027344,225.22848510742188,175.57473754882812,79.23504293791275,125.37699890136719,71.72310206654205,230.54344713870998,178.3774814657733,78.05729794865285,122.50050354003906,69.96599963959787,223.55637314231467,174.97963870194747,78.9357445019579,123.87149810791016,71.497177182306,228.48315005254787,176.8993275200795,87560400,58974000,26982000,17041500,28761800
2020-06-05,80.66585540771484,124.1500015258789,71.65840911865234,229.68748474121094,179.68287658691406,80.72668938615203,124.43250274658203,71.97091804138051,230.2647658403739,180.19159296941456,78.65347007438078,121.85649871826172,70.04611456061043,224.25309038509863,174.70128159029224,78.68266919586698,122.22550201416016,70.44520752119047,225.64653223428178,175.2867872856692,137250400,66128000,42642000,16750400,39893600
2020-06-08,81.14280700683594,126.2030029296875,72.0574951171875,230.3145294189453,180.7963104248047,81.17687760567065,126.5,72.10526325973755,230.46383490259535,180.97868322299243,79.64872807646304,124.36699676513672,70.88509891401527,226.34325566157713,177.03372174610007,80.36170065582685,125.01000213623047,70.9746746217983,227.95565161195444,178.4734884946584,95654400,79414000,33878000,15466500,33211600
2020-06-09,83.70513153076172,130.04299926757812,72.25852966308594,237.55039978027344,182.17849731445312,84.09933458379527,131.32150268554688,73.04079279119881,238.64524576701496,183.04235154531418,80.7899715861673,126.25,71.77484210279437,229.32915281863063,179.7404839717792,80.82160644800746,126.47200012207031,71.91816171630913,230.43394642808425,180.45077420666559,147712400,103520000,33624000,27462900,29783900
2020-06-10,85.85865783691406,132.37249755859375,72.88652801513672,235.6195068359375,188.93577575683594,86.32829444981938,136.11749267578125,73.28810385800969,240.07850230870858,190.54832202944823,84.21614013366542,131.31300354003906,72.37198974644225,234.17631175282833,183.3398809229258,84.65657762001017,132.25,72.72778683921254,239.82967504654457,183.45507221486773,166651600,98920000,31762000,20720700,43872300
2020-06-11,81.73652648925781,127.89800262451172,69.76148223876953,223.37721252441406,178.7902374267578,85.4254995866706,133.56900024414062,72.2346589692547,231.79753413629194,187.89915227221888,81.63432957087501,126.8115005493164,69.5878130130695,222.50135084959444,178.59827145778436,84.99966176602365,130.1750030517578,71.70867022307195,228.8613753484341,185.3747712203923,201662400,116002000,47144000,26708200,52854700
2020-06-12,82.44221496582031,127.2509994506836,70.30985260009766,227.50775146484375,180.20120239257812,84.63223846471662,131.07400512695312,71.38421437179544,230.57330525554136,184.02137920431247,81.32773960827684,125.1675033569336,68.96030198853704,223.44688859355128,177.74398829683446,83.88276702365586,130.0605010986328,70.95376958003494,228.82155155387912,182.88875513687523,200146000,108722000,36676000,22091400,43373600
2020-06-15,83.46179962158203,128.63400268554688,70.69898986816406,231.4093780517578,181.35299682617188,84.11637395651466,129.1999969482422,70.91097380700297,232.67342492837398,183.15750892070102,80.9286713541559,125.4000015258789,69.02996753030666,223.74550061178724,176.62095648660215,81.0917097169114,126.33000183105469,69.14392465309821,224.0341335837579,177.16807480524406,138808800,77302000,30468000,15340300,32770200
2020-06-16,85.67371368408203,130.7635040283203,71.9793701171875,234.54457092285156,185.79708862304688,85.94625617218522,131.0,72.51182051857924,237.34140210303943,187.7263706057299,83.88276474697345,128.8000030517578,71.10952825884952,231.90700802237413,183.77181634137804,85.52284659086101,131.0,72.10526358516627,236.0275868707339,185.14438681128263,165428800,71712000,30648000,15236700,42556700
2020-06-17,85.55449676513672,132.0489959716797,72.28142547607422,234.4251708984375,186.4402313232422,86.48160625971012,132.75,72.76212896872691,236.475505387575,188.43670996599147,85.43282877449953,131.59100341796875,71.415068821233,230.64299296169983,185.91231383303278,86.42077226439153,132.375,72.30133456430534,233.89765824588127,187.19850215749418,114406400,59186000,30610000,19578100,25687800
2020-06-18,85.58856964111328,132.69900512695312,71.36481475830078,234.83323669433594,188.43670654296875,86.00710783706685,132.98199462890625,72.30282748663723,235.03229548131026,188.5998783740572,84.9777939355582,131.8054962158203,70.9726846629474,231.06100661680077,186.20985995056128,85.51070034279051,132.35049438476562,72.14757151661824,233.887696065799,186.20985995056128,96820400,49756000,34862000,15782500,23061600
2020-06-19,85.09944152832031,133.75050354003906,70.89306640625,237.66986083984375,187.31362915039062,86.76385839432308,134.8715057373047,71.88133775111594,239.70029997303934,191.28738438794804,83.98739454869698,132.9499969482422,70.61240293282405,234.44506897344573,186.5649516886815,86.2966575684398,133.9040069580078,71.65740986390969,236.6745517082963,190.6154962359095,264476000,115540000,52784000,30081300,44441100
2020-06-22,87.32596588134766,135.6909942626953,72.1878662109375,238.09783935546875,192.51600646972656,87.4695331919999,135.75,72.20230067860511,239.57089254159123,192.698364610736,85.44741216447049,133.4499969482422,70.62185934811,235.79867781040153,187.39042602622092,85.49364658624263,134.22500610351562,70.91147505867174,237.44093171767489,187.9279365695545,135445200,64176000,29442000,18917800,32818900
2020-06-23,89.18992614746094,138.2205047607422,72.85070037841797,241.10366821289062,193.80218505859375,90.61344295119446,139.15550231933594,73.40903563217812,244.03982685435867,195.76026117759088,88.1533126161021,135.90199279785156,71.90621842213413,238.73482782898103,193.34144920442478,88.57428648623221,136.30099487304688,72.25455152562985,240.14816484856743,193.97495001935977,212155600,84634000,37752000,24017900,30917400
2020-06-24,87.61555480957031,136.72000122070312,71.29414367675781,232.92222595214844,189.8956298828125,89.7398806476171,139.8000030517578,73.43838725263467,242.07906608895428,195.08839207499327,87.24081531062652,136.0500030517578,71.15978391672346,231.58850029535827,188.66703011055674,88.81763517839552,139.0,72.8158676184772,240.06853757436343,193.50465452912027,192623200,90532000,31592000,20834900,36740600
2020-06-25,88.77870178222656,137.72900390625,71.71214294433594,234.57443237304688,192.29525756835938,88.81763643178542,137.81149291992188,71.77284971319233,236.18684338031437,192.55441970306296,87.00965180666661,135.60699462890625,70.63926944685834,231.64823648888802,187.6208192009114,87.77129464423196,136.9774932861328,71.22049025097112,233.5194071975921,189.8572588057207,137522400,59374000,23958000,18704300,27803900
2020-06-26,86.05089569091797,134.64349365234375,67.80284118652344,215.06637573242188,188.4462890625,88.8954936232834,139.1284942626953,71.5091209058233,231.99657676358387,191.863333440495,85.90245689556569,134.39999389648438,67.42763609824557,214.38955769873974,187.054517343966,88.67405701121628,138.7530059814453,71.29066762558381,231.54869074021755,191.70975479189462,205256800,130016000,97640000,76343900,54675800
2020-06-29,88.03408813476562,134.0189971923828,69.5261001586914,219.60499572753906,190.4715576171875,88.12899272885664,134.83999633789062,69.56740658298106,219.7144803342881,190.55794011288884,85.47906041478672,131.50399780273438,67.2609287443365,206.1384650334654,185.77791828522643,85.95843257929042,134.50050354003906,67.69336296671155,208.76608040823072,187.91836756197677,130646000,84468000,45074000,58514300,26701600
2020-06-30,88.7689437866211,137.9409942626953,70.56513214111328,226.00485229492188,195.33795166015625,89.05608582615886,138.48150634765625,70.86121720110151,226.43282793258098,196.19221269128647,87.60093429970102,133.75149536132812,69.0165360541645,217.44518766961858,189.7996593627015,87.62039790653964,134.2534942626953,69.51167404146442,219.55523817330223,189.93403700874228,140223200,75394000,40286000,33927100,34310300
2020-07-01,88.60105895996094,143.93499755859375,71.75694274902344,236.4356689453125,196.48019409179688,89.3919008846663,144.75,72.07940624191117,237.87886403696487,198.06394652909339,88.55239622020926,137.6999969482422,70.37256235703924,226.49252602298233,193.66785633797363,88.84683067288958,137.89950561523438,70.62087929232952,227.42811896421117,194.98283880276514,110737200,127268000,42182000,43399700,32061200
2020-07-02,88.60105895996094,144.51499938964844,73.14678192138672,232.32504272460938,197.9775390625,90.14867963414797,147.7779998779297,74.07186348298605,238.87417826792023,199.6668749075703,88.4866981798334,143.55499267578125,72.20826818037254,231.51884480290894,196.76814015656055,89.51114056301097,145.60049438476562,72.24659051474603,237.8788691918039,197.42082744501693,114041600,131868000,57218000,30633600,29315800
2020-07-06,90.97114562988281,152.8520050048828,74.62571716308594,239.1528778076172,202.23924255371094,91.44078222719904,152.99400329589844,75.14075662187608,239.27231004394164,202.65198332371176,90.00266588363523,146.5,73.49761142237459,231.18045710150358,199.73404770725878,90.03430074503379,146.74850463867188,74.05345615982517,232.66345799323958,200.4443379426205,118655600,137612000,44712000,26206200,31897600
2020-07-07,90.68888092041016,150.00599670410156,74.14153289794922,239.7301483154297,199.88760375976562,92.1318614031436,153.4774932861328,75.70406216918913,246.4882903623472,206.0498032802101,90.57694845637647,149.5,74.13058365914364,237.69972445174196,199.63804947903506,91.35075503882443,152.92750549316406,74.45055656016098,238.2869531706229,201.99925858935953,112424400,105150000,42364000,27887800,33600700
2020-07-08,92.80106353759766,154.0554962158203,74.82228088378906,242.43739318847656,204.28372192382812,92.83269841067249,154.19850158691406,75.19898179852746,245.83140087543913,204.6964480594897,91.58194761202284,150.6215057373047,74.25996682154751,235.48017708946685,200.3099659833893,91.6695524471552,151.1304931640625,74.68294763540767,236.9930511788035,201.63455617889085,117092000,100752000,31766000,29791300,33600000
2020-07-09,93.20010375976562,159.13150024414062,75.57170104980469,243.35308837890625,205.71388244628906,93.75003795219516,159.69400024414062,76.0932098651604,245.37356474842485,207.69115979383565,92.14889068283713,153.6999969482422,74.42369372179377,238.11776769140272,202.97831973392456,93.6965037466287,155.79949951171875,75.13727741838821,243.8507429563682,207.64316463911499,125642800,127774000,41836000,22174900,33121700
2020-07-10,93.36314392089844,160.0,76.58435821533203,243.92042541503906,205.08998107910156,93.42154960385396,160.75,76.70030474090636,244.33845344368783,205.48352085550894,92.18053466189855,156.78500366210938,74.67897031172721,238.19739769145085,202.60398723586235,92.79373863774762,159.58799743652344,75.30248471212418,242.54689390146984,205.04198592289438,90257200,109720000,35918000,22982700,26177600
2020-07-13,92.93244171142578,155.1999969482422,75.2517318725586,237.87887573242188,198.7550048828125,97.29058984952216,167.21449279785156,78.44297203416643,248.97656616137195,207.13444315045686,92.7183048684692,153.41949462890625,74.96958014308842,237.30159462993635,198.20788649530527,94.67229242141129,162.55299377441406,77.12825841563946,245.85129618392398,205.8674413979546,191649200,154408000,42954000,24674900,38135600
2020-07-14,94.47032165527344,154.1999969482422,75.68116760253906,238.60545349121094,199.98362731933594,94.66255171537146,156.36900329589844,75.77770617369718,239.20264504411762,200.4635496170583,91.37508797222462,147.5,73.94297977071558,230.94157622737293,193.91740244601345,92.31192546978035,154.4499969482422,74.28434999897787,235.64938416002582,197.85277114576334,170989200,144638000,38108000,23378100,37591800
2020-07-15,95.12001037597656,150.44349670410156,75.48311614990234,239.1528778076172,199.68603515625,96.60192524907634,154.91749572753906,76.45098479184617,243.67158978658026,202.84393163369342,93.91793032782914,148.65899658203125,74.53514900176111,236.93334268838524,196.79690860217687,96.35128954658538,154.01150512695312,75.79910266825213,240.41692466182906,201.14500283738633,153198000,115778000,31026000,19133600,32179400
2020-07-16,93.9495620727539,149.9949951171875,75.38558959960938,239.7998046875,195.73147583007812,94.80853755147119,151.60000610351562,75.43485358407806,240.62591303028745,197.43999775620557,93.34852206859607,145.9114990234375,74.05942561326644,235.2213921209329,194.1861257007085,93.98849671008664,148.55299377441406,74.71777710977885,236.88355642971814,197.15204149590082,110577600,127884000,26484000,18880700,29940700
2020-07-17,93.75977325439453,148.09849548339844,75.48162841796875,240.89466857910156,194.7332305908203,94.55791486444917,151.1999969482422,75.80906535403365,243.01468189523962,196.806483300274,93.2852651867788,147.42250061035156,74.5485891882386,236.74423131120093,193.30305720606756,94.40218371971898,150.4499969482422,75.48461250339587,239.86950138566678,196.25937962499378,92186800,95226000,34264000,18152400,31635300
2020-07-20,95.73566436767578,159.8419952392578,77.8199462890625,244.2687530517578,203.1031036376953,95.87436764626261,160.0679931640625,78.07721543774436,244.89580263324785,203.77499186370676,93.50184205095535,149.7010040283203,74.77749296936797,234.53463144597885,194.85802818757483,93.8473823794661,150.00999450683594,75.38956453557115,238.9338957654093,196.76812403001048,90318000,151964000,30166000,20872200,36884800
2020-07-21,94.41434478759766,156.9145050048828,77.42582702636719,240.61595153808594,200.36753845214844,96.60436824916565,162.0290069580078,78.97492413472274,245.75174963983756,205.3491337275746,94.16370906625916,155.28599548339844,77.26161122175375,238.95378732510707,199.67644924364626,96.52893470179353,161.62449645996094,78.87440678042151,245.06498399763458,205.0803784404976,103433200,122426000,27486000,19364200,37990400
2020-07-22,94.6795883178711,154.99549865722656,77.87020874023438,238.74478149414062,203.24713134765625,95.36336177523553,157.5,77.97620071888103,240.76525768900538,203.7750489037471,94.02744972364847,153.26300048828125,76.79435105254424,237.00299062358746,200.02205231398293,94.11504710524962,156.25,77.41538249759988,239.1329514235183,200.79952423928532,89001600,82084000,24482000,15427900,49605700
2020-07-23,90.37010192871094,149.32749938964844,75.47664642333984,231.50892639160156,194.40687561035156,94.48977758073065,154.9134979248047,78.14389457073787,241.28285485499947,202.45037625649584,89.55736078613936,148.5,75.0705830583031,230.66290749526658,194.03253688543424,94.41190829825081,154.9134979248047,77.92394547961592,238.5059488646147,198.87016079551077,197004400,113138000,33910000,21771800,67457000
2020-07-24,90.14623260498047,150.44549560546875,75.05168914794922,229.62777709960938,193.21669006347656,90.4917729162458,151.57899475097656,75.41097153590187,232.39473527850313,194.71404505706334,86.76872848149942,144.39999389648438,74.02559650691151,225.83563653996,189.57887140843255,88.56212064394785,146.5,74.6028386333552,229.11021209725732,192.37202226358085,185438800,112648000,29902000,18325800,39827000
2020-07-27,92.28273010253906,152.760498046875,76.10762786865234,232.4046630859375,195.66432189941406,92.37519895851747,154.89999389648438,76.51219541111449,233.84785817044227,195.7794985613358,90.98818839691468,150.7884979248047,75.2567004045739,229.74718974592122,192.79438135598141,91.21205332883926,153.10000610351562,75.30298030118446,230.37423930708837,193.3798871308601,121214000,83410000,27124000,13163100,30160900
2020-07-28,90.7667465209961,150.01649475097656,74.82476806640625,229.04052734375,193.90780639648438,92.02966071554671,153.85450744628906,75.93744461336621,233.8578349744444,196.48018284400942,90.7618750492638,149.78799438476562,74.6690109658058,228.75189438446205,193.6390510854315,91.85202279586937,152.7135009765625,75.88718593599701,233.5293811459508,195.43395576554883,103625600,62534000,30910000,14170100,23251400
2020-07-29,92.50658416748047,151.67649841308594,75.81304168701172,232.19564819335938,195.86587524414062,92.6915218428662,151.95799255371094,76.30170274438422,232.60372856039154,196.43218000986818,91.21447102735182,149.8385009765625,74.79291731015581,229.2296313924557,193.89819100034165,91.25096993011928,151.54949951171875,74.89194642181988,230.05573974990693,194.3685200993384,90329200,59482000,22676000,13588300,19632600
2020-07-30,93.6259536743164,152.593994140625,76.5525131225586,233.3999786376953,195.7122802734375,93.73058636306052,154.60000610351562,76.67791304910183,233.7881485703719,196.24980547575794,91.2680274432724,150.25,74.40278707937269,227.92577871229093,191.55616663450482,91.67683010582483,150.6999969482422,74.5421203310874,229.14005700163025,192.92873718736882,158130000,122566000,36042000,20615300,25079600
2020-07-31,103.42749786376953,158.23399353027344,74.04350280761719,252.4800567626953,196.77772521972656,103.57836494067831,162.34100341796875,74.89294207022046,254.6498384910685,196.86412235992762,98.13737010008327,157.5500030517578,72.35407768262465,247.83196510310646,191.01865794030672,100.14246305977338,162.1999969482422,74.49633966059952,254.61998043314145,196.19221946047625,374336800,161710000,91468000,53005100,51044000
2020-08-03,106.03364562988281,155.59449768066406,73.78524017333984,250.778076171875,207.84474182128906,108.66167105374215,159.1999969482422,74.53017571563687,254.20192656370455,208.90057673251002,105.01650308916155,155.1999969482422,73.23586473268551,249.1557175523712,201.98969858888674,105.31580157029778,159.02549743652344,74.1952823635518,251.4648266625451,203.02633250734016,308151200,101494000,45482000,23124900,78983000
2020-08-04,106.74174499511719,156.94149780273438,73.31449127197266,248.65806579589844,204.7252655029297,107.83675673192468,158.36199951171875,74.3002797145422,251.61413493706954,206.14584617553913,105.49829447245462,155.0605010986328,72.85319570585015,246.269314925031,201.86493245533285,106.22343825153119,155.0605010986328,73.98180262852239,250.3799462277608,205.56993350869016,173071600,93886000,37212000,17183500,49280100
2020-08-05,107.1286392211914,160.25149536132812,73.60260772705078,247.951416015625,204.38931274414062,107.44984441915975,160.67950439453125,74.14551382781045,251.0866490190811,206.36659028912158,105.99469293819868,156.36500549316406,73.21097880454894,246.60775774604042,203.07433032066746,106.4619011739729,157.18850708007812,73.4896528857235,249.016404119299,206.27059997009545,121776800,78330000,29134000,13050100,28806400
2020-08-06,110.86627960205078,161.25,74.88945007324219,264.03558349609375,207.6623992919922,111.36268697898166,162.37350463867188,74.9551379108816,265.3493987315921,207.68158564013862,106.87070778644717,158.27149963378906,73.24481674977106,247.50349957267164,203.05514196721083,107.4620123146309,159.71800231933594,73.45630713721422,247.87175906116246,203.81341280887844,202428800,78812000,33306000,45241600,32656800
2020-08-07,108.3456802368164,158.3730010986328,74.56202697753906,267.1807556152344,203.94776916503906,110.84437118501253,162.04049682617188,75.64285813461413,277.5817470184157,207.03846983746,107.54609943097022,157.0334930419922,73.95990233635366,262.1942477078983,202.46000715938482,110.38607350859807,161.20050048828125,75.09298915592936,262.84119249566663,206.22261074447047,198045600,78722000,27718000,72766400,27820400
2020-08-10,109.92044067382812,157.4080047607422,74.4848861694336,261.76629638671875,199.88760375976562,110.94185716723757,158.62550354003906,74.99892327445139,272.5753387604546,203.371843748537,107.26085805079369,155.0760040283203,73.5229781582979,258.4718256568246,198.06390519013084,109.79611320774808,158.5155029296875,74.18531593243594,266.7826628147097,203.1702699727465,212403600,63346000,20546000,30248800,36716500
2020-08-11,106.65142059326172,154.0334930419922,73.67477416992188,254.92852783203125,195.21316528320312,109.68153802602951,157.96099853515625,75.16266357651878,264.672612547767,199.31169046301954,106.390579904866,153.64999389648438,73.55783294038726,253.93321871958005,194.98279734692096,109.18180291672903,155.66000366210938,74.34456852083929,258.9694803986292,198.84137606478103,187902400,74362000,31098000,28238300,36446500
2020-08-12,110.19591522216797,158.11199951171875,75.00341033935547,258.6708984375,200.7898712158203,110.45431580374148,158.71949768066406,75.22386058442733,262.66206730257227,201.83609819491352,107.5509582932633,155.0709991455078,73.8967019688904,256.89921906732263,196.52815933665153,107.74597507351805,155.39999389648438,74.00220039154834,257.7552006941737,197.04646891700722,165598000,70442000,22512000,21415700,28013100
2020-08-13,112.14611053466797,158.05099487304688,75.47167205810547,260.0742492675781,200.31954956054688,113.15290119524892,160.87600708007812,76.48284418729223,263.91615809354823,202.86314634098838,111.09056196029391,157.75,75.05168292534601,258.35238400666503,199.79163214226165,111.58055146808589,159.14950561523438,75.05168292534601,260.3230765364428,201.02983978206382,210082000,62980000,22388000,17374000,22588900
2020-08-14,112.04615783691406,157.4010009765625,74.87354278564453,260.0145263671875,200.51150512695312,112.13635327859295,158.91200256347656,75.62793939616182,261.4179157718895,201.1738001585949,110.23003348739779,156.0,74.59338041774163,257.46653763046413,199.17732189149518,111.97058828094455,158.90899658203125,75.32040392648128,261.0795143399958,200.3771274861899,165565200,55034000,21942000,14792700,17958900
2020-08-17,111.75362396240234,159.12049865722656,75.4512710571289,259.9349365234375,201.8361053466797,113.19677333095444,159.74850463867188,75.82648373152185,262.86114780108176,202.7095673786257,111.12468856587184,157.70899963378906,74.891948664715,258.183182731535,200.53071620812176,113.17239437524739,158.656005859375,75.43783887619192,261.268647115209,201.18341810043327,119561600,53824000,19990000,13351100,20184800
2020-08-18,112.68485260009766,165.62449645996094,77.41886138916016,261.1094055175781,202.9975128173828,113.11145831572809,166.0,77.4979814068608,263.90622187144146,203.83257282194666,111.1685737018232,160.29100036621094,75.72147884435643,258.04386662105935,200.8090685911667,111.50498397074077,160.60000610351562,75.9429161837234,259.72594155800675,202.07605567926134,105633600,106920000,28378000,18690400,21336200
2020-08-19,112.82624053955078,163.0240020751953,76.86302185058594,261.35821533203125,201.7659454345703,114.24501107161466,165.7949981689453,78.06975406339483,266.65326708267753,204.07514964683784,112.73117227554131,162.8000030517578,76.63361934240044,260.1240417564759,201.3329742327292,113.09439419603572,165.15049743652344,77.25514432932671,260.1638626256813,203.48822856121845,145538000,83702000,30472000,23291500,27627600
2020-08-20,115.32980346679688,164.86849975585938,78.43749237060547,267.74810791015625,206.46131896972656,115.4443778648386,165.63099670410156,78.63255890802547,268.36519468579377,206.86542641303618,112.85061167913358,161.89999389648438,76.357934257102,260.2335060591054,201.0058464628428,112.86767769232154,162.60000610351562,76.6321208147601,260.2733269275274,201.61200028707256,126907200,66650000,26382000,20299700,26981500
2020-08-21,121.27302551269531,164.23599243164062,78.4036636352539,265.75750732421875,204.96035766601562,121.75813472539492,165.72000122070312,79.21528172540805,269.22116374565314,208.06814597837223,116.28051759278713,163.76950073242188,77.74381628283706,265.17027856741726,204.79679140552005,116.29270335052242,164.75,78.21605349977197,267.4296194155612,205.7685726054539,338054800,71518000,34838000,15538600,36249300
2020-08-24,122.72348022460938,165.3730010986328,78.88037872314453,270.116943359375,205.60494995117188,125.57808696417352,169.01600646972656,80.05626022081937,275.94943993573304,207.3657128815187,120.85129254611644,162.8780059814453,78.37728319040286,267.50920807883097,204.39261319306664,125.49275690245359,165.50750732421875,79.2446345587043,269.7984371667925,206.66332217258062,345937600,93326000,25638000,23685600,25460100
2020-08-25,121.71672058105469,167.32449340820312,79.91045379638672,279.5027160644531,208.27981567382812,122.06288397346509,167.8699951171875,80.06122982776336,281.7620568457716,208.41451815872668,119.98835862576146,163.35000610351562,78.51860203471604,268.9922541234232,205.03732499211057,121.59240052667008,164.74949645996094,78.62907393281236,271.1321626695247,205.03732499211057,211495600,79856000,25150000,42127200,23043700
2020-08-26,123.37193298339844,172.09249877929688,81.81533813476562,302.48443603515625,212.78273010253906,123.83023059467142,172.58700561523438,82.2462840692637,303.2408807805286,213.68716732300356,121.96778837684518,167.22850036621094,79.66811043713714,282.6678253391592,209.13613213396252,123.03796284565955,167.5554962158203,79.93284358851191,282.6678253391592,209.63646191833058,163022400,130174000,52188000,69015200,39600800
2020-08-27,121.89710998535156,170.0,81.03855895996094,291.84454345703125,218.00730895996094,124.31047816436129,172.64999389648438,82.00742232920561,299.81697928474836,222.40439459903496,120.74892572684594,168.89999389648438,80.55536494935534,290.650160354767,211.09895784566456,123.9765079967238,172.50250244140625,81.93875040400734,298.75199122891223,214.45691838795236,155552400,85296000,31350000,30301300,57602200
2020-08-28,121.69963836669922,170.08999633789062,81.58145904541016,292.2825012207031,220.2491455078125,123.2939194462389,171.6685028076172,81.67700292551035,295.8357623290817,221.91368648298578,121.47536238371781,169.3249969482422,80.89375267803553,289.61507987369595,218.00729978629948,122.8746266915099,171.14999389648438,81.08583513332398,293.6162118942067,219.54675464075623,187630000,57940000,22418000,17157400,26292900
2020-08-31,125.82671356201172,172.54800415039062,81.08882141113281,291.8246765136719,216.99705505371094,127.7379133155527,174.75,81.8337569351286,295.4874071667124,220.0471161139247,122.86242044091328,170.25,80.87982154060386,290.18239199516563,215.82321266694456,124.40307797475816,170.44949340820312,81.78747703645925,292.5711584313831,218.4114386724955,225702700,83718000,26422000,17345100,28774200
2020-09-01,130.83871459960938,174.95599365234375,82.36023712158203,294.05413818359375,218.67117309570312,131.44328581036513,175.69349670410156,82.56625290159603,300.07574640110494,218.84435569271022,127.2796108898159,173.35000610351562,81.08881937616468,291.33693326488725,215.9386142195796,129.45407646203302,174.47900390625,81.21969391487622,293.3275515681206,216.97775384602633,151948100,68644000,22652000,17295900,25725500
2020-09-02,128.1279754638672,176.57249450683594,85.4609146118164,301.0810241699219,222.88546752929688,134.54412730802744,177.6125030517578,85.89434350737906,302.17587033269757,224.04969338399036,123.837546725689,174.33450317382812,82.61452246781315,291.67534035600045,218.74817068121502,134.16383937386541,177.35000610351562,83.00366085589854,297.478009831499,219.34470815240513,200119000,78630000,49522000,24341400,34080800
2020-09-03,117.86994171142578,168.39999389648438,81.08782196044922,289.7543640136719,209.07839965820312,125.63172736189051,174.42050170898438,84.59554953635386,296.20397755323415,220.63399282952477,117.49940684107021,165.14999389648438,80.00300449445753,282.2995089943307,206.8269377039403,123.74979379664647,174.25,84.57166166881079,294.6015141977818,220.59551270000665,257599600,163222000,63726000,32294100,58400300
2020-09-04,117.94792938232422,164.7310028076172,78.68431854248047,281.40374755859375,206.14382934570312,120.61969754526804,169.0749969482422,81.36051923220332,287.64432456505733,210.09832766276753,108.12868647661209,155.55650329589844,76.53260313427657,269.86811894847597,197.42661772100655,117.0800921968489,165.89999389648438,80.06720294777561,285.9025336723623,206.96167538139008,332607200,175636000,55850000,30333700,59664100
2020-09-08,110.01065063476562,157.49200439453125,75.8175277709961,269.8880310058594,194.9923095703125,116.02700868136228,162.54249572753906,77.40742274788263,277.98983163953284,202.08345900016425,109.87413739256252,156.5,75.46421355774739,268.1562028159245,194.54970733043314,111.11250964380896,157.1999969482422,75.88719439983616,270.00746324317566,198.68701864529726,231366600,121884000,54032000,24864000,52924300
2020-09-09,114.39857482910156,163.4304962158203,76.99340057373047,272.4360046386719,203.29580688476562,116.17325409792939,165.15899658203125,77.56516041610428,277.1736856148688,206.71149507532343,112.38987396422294,159.25,75.89564445564935,270.07712696126345,198.87947369928466,114.34007128994196,160.14950561523438,77.07649937472567,274.47637611822677,199.74543088248743,176940500,103774000,39242000,22918800,45679000
2020-09-10,110.6639404296875,158.7554931640625,75.9394302368164,266.8323974609375,197.5997772216797,117.49938384688613,167.4945068359375,78.30860397286067,277.8504758472288,206.61527124163763,109.69859487779826,158.52749633789062,75.63837173852811,265.77737230622853,196.38745487775964,117.36287063508007,165.36099243164062,77.14019418699958,274.21760391832174,205.32595927166227,182274400,106614000,33024000,24814700,35461500
2020-09-11,109.21104431152344,155.81100463867188,75.42738342285156,265.359375,196.31048583984375,112.36061609492026,160.86700439453125,76.56892127073058,270.1169822030005,200.73644985714606,107.2608470916748,154.19900512695312,74.29579252540272,261.40802657934574,193.6260524684399,111.71704744145245,160.4344940185547,76.04393489459162,268.793203938526,199.36054653866395,180860300,101880000,30706000,18913900,33620100
2020-09-14,112.48739624023438,155.14849853515625,75.08252716064453,264.9014892578125,197.6382598876953,113.0432022491566,159.3695068359375,77.47956754747086,275.3423015188059,201.28485773932422,109.9911457355189,154.8000030517578,74.89741517443528,264.4536184240403,196.31046786776898,111.8633336140555,158.64700317382812,76.21809682607592,269.6789907723276,196.51252892007156,140150100,90592000,42660000,24093800,30375800
2020-09-15,112.66289520263672,157.80650329589844,76.39077758789062,271.14208984375,200.88076782226562,115.87097054819286,158.75100708007812,77.18050476355,273.23221443418504,201.8429326320979,110.78095457255097,155.4459991455078,75.7428817865187,268.0367002641373,199.10075705148796,115.38342123925263,156.80799865722656,76.03100168037477,269.40029910210745,200.5343879034672,184642000,80430000,23042000,18478500,21823900
2020-09-16,109.33781433105469,153.90499877929688,75.24475860595703,262.2838439941406,197.2918701171875,113.11144897058965,159.36199951171875,77.34869819515173,271.1620145612476,202.67998350393228,109.25005901915075,153.70750427246094,75.21987604229885,260.56197868488323,196.8973790757412,112.36062624645403,158.99949645996094,76.75702925240749,266.0361787536034,202.651119738116,154679000,90244000,22128000,29183400,26328100
2020-09-17,107.5924072265625,150.43649291992188,73.99821472167969,253.62466430664062,195.2328338623047,109.40609174489231,151.47149658203125,74.5764514754621,260.2733215991201,196.59910591197715,106.0029987247634,148.62750244140625,72.77506627110589,249.0163784562783,192.3944510635466,106.98785068006195,150.46249389648438,73.93700680508756,257.0684251812783,192.48104235902986,178011000,128982000,40008000,31281400,34011300
2020-09-18,104.17955017089844,147.74549865722656,72.20927429199219,251.34539794921875,192.80821228027344,108.11895013810333,151.88999938964844,74.40428561995024,257.98412280339227,195.9448643827786,103.4482260852904,145.27699279785156,71.24041080982535,248.87703571081616,188.824850417951,107.65090688938564,151.58700561523438,74.06092595393991,257.18785732363517,195.12703307520093,287104900,177852000,63056000,28130800,55225300
2020-09-21,107.3388671875,148.02349853515625,71.16676330566406,246.9859619140625,194.87686157226562,107.44612864015869,148.10000610351562,71.66039786094642,248.77752143903314,195.0404425158831,100.53267495607115,143.5500030517578,69.80029514123461,242.98483002670937,188.94993727507398,101.93681947130294,145.3249969482422,71.2404087126211,246.37882271913392,189.7292884517917,195713800,122358000,56908000,24709400,39839700
2020-09-22,109.02579498291016,156.44949340820312,72.6436996459961,253.5549774169922,199.57225036621094,110.0496517037046,156.69949340820312,72.85021659464078,254.12231085848308,200.22653016067193,106.44178910174857,150.00999450683594,71.1349140632164,247.0556106141753,194.434293103131,109.87413362126594,151.69200134277344,72.17096125693553,252.12172997239483,197.30154051744375,183055400,138976000,33950000,30293100,33517100
2020-09-23,104.45256042480469,149.9929962158203,70.13419342041016,247.85186767578125,193.0006103515625,109.31830015614226,156.35000610351562,72.30830088742725,256.7797760186525,200.22647652123064,104.1112699772773,149.61900329589844,69.80029475994638,246.98593846172835,192.4618004778043,108.84050394478017,156.02149963378906,72.25903690168364,254.06258652299604,200.03403183934446,150718700,113054000,37726000,19641300,30803800
2020-09-24,105.52517700195312,150.989501953125,70.80448150634766,248.35948181152344,195.5022735595703,107.50462606943356,153.46499633789062,71.5573821324961,251.056776190774,197.79223054604606,102.38535816136529,148.25,69.7739091004015,244.46781953382853,191.66323061426746,102.55112314626282,148.88949584960938,69.80028750186223,245.34369641338654,192.28864656073924,167743300,110588000,34552000,20006800,31202500
2020-09-25,109.48410034179688,154.75650024414062,71.61064147949219,253.62466430664062,199.9570770263672,109.64011973249772,155.07699584960938,71.95299885267112,254.5502944511471,201.13090446530555,104.9888939391714,149.9499969482422,70.04910673612386,245.4531701660315,194.87683385196127,105.7299711661724,152.7429962158203,70.91347406076004,248.230075786762,195.84862960494374,149981400,92304000,30326000,18351300,29437300
2020-09-28,112.09736633300781,158.70249938964844,72.58596801757812,255.6152801513672,201.51577758789062,112.44840252490124,158.7519989013672,73.29905809078035,258.38223812397297,204.52735780399723,109.97165047739273,155.85850524902344,71.96991766342995,253.6246620308041,200.18798560071832,112.14612425276515,157.4425048828125,73.2493005572153,258.1831641621479,202.9012971081629,137672400,84484000,30784000,18826300,32004900
2020-09-29,111.2490234375,157.24400329589844,72.95222473144531,260.5619812011719,199.4182891845703,112.43864521637902,159.41299438476562,73.24979803297072,262.09473536563075,202.12198484934422,110.741975312434,156.6269989013672,72.35407885679199,255.69490505880265,198.98531792173563,111.69757545200666,158.76950073242188,72.84722744607932,256.60063999657757,201.4292249562203,99382200,69916000,31816000,20200200,24221900
2020-09-30,112.92616271972656,157.43649291992188,72.93132019042969,260.6714782714844,202.3721160888672,114.34006010622556,160.6439971923828,73.95641806188155,264.8318635152906,203.95968207307456,110.79070191573624,156.69949340820312,72.4416644288499,258.8799338278093,198.72550342042436,110.95646688674974,157.0570068359375,72.69942714285969,260.7511200186499,199.87048183587524,142675200,97922000,40924000,20142500,33829100
2020-10-01,113.88179016113281,161.06300354003906,74.04100799560547,265.3792724609375,204.42153930664062,114.78863234602518,161.1999969482422,74.39780739351073,267.0712797207441,205.8936502720816,112.94569620243965,158.60000610351562,73.48864851059548,263.55783978269386,203.32467202491068,114.7106226562807,160.39999389648438,73.8300187453481,264.1052780170264,205.41256787340234,116120400,99438000,32884000,20009800,27158400
2020-10-02,110.20565032958984,156.25,72.4336929321289,258.72064208984375,198.38877868652344,112.49713819553232,159.7899932861328,73.59961978967594,263.9061938397875,203.00717304053887,109.4255758436502,156.14999389648438,72.02315723124129,257.96419747681665,197.76336270649114,110.07889017847046,157.68150329589844,72.63423408285196,259.9846736739717,200.13029476792047,144712000,112262000,31222000,16367600,33154800
2020-10-05,113.59900665283203,159.9600067138672,73.7887191772461,263.4085693359375,202.4202117919922,113.74527295614752,160.12649536132812,73.88177252003113,263.6275385712825,202.44907555811938,110.72246825841832,157.04249572753906,72.65712826562542,259.61644377679187,199.14884304338642,111.07350441061017,157.29200744628906,72.78451757055439,260.9700800610407,199.37976785387195,106243800,75506000,21602000,12822300,21331600
2020-10-06,110.3421859741211,154.9980010986328,72.2057876586914,257.4466552734375,198.119384765625,113.2284775868128,159.10000610351562,73.87281305634009,264.4436770266366,202.22781845655365,109.45484247754938,154.5,71.90671854148451,257.0286120869795,197.07062851280088,112.81893042871084,158.25,73.42396260503759,260.55201480338883,200.91928824262598,161498200,101738000,26096000,18696900,28554300
2020-10-07,112.21438598632812,159.7845001220703,72.60986328125,256.9092102050781,201.89105224609375,112.67268367102449,160.0,73.09902552050082,258.9595447619281,202.16045722958788,111.28803754465702,156.6195068359375,71.32052571219367,253.62470193909473,198.89871897520425,111.76584137391013,156.75,72.61832198688667,257.99409360656267,199.2258515006656,96849000,86188000,36108000,23133400,25681100
2020-10-08,112.10710144042969,159.52749633789062,73.8185806274414,262.5227355957031,202.6126708984375,113.50149291272723,161.6645050048828,74.04748199645591,263.3786868343501,203.19959202978103,111.73655916424462,158.74949645996094,72.9238561559873,257.93434489090373,200.4381836761741,113.35522661630749,161.24949645996094,72.9238561559873,258.53153642046505,202.54531231348605,83477200,63482000,26076000,16312800,19925800
2020-10-09,114.05730438232422,164.33250427246094,75.16314697265625,263.20947265625,207.64476013183594,114.0865561551348,164.44949340820312,75.23281359404584,263.50805320132787,207.69287130279915,112.05834892691767,159.89149475097656,73.99622536956137,260.9401693903995,203.23804407432561,112.40938507947115,160.5,74.28783048431298,263.2791212004884,203.23804407432561,100506900,98158000,32966000,14107800,26458000
2020-10-12,121.30230712890625,172.14649963378906,77.85726928710938,274.45648193359375,213.02328491210938,122.06288309615621,174.81199645996094,79.04309772139084,278.86569391831364,215.3902168251195,116.30979798060422,166.9774932861328,76.10116164428408,266.61344143402437,208.60695191939405,117.07037394785418,167.4969940185547,76.53409699657146,268.9325286264946,210.51203414893342,240226800,167284000,55344000,31019300,40461400
2020-10-13,118.08446502685547,172.18150329589844,77.98067474365234,274.8446350097656,214.42803955078125,122.26763983658118,174.61900329589844,78.88087376061287,277.7907410717165,216.6891326151677,116.67057472065251,171.21099853515625,77.56068564132751,272.10753532778324,212.0899715436211,122.15062530057422,173.39950561523438,78.4753115330063,276.27785198968326,214.29333707129456,262330500,114894000,39072000,18063300,28950800
2020-10-14,118.1722183227539,168.1855010986328,77.80004119873047,270.544921875,212.5037078857422,119.96639642799329,173.24400329589844,78.81568566560401,277.44240652125444,215.73658204233402,116.6413136031742,167.0,76.92721520969711,270.22641567899757,210.8391669742481,117.98694718210373,172.35000610351562,78.35539239500633,276.3177023990364,214.5627398694277,150712000,116254000,33174000,15577800,23421700
2020-10-15,117.70416259765625,166.9324951171875,77.40343475341797,265.4688415527344,211.34910583496094,118.18195887523946,167.79400634765625,78.1961459815944,267.77796593011686,212.02261820240022,115.20791231870913,164.0,76.6898511386174,262.433160979685,207.83719579947217,115.7637182773626,164.60049438476562,76.85754457892119,266.3447184113569,208.88596650177243,112559200,104468000,31210000,15416100,22733100
2020-10-16,116.05626678466797,163.635498046875,78.01203155517578,264.68255615234375,211.34910583496094,118.523273229094,169.98300170898438,78.51014601215543,270.0970403824918,213.87958906415912,115.85149691019734,158.0,77.51242125898598,264.05550652513386,211.02197335384307,118.25999236233595,168.1614990234375,77.71992528911265,266.12576657606246,211.82055715143417,115393800,129488000,34194000,16622700,26057900
2020-10-19,113.09196472167969,160.36050415039062,76.13350677490234,260.17376708984375,206.1149444580078,117.42139843534454,166.4499969482422,78.8196694818718,267.29022038040654,213.88923779727742,112.77993339601544,159.63699340820312,75.78368541921667,258.6609083413512,205.63386205841044,116.97285386966553,164.98049926757812,78.42157124529685,264.28439812867344,212.08036327672104,120639300,104472000,29734000,13587000,27625800
2020-10-20,114.58385467529297,160.85049438476562,77.18497467041016,266.3049011230469,206.52865600585938,116.01725100908146,163.3000030517578,78.31756019656119,268.4348771828247,209.1457452787201,112.75066428839048,159.60049438476562,75.663250798659,261.64686181166746,205.02768135731517,113.3064702709398,161.11399841308594,75.79313062853842,261.82601016031515,207.63515426808434,124423700,90194000,41670000,18763200,22753500
2020-10-21,113.95978546142578,159.2469940185547,78.92217254638672,277.4224853515625,206.67300415039062,115.75396346252074,161.69400024414062,80.37274164690493,281.72219709813197,208.71278884977784,113.55023836168668,158.0,77.98415993197221,275.0735403435625,205.05655963502218,113.7647612616899,160.625,78.11901324505759,278.24857844742814,205.05655963502218,89946000,91854000,60322000,28998600,22724900
2020-10-22,112.86767578125,158.82000732421875,79.95075988769531,276.81536865234375,206.75955200195312,115.1006527218332,159.9375,80.28714906559912,281.1250741680907,207.88528283140693,111.73655770574223,156.0970001220703,78.49870246258452,273.74982991577525,203.69024455375336,114.52534061393521,159.49349975585938,78.87291283355273,278.557159619,205.83586751853454,101988000,84240000,30512000,16720000,22351500
2020-10-23,112.17536163330078,160.22000122070312,81.260498046875,283.4541015625,208.0489044189453,113.64776283593191,160.26649475097656,81.31722603857406,283.90197245570727,208.09701559843646,111.43428449669388,157.0,80.21200591278787,275.52148641560984,205.0950659210141,113.49174346426179,159.5500030517578,80.36826415682147,277.4921790945712,206.8943095185114,82572600,69334000,30548000,17535200,18879600
2020-10-26,112.18510437011719,160.3520050048828,78.83757781982422,275.81011962890625,202.131591796875,113.647752367436,164.1490020751953,81.0912986260321,283.89205590007015,208.1547384232922,110.06913461337588,157.6649932861328,78.01600527143772,272.9735126899696,200.22650952026527,111.17100086591333,159.93699645996094,80.36577109765061,281.83175855278705,205.75895736252448,111850700,118024000,35826000,21322900,37111600
2020-10-27,113.69651794433594,164.31649780273438,79.56361389160156,281.9610900878906,205.18162536621094,114.35958542213467,164.58299255371094,79.7188698570278,283.17536826121864,206.54789749901863,111.68781680839272,160.56500244140625,78.47432400613587,275.0138224569588,202.37210616165964,112.61415768734956,161.2469940185547,79.0684835060431,277.4523416132517,203.5844284165956,92276800,85820000,25902000,16287200,36700300
2020-10-28,108.43097686767578,158.13900756835938,75.1805648803711,266.4143981933594,195.0115203857422,112.5556478095225,163.2010040283203,77.32082977436303,277.4822304436777,200.93845803691585,108.33346848159846,158.12350463867188,75.06511950680083,266.00631782044366,194.453477819391,112.18511296666344,162.46499633789062,77.13173899969712,277.4822304436777,199.81272718029626,143937800,111766000,45174000,23121800,51195600
2020-10-29,112.4483871459961,160.55050659179688,77.4736099243164,279.5126647949219,196.97438049316406,114.01829672297495,162.8625030517578,79.05902493913851,282.26969067440155,199.51449499676707,109.40607637880336,158.1999969482422,75.46670232352432,272.4957471970667,195.6754521309309,109.57184881965813,160.06350708007812,75.49008904960587,275.2527427021206,196.348979241108,146129200,131930000,55406000,32368100,31432600
2020-10-30,106.14925384521484,151.8074951171875,80.4209976196289,261.8757629394531,194.80947875976562,109.20131035012999,158.35000610351562,83.66598875896581,275.4020403492147,196.56061079649035,105.03764183054732,150.9499969482422,79.69745953197871,257.88459409973575,192.0673036220136,108.29446818664717,157.8874969482422,82.9752907916767,273.2123481776211,195.8005071793254,190272600,167728000,99878000,47247800,36953700
2020-11-02,106.06149291992188,150.2239990234375,80.82955932617188,260.1339416503906,194.67477416992188,107.92393519387548,153.98550415039062,82.51748852460163,269.20122229531967,197.51315693324798,104.64760263945637,147.50599670410156,80.32795206574907,256.13281046685813,192.5483838469714,106.39303037953306,153.08700561523438,80.79074343910868,263.35876341528666,196.5606086504203,122866900,145148000,44228000,27165700,30842200
2020-11-03,107.68991088867188,152.42050170898438,81.8914794921875,264.0555114746094,198.61968994140625,108.71376013684448,153.7449951171875,82.55530560123552,268.7832300468514,200.24575094427385,106.0224928792937,149.0489959716797,80.22196347188766,259.6562619391698,195.43492652465187,106.9293350359113,150.92649841308594,81.15002919883526,261.92556563886893,196.17579759608554,107624400,97958000,31432000,17961900,27512000
2020-11-04,112.08760070800781,162.05799865722656,86.87714385986328,286.0319519042969,208.20285034179688,112.71166332605715,162.24249267578125,88.0803907719347,287.5846317674365,210.05983612807736,109.55234539225575,156.9864959716797,84.74483658674652,277.31303392326276,204.38305473043673,111.29777308441078,157.99949645996094,84.87322058577031,279.68187458930083,205.9225243559085,138235500,136780000,71342000,35364400,42311800
2020-11-05,116.06600952148438,166.10000610351562,87.70568084716797,293.2976989746094,214.84176635742188,116.64132168469465,168.33999633789062,89.16470868146271,295.9850458838273,215.64036488321958,113.95979997203881,164.44400024414062,86.63728722934314,287.5945968691913,212.78273432419178,115.01290102705485,165.99850463867188,88.10128853896713,290.53074069652536,213.63906038751014,126387100,115786000,39758000,23823600,36080100
2020-11-06,115.93413543701172,165.56849670410156,87.5678482055664,292.03369140625,215.25547790527344,116.43228836490333,166.10000610351562,88.00426119806104,293.2181118466196,215.8712626975413,113.43357109225822,161.60000610351562,86.42082805664543,286.7087808307576,209.78075866638522,115.5727237961662,165.23199462890625,87.15034201344257,292.57116690741276,213.85071104838275,114457900,92946000,28622000,13891000,25231900
2020-11-09,113.61915588378906,157.18699645996094,87.65193176269531,277.4623107910156,210.12716674804688,119.15750189056662,164.4499969482422,90.41223318661586,291.20752722619574,219.4890259925746,113.3554283153817,155.60549926757812,87.45935577208806,277.2234463234574,209.63646799316797,117.70210041193614,161.55149841308594,89.37171387138581,288.51024803193854,215.9482666319052,154515300,143808000,53440000,25117700,44395000
2020-11-10,113.27730560302734,151.75100708007812,86.47257995605469,271.1520690917969,203.02639770507812,114.8596862189922,155.6999969482422,87.55042699948584,272.7147117739403,208.30868796466146,111.4800244999921,150.9739990234375,85.39771699789287,262.7616201033585,201.78521152070147,112.86705932868448,154.75100708007812,86.07697225473657,271.818939598473,206.3843582836946,138023400,131820000,43022000,29067700,44045100
2020-11-11,116.71556091308594,156.8695068359375,86.9458236694336,275.18304443359375,208.35679626464844,116.85230965844065,156.95750427246094,87.72558872689356,277.0940207121045,209.79041246102312,113.73638330100388,152.5,86.73831204017266,271.20180841653934,204.17137339377663,114.46896905922455,153.08900451660156,87.00403991084542,272.1871546109458,204.35418705997827,112295000,87338000,31838000,14957000,29440800
2020-11-12,116.44207000732422,155.51400756835938,86.72636413574219,273.78961181640625,207.28878784179688,117.7314207166171,158.79400634765625,87.82909374585917,278.4377186434033,210.81993091272767,115.81693072113664,154.30250549316406,86.4850176966425,273.14266698112743,206.3458704441471,116.84255382154495,157.99749755859375,86.68555885766379,275.8797669856649,208.9918236566661,103162300,87240000,26474000,12899500,21593900
2020-11-13,116.49091339111328,156.4405059814453,88.19136047363281,275.65087890625,208.31829833984375,116.89138975772552,157.08599853515625,88.43370160863206,276.4570768809638,209.1938718430691,115.13318828954677,154.26950073242188,86.38599646743025,271.8189326363391,206.05721983858226,116.66673428315598,156.10000610351562,86.98413472311488,276.4172560104624,208.17397949050766,81581900,75124000,29744000,10391200,18621100
2020-11-16,117.50677490234375,156.55299377441406,88.27944946289062,277.6513977050781,209.01104736328125,118.18074882588525,157.13499450683594,89.29012052958568,278.0992989170578,209.50176078856936,115.40669394696378,153.63450622558594,87.64746872938828,273.3417229823236,206.40358907707915,116.15881215076331,154.66000366210938,87.78730313229319,273.75973576404505,206.74033793525987,91183000,76174000,25468000,12970400,24953300
2020-11-17,116.61788940429688,156.7830047607422,87.66387939453125,273.7099914550781,206.34588623046875,117.86816796066498,159.46249389648438,88.43419857564439,276.37741244557907,209.44404363119713,116.19787325311871,156.76300048828125,87.55589803351981,272.0080214675956,205.9802588786965,116.7741779499669,159.177001953125,87.97240190775933,276.37741244557907,207.9238360433956,74271000,68894000,21314000,15040300,24154100
2020-11-18,115.28945922851562,155.2729949951172,86.61788177490234,270.6942138671875,203.62539672851562,117.03789809748132,157.0,87.83008859204216,276.0888024886714,207.57094874527058,115.26015699113172,155.2550048828125,86.51487388443644,270.5648188258452,203.4806853703079,115.85599399209619,156.6999969482422,87.41407824980085,273.23223989171385,206.10462569086476,76322100,58336000,20108000,12152900,28372800
2020-11-19,115.88530731201172,155.8509979248047,87.51011657714844,271.65966796875,204.91812133789062,116.29555357911475,156.25,87.75494824854572,272.18718057635516,205.50657901685545,114.09779613817214,154.04600524902344,86.0894110233465,267.92725884670676,202.51605349033142,114.85968419200586,155.2655029296875,86.24914690819902,269.74866113351766,203.9148567100995,74113000,60206000,20106000,12963700,24792700
2020-11-20,114.61549377441406,154.97000122070312,86.40589904785156,268.43487548828125,202.95980834960938,116.01229108300883,156.64450073242188,87.99728973201321,271.7193833571145,205.75738526463866,114.56665918945185,154.90249633789062,86.33722711990116,268.1462273454444,202.5835822855895,115.88531221940879,155.8509979248047,87.68080204637623,271.28144492468033,204.70588353698125,73604300,67488000,27694000,18114700,22843100
2020-11-23,111.20650482177734,154.91949462890625,85.96699523925781,267.1708068847656,202.68971252441406,114.88897301609046,156.9875030517578,86.88411171935121,269.6790051856263,204.79271612955355,111.10882822148257,153.2729949951172,85.10213442110361,263.2891075791746,200.80858207029695,114.45918703209715,155.8350067138672,86.59698652310462,269.6192890712651,203.50004337850964,127959300,94178000,22530000,20990800,25683500
2020-11-24,112.49586486816406,155.9029998779297,87.77535247802734,275.6210021972656,206.30728149414062,113.1600762396807,156.71249389648438,87.90373648667953,276.5167742891776,206.68350759361277,109.97576812456435,154.31300354003906,85.6271223299394,266.6134368509369,201.48386241377628,111.26512618596215,155.02499389648438,85.96401265971706,267.2305236170447,202.18807747793556,113874200,72042000,27984000,16930400,33979700
2020-11-25,113.33589935302734,159.2534942626953,87.78679656982422,274.2972106933594,206.31690979003906,114.03918287230827,159.89999389648438,88.09780964483882,278.8656754754862,207.68675895454567,112.49586708858041,157.01300048828125,87.00205044426856,271.37099972842776,204.95671688381378,112.86704864167184,157.093505859375,87.96992677839849,276.83526693304384,207.51312294435323,76499200,75808000,19600000,12467000,21012900
2020-11-27,113.88288879394531,159.76699829101562,88.92584991455078,276.5068359375,207.62887573242188,114.76199315028312,160.8094940185547,89.42297727421509,277.82065132154526,208.63215505789094,113.52148460740729,159.50250244140625,87.80719756064533,273.5308712621586,206.48089973496474,113.86335645369218,160.56300354003906,87.80719756064533,276.0888230990289,207.26230592341696,46691300,47858000,14790000,7808400,14512200
2020-11-30,116.2857894897461,158.40199279785156,87.3026123046875,275.6707763671875,206.50985717773438,118.1612073576281,161.41949462890625,88.59343800936252,276.3973629811554,207.17547659970663,114.09779452496895,156.27749633789062,86.97617007706756,269.73874234067944,203.39391807067915,114.25408307341652,160.4239959716797,88.36005672195728,274.73518333665197,206.53879651260684,169410200,81278000,32418000,16693300,33064800
2020-12-01,119.87056732177734,161.00399780273438,89.34086608886719,285.205810546875,208.57427978515625,120.60315308283555,162.44749450683594,90.65259560668585,287.9429105727545,209.6450793350196,117.22349166609008,157.85899353027344,87.73205682491009,277.65141812037837,205.81528367505194,118.20027268083436,159.4250030517578,87.91269649674737,277.8504920902116,206.93430563642607,127728200,90740000,37350000,20738900,30904500
2020-12-02,120.22220611572266,160.17649841308594,90.81431579589844,286.1712951660156,207.76394653320312,120.5054734972761,161.60000610351562,91.20097123321783,290.4113221506814,207.86042080174042,118.08305336151587,158.66299438476562,88.83378679699169,279.5126740736574,205.2847168067867,119.1868131981227,161.08250427246094,89.34086108236198,284.0214236121468,207.29126088912773,89004200,62586000,29424000,17361600,23724500
2020-12-03,120.08548736572266,159.3365020751953,90.6585693359375,280.5278625488281,206.67385864257812,120.90598002570202,161.4320068359375,91.75283265847874,285.30533385151614,208.73828134614044,119.3724337854792,159.0655059814453,90.41771644555975,279.7515227027808,206.10468402437849,120.6520148180777,160.2729949951172,90.5938761888373,284.90721630536245,207.03078693135419,78967600,57840000,24728000,12921700,25120900
2020-12-04,119.4114761352539,158.12899780273438,90.75411224365234,278.38800048828125,206.78961181640625,120.00731313587139,159.91050720214844,91.03974159674597,282.13034249421014,207.77359337524513,118.69842273292154,157.93800354003906,90.24802504868616,277.9898525014484,205.651277322866,119.7533479916129,159.91050720214844,90.57795250226489,278.9851617196769,206.65455667851904,78260400,58272000,20544000,10880300,24666000
2020-12-07,120.87666320800781,157.89999389648438,90.4192123413086,284.2403564453125,206.7220916748047,121.67762342572043,159.03799438476562,91.02929453535916,287.1367095410005,207.92794646359303,119.41149153275923,157.08450317382812,89.72303966576968,276.8950008785257,205.46801447039047,119.47009601504965,157.82400512695312,90.3455593451508,277.8803471574216,206.79926814767597,86712000,55026000,22288000,13007700,24620000
2020-12-08,121.49201965332031,158.864501953125,90.13556671142578,282.0705871582031,208.38134765625,122.07809422262514,159.2064971923828,90.36646506277663,285.08637245521015,209.28815280657466,120.23197125291128,156.00100708007812,89.13784194345742,280.2292592855726,205.3715388338167,121.48225720881356,157.94500732421875,89.99573991211881,284.66835965134453,206.41339913079136,82225500,65726000,19936000,10747700,23284100
2020-12-09,118.95240020751953,155.2100067138672,88.47003173828125,276.6163024902344,204.32005310058594,123.02557557317189,158.72149658203125,90.98352007834363,286.2807447892554,207.6289118142423,118.19051214801601,154.39999389648438,87.680805678261,270.4752323325116,203.75089313198336,121.63854821088353,158.39450073242188,90.08729974843936,282.3293666750694,207.56139159554937,115089200,82016000,31728000,25189700,32440600
2020-12-10,120.37849426269531,155.07449340820312,87.96194458007812,275.820068359375,203.08522033691406,120.99387109234236,157.10499572753906,88.32719504513048,277.4225318947047,205.55480829861727,117.36024440160968,153.8000030517578,86.26406105431275,270.5847324807346,202.93086740933128,117.7021162779425,154.44949340820312,87.71064363437053,274.2474932581633,204.29107498383206,81312200,60604000,28688000,20065100,26733300
2020-12-11,119.5677719116211,155.8209991455078,88.31775665283203,272.2668151855469,205.7284393310547,119.90964378868306,155.93350219726562,88.44266302397321,275.1830941797887,205.78633271742834,117.75095856237984,153.64100646972656,87.22000808817418,268.98230702748845,201.7250078879869,119.58730425363264,154.83299255371094,87.58127983483229,273.24222912084684,202.6318129157423,86939800,61294000,18628000,14391400,30979400
2020-12-14,118.95240020751953,157.84849548339844,87.19612121582031,272.9038391113281,206.63525390625,120.48594622407741,159.52349853515625,89.06418903296934,275.91962485118006,208.5742776419708,118.71797483203729,156.3000030517578,87.040364108191,270.28617098699726,205.36187902538944,119.75336040497812,157.14999389648438,88.11473355341082,272.0876782561324,205.57411062551716,79184500,83116000,33050000,16376900,28798400
2020-12-15,124.91075897216797,158.25599670410156,87.63502502441406,274.2574157714844,206.5677490234375,124.93029876658031,159.4250030517578,87.78032644405529,274.7849283899252,207.812184662047,121.24783000590143,156.52450561523438,86.6691456825734,266.2153314494091,204.74449721064735,121.4529531337426,159.05050659179688,87.5743106561317,273.540791990355,207.57101370945622,157243700,66390000,21352000,23979500,27000600
2020-12-16,124.84237670898438,162.04800415039062,87.44144439697266,274.37689208984375,211.5358428955078,125.389371682003,162.35000610351562,88.03460918058066,276.5565912263314,212.33653214174262,123.62140046403383,158.1840057373047,87.03688443498345,271.2317114696477,207.13688753009188,124.45167027239827,158.80050659179688,88.03460918058066,273.4711571007699,207.1658268638192,98208600,88552000,24676000,15885000,35023300
2020-12-17,125.71172332763672,161.8040008544922,86.61141204833984,273.19244384765625,211.6708984375,126.57129545645023,163.17550659179688,87.91518395961303,279.1244773865395,213.08898467251527,125.06704423102657,161.0500030517578,86.14564417431515,272.3264994442091,210.22387286870122,125.90707656477707,162.5,87.77684541122197,275.7702906881683,212.1050031641586,94359800,69486000,34880000,16377800,32515800
2020-12-18,123.71908569335938,160.08250427246094,85.90030670166016,275.1034240722656,210.87022399902344,126.10243373072133,162.4709930419922,87.00204155356143,276.69592467766915,211.93138204529595,123.19162305629168,158.5800018310547,85.34197906294155,269.868118957792,208.39099433805046,125.96568498617573,162.19949340820312,86.89306549896011,274.4763744909662,210.87022399902344,192541500,119914000,85256000,26693200,63354900
2020-12-21,125.25262451171875,160.3090057373047,86.3153305053711,271.5103759765625,214.7289581298828,125.33076878091637,161.34849548339844,86.43675164906524,273.3815619312568,216.0891657865848,120.58361248475222,158.3000030517578,84.29698019019894,266.5338305117045,209.60648963539475,122.11715836957907,160.00050354003906,85.04988087959532,271.69948713418097,209.8669583764434,121251600,76736000,33974000,16553700,37181900
2020-12-22,128.81787109375,160.3260040283203,85.60173797607422,265.8371276855469,216.0312957763672,131.2891256020313,161.10000610351562,86.21828943782286,270.22644485463616,217.6616137780728,126.63963893467688,159.00399780273438,84.88317332587998,263.38867558507343,214.01511013682068,128.5541360749688,160.14199829101562,86.05506833630993,270.22644485463616,214.82544100823074,168904800,47388000,20370000,17312900,22612200
2020-12-23,127.91924285888672,159.2635040283203,86.00033569335938,266.8523254394531,213.2144317626953,129.35509717792385,160.50650024414062,86.7905564056755,270.8933085906598,215.664722300724,127.7434145333038,159.20849609375,85.65050674333652,264.9811697252356,213.00220013500297,129.09137704629174,160.25,85.78636235138065,265.6380774185522,215.23061750586513,88223700,41876000,22974000,14329000,18699600
2020-12-24,128.9058074951172,158.63450622558594,86.29542541503906,266.1456298828125,214.8833465576172,130.36121675094694,160.10000610351562,86.70596113529743,269.13155698779786,215.71297533065393,128.05601267765476,158.4499969482422,85.80725791931836,264.9512772654711,213.38808351413238,128.27090571957586,159.69500732421875,86.03864981343406,267.6186981893969,213.600315157461,54930100,29038000,9312000,6702000,10550600
2020-12-28,133.5161895751953,164.197998046875,88.27595520019531,275.70062255859375,217.0152587890625,134.15109122678413,165.1999969482422,88.92485327877053,275.9992031408373,218.04746272776887,130.41001842398242,158.63450622558594,86.67660697371885,264.4138209334363,215.1437699941289,130.87888400818076,159.6999969482422,86.83036709367283,267.47935961735595,216.52326066509002,124486200,113736000,27650000,23299700,17933500
2020-12-29,131.7384490966797,166.10000610351562,87.46981048583984,275.4816589355469,216.23385620117188,135.56742883965345,167.53250122070312,88.99800382149073,279.1941729137728,219.1568467796806,131.22075635748268,164.06100463867188,87.33794125305134,274.984004372084,215.68399411922664,134.84462043635702,165.4969940185547,88.93630235401565,275.65087485187087,218.31757662938773,121047300,97458000,19726000,16383000,17403200
2020-12-30,130.6151580810547,164.29249572753906,86.39942932128906,270.59466552734375,213.8511199951172,132.83245515094322,167.10499572753906,87.96743327328805,276.7755261993359,217.6616331779801,130.3025810031429,164.12350463867188,85.9888935947524,270.435412435023,213.6485446191628,132.43197135905453,167.0500030517578,87.83008941804188,276.64616153784556,217.27575078583914,96452100,64186000,21026000,11803800,20272300
2020-12-31,129.6090850830078,162.84649658203125,87.21503448486328,271.8786315917969,214.56495666503906,131.6114892963398,164.14599609375,87.45687447969729,275.7901889813584,215.1244750031849,128.66160623432629,162.05999755859375,86.39146489743216,268.54434010315487,211.92171790619258,130.9668102005262,163.75,86.45018987451368,270.7240694155352,213.87038319147217,99116600,59144000,21070000,12900400,20942100
2021-01-04,126.40524291992188,159.3314971923828,85.89584350585938,267.6784362792969,210.00201416015625,130.50772046788387,163.60000610351562,87.705186375187,273.7100070966361,215.12448267035043,123.81677157197642,157.2010040283203,84.9508603421397,263.9559899025982,207.2237201668687,130.419813747916,163.5,87.58128228878026,273.4910378759819,214.67108011672624,143301900,88228000,37324000,15106100,37130100
2021-01-05,127.96807861328125,160.92550659179688,86.58853149414062,269.6988525390625,210.20460510253906,128.68113950331986,161.16900634765625,86.92591538334669,271.12213696929484,210.80271909929093,125.4479817429498,158.2530059814453,85.4365378377414,266.9517902685812,208.08230357575826,125.89730757907694,158.30050659179688,85.84408949685165,267.0314319898682,209.5872080271136,97664900,53110000,20360000,9871600,23823000
2021-01-06,123.66046905517578,156.91900634765625,85.73410034179688,262.0748596191406,204.754150390625,128.0071488340126,159.87550354003906,86.7835871141567,266.49403483971406,208.84441527827818,123.44557604986173,156.55799865722656,84.40147477035065,258.79035145155876,204.4551007475954,124.75446642211676,157.32400512695312,84.6084852313309,260.7710070140246,204.67697391501935,155088000,87896000,46588000,24354100,35930700
2021-01-07,127.88019561767578,158.10800170898438,88.29486083984375,267.4793701171875,210.580810546875,128.57371684230972,160.427001953125,88.46802888665995,270.3359025056691,211.59373143430213,124.89124746723652,157.75,85.92717542695797,263.53795440473635,206.1625718994566,125.37963807755663,157.85000610351562,85.92717542695797,264.65269578810233,206.48090458530808,109578200,70290000,41936000,15789800,27694500
2021-01-08,128.9839324951172,159.13499450683594,89.46378326416016,266.31488037109375,211.8638458251953,129.55046725691102,159.53199768066406,89.53991920335396,267.6884118776815,212.7899487253861,127.20618394212671,157.11000061035156,87.64198775015869,261.94545856026525,209.36531838225514,129.35509913564104,159.0,88.43520016542561,267.0513994328306,210.95704072206647,105158200,70754000,35484000,18528300,22956200
2021-01-11,125.9852066040039,155.7104949951172,87.39665985107422,255.6351776123047,209.80909729003906,127.14757835470962,157.81900024414062,88.79447981255163,262.23408159904403,211.17894660014582,125.51635590694859,155.5,87.19015051877497,254.6995846575814,209.0759281382161,126.190337167744,157.40049743652344,88.42822700365895,259.25811720283696,210.7544833480183,100384500,73668000,34796000,30412300,23031300
2021-01-12,125.80940246582031,156.04150390625,86.45814514160156,249.91217041015625,207.3394775390625,126.67873700583286,157.10699462890625,87.97439454842011,258.5016932201833,209.43285429285,123.91444484041192,154.3000030517578,85.4106552853316,249.1258828653461,205.7863507861013,125.51636516935064,156.0,86.85275814625061,255.42619159676337,208.85403813753175,91951100,70292000,29528000,26383500,23249300
2021-01-13,127.8508529663086,158.29449462890625,86.94681549072266,250.45957946777344,208.6996612548828,128.39784789227025,159.49749755859375,87.40164172592644,252.7587410418486,209.10482662915626,125.50658473947469,156.10400390625,85.95505131902136,248.0310228517457,206.37477008164043,125.77030485446012,156.4219970703125,85.95505131902136,250.3700052943654,206.46160279890978,88636800,66424000,23432000,19528900,20087100
2021-01-14,125.91685485839844,156.37350463867188,86.13419342041016,244.48773193359375,205.4969482421875,127.95832377513628,158.89999389648438,87.95698355407666,253.83368397453697,209.78014669114557,125.77032875107238,156.0294952392578,85.89284698308188,243.4625647536948,205.22683795440696,127.76297053653161,158.37600708007812,87.02742201402309,252.21132524701002,208.2848838495633,90221800,61418000,29212000,29739400,29480800
2021-01-15,124.18794250488281,155.21249389648438,85.96998596191406,250.18089294433594,205.13999938964844,127.19642993721087,157.12750244140625,86.96522784661244,252.66916566410885,206.9343118045268,124.05119375361772,154.7584991455078,85.17827693487668,246.00059781255973,204.54190015799108,125.78986283591505,156.1510009765625,86.03965259011923,246.7371168177972,205.97928428557796,111598500,84880000,31444000,24942900,31746500
2021-01-19,124.8619155883789,156.03799438476562,88.79895782470703,259.875244140625,208.79617309570312,125.7214876279719,157.25,89.76284772453106,260.9700903605595,209.31709589356913,123.99258110451602,154.8000030517578,86.22924282649801,251.53454799388828,205.1207300132549,124.81307355803929,155.35000610351562,86.73532241988458,255.6949332552123,206.2011712058109,90757300,66102000,41660000,28028500,30480900
2021-01-20,128.96438598632812,163.16900634765625,93.55621337890625,266.22528076171875,216.4171600341797,129.41371177555757,163.99000549316406,94.53403661408476,269.0519548732875,217.81594859939017,125.56519249707169,158.75,90.54262136383335,262.3634767133542,209.6161363041279,125.67263899637693,159.09950256347656,90.88398401260814,267.6684606873908,210.01166019467698,104319500,106196000,64152000,25199900,37777300
2021-01-21,133.6920166015625,165.34950256347656,93.75923919677734,271.5899963378906,217.02491760253906,136.42700650318062,167.42750549316406,96.14433582290614,272.3165829346263,218.30794883439074,130.48817597250854,164.47850036621094,93.52336737446421,266.2352283803753,214.56497094658008,130.69330654954064,164.64999389648438,94.23198512960039,267.996944972937,216.76444885263814,120150900,98722000,58634000,20838700,30709400
2021-01-22,135.84091186523438,164.6114959716797,94.17774200439453,273.2123718261719,217.9702911376953,136.6027996904535,166.0955047607422,94.76642687711758,277.1637505134618,221.9447982112566,131.8849466776784,164.1580047607422,93.37856141985232,270.72409885872037,217.82559446264705,133.11568510968806,165.2154998779297,94.12300340016309,270.7340616704065,219.06038848941193,114459400,56438000,32744000,21954000,30172700
2021-01-25,139.6015625,164.6999969482422,94.2633285522461,276.7059020996094,221.42385864257812,141.72117584234562,168.1945037841797,95.63378300769853,278.78609454501253,221.6650295786433,133.3696938895246,162.15750122070312,92.51568723527677,270.2363927277571,216.30139031573844,139.74808861764467,166.4250030517578,95.18194086238829,276.8352971469543,221.0283347746538,157611700,74996000,50586000,19087000,33152100
2021-01-26,139.83595275878906,166.30650329589844,94.9435806274414,280.7268981933594,224.12496948242188,140.9494823530756,166.89999389648438,95.33172432985599,284.05125706447734,225.90962552490151,138.08750665706705,164.14349365234375,93.36015508295559,276.5067976495511,221.95443112163733,140.2657387257932,164.8179931640625,93.85080553412007,276.8352666372918,223.67156695835445,98390600,59104000,31462000,19373600,49169600
2021-01-27,138.76148986816406,161.62899780273438,90.5142593383789,270.8634338378906,224.6748504638672,140.94948441192093,167.3260040283203,93.576120836045,282.1203773615264,231.94857453738325,137.14980737284998,160.35400390625,89.4364122301707,266.86227180467614,222.01232848295177,140.09967490857025,167.07449340820312,93.29944372261227,281.20467962212916,229.59474371719836,140843800,93204000,82512000,35346200,69870600
2021-01-28,133.90692138671875,161.88099670410156,92.21910858154297,263.7569274902344,230.49192810058594,138.69315786113063,165.08399963378906,93.95032603866761,285.44472259889307,234.070912016204,133.5259773426194,161.4344940185547,91.11438957910407,263.45834689190224,226.78754528155395,136.28050728033566,161.7519989013672,91.11438957910407,275.8797857733197,227.28918505493604,142621100,62984000,55278000,37758800,49111200
2021-01-29,128.8960418701172,160.30999755859375,90.93324279785156,257.1181945800781,223.76803588867188,133.56505438488097,161.84950256347656,91.9374443781488,265.309599667257,229.6140167126395,127.18667492713263,159.2274932861328,89.64938764556791,253.65453824202993,223.17957824718872,132.67617999744974,161.5,91.26465847682226,264.05550044172963,227.65570999358513,177523800,85872000,44530000,30389500,42503100
2021-02-01,131.02540588378906,167.1439971923828,94.20311737060547,260.7809143066406,231.1864776611328,132.2366197184336,167.51300048828125,95.32126848819406,262.93078533795904,233.93583250847365,127.88993224067084,161.75149536132812,91.79064781065239,253.71421450798104,224.22145911978276,130.6444618808397,162.1179962158203,91.79064781065239,258.302574303838,226.758582343544,106239800,83204000,40252000,22914300,33314200
2021-02-02,131.85568237304688,169.0,95.49942016601562,265.8271484375,231.0513916015625,133.14502563870852,171.38699340820312,97.00472029972896,267.5888650330022,233.75250895129713,131.48450079597174,168.05650329589844,94.864948984388,262.0350230912574,230.260358608514,132.57849082798725,169.0,95.20134574308125,262.76160968920584,232.7781836969591,83305400,141972000,66332000,17320800,25916300
2021-02-03,130.83006286621094,165.62649536132812,102.45416259765625,265.399169921875,234.41815185546875,132.61757406703313,171.6999969482422,104.82980558653188,267.93722639438874,236.43433736539887,130.5077233148007,165.43099975585938,100.19844489817106,262.6023537335994,230.81022932198388,132.60779671715912,171.25050354003906,102.78906349760909,264.3740027465401,231.10929364997725,89880900,141776000,97882000,14223400,27158100
2021-02-04,134.19998168945312,166.5500030517578,102.19293212890625,265.2398986816406,233.46311950683594,134.20974413679528,167.35000610351562,102.97269721505859,266.9020781577991,234.64969117087412,131.46499107917862,163.8874969482422,101.27083451563523,262.76158887006744,231.88103867469155,133.1352936536694,166.5,102.540764123293,265.7574788266206,234.09017280439656,84183100,73414000,48596000,16060000,25296100
2021-02-05,133.7841796875,167.6074981689453,103.94454956054688,266.8424072265625,233.6464080810547,134.42982206884446,168.85000610351562,104.29835730952522,267.90739537891017,234.68826832765416,132.9037691142245,165.135498046875,102.01228969427049,264.4238131184444,231.92927213385542,134.36135298845358,165.9499969482422,102.48801214016696,265.5484870194477,233.67534741680137,75693800,72416000,29866000,12454400,18054800
2021-02-08,133.93092346191406,166.14700317382812,103.73006439208984,265.32952880859375,233.90684509277344,133.97983847702403,168.25,105.24681488180683,268.59414196201845,235.07410406263224,131.98421930396577,165.1999969482422,102.67660640780495,263.7569535446607,232.30546670579093,133.0700669616327,167.9250030517578,104.50038357058834,267.48936326463235,234.56282290725537,71297200,65148000,28828000,13755200,22211900
2021-02-09,133.0504913330078,165.25,103.27574157714844,268.18603515625,235.16094970703125,134.87981130485002,166.89999389648438,104.4262393016287,272.1075552356583,236.11597714944006,132.89398418993693,164.89199829101562,103.00752319120647,264.50337952856717,232.85535625247002,133.6472186633411,165.62449645996094,103.24637908993188,265.19014520169947,233.32804184480403,76774200,44070000,21892000,14613400,23565000
2021-02-10,132.4440155029297,164.32899475097656,103.82759857177734,270.59466552734375,234.24449157714844,134.0092066849529,165.8975067138672,104.44465119466045,272.51560469662627,237.2350020681032,131.47555177979126,162.6999969482422,102.12374668828687,266.464139060546,232.38264447338142,133.5102943457137,165.6999969482422,103.66139338058449,271.17196178380914,236.347494874148,73046600,63032000,25102000,14687200,22186700
2021-02-11,132.18966674804688,163.10650634765625,103.94056701660156,269.12164306640625,235.85556030273438,133.42224462079582,164.60000610351562,104.20181495570792,272.29665116199936,236.49224045800057,130.85925883741726,162.4029998779297,102.9507998216224,267.2305314702786,233.5981889016559,132.94290131800943,164.60000610351562,104.05253475798568,270.6146067216081,236.1353121430884,64280000,46028000,20480000,12828600,15751100
2021-02-12,132.42446899414062,163.885498046875,104.25306701660156,269.23114013671875,236.33790588378906,132.58099112427448,164.0124969482422,104.4754990480609,269.90794310671953,236.63695552738434,130.78103140805084,161.66549682617188,103.18516699146085,267.08126860751656,234.1577109235517,131.42667399977407,162.5,103.49369709094493,269.25103538603884,235.31532862001077,60145100,46706000,18990000,9097600,16561100
2021-02-16,130.29188537597656,163.44749450683594,105.03285217285156,272.6848449707031,235.0934295654297,133.05051647602303,165.4149932861328,106.74665875822036,275.3025128560429,237.43761875854926,129.90058012743768,162.67950439453125,104.0898583949124,268.7832197961873,234.34097740959032,132.54184204307595,162.70249938964844,104.0898583949124,269.52970164754623,236.37646073369578,80576300,51494000,31004000,15417200,26728500
2021-02-17,127.99297332763672,165.4320068359375,105.42695617675781,272.2867126464844,236.1183624267578,129.34294988756938,166.04550170898438,105.6170492387835,272.6848302040985,236.22472264095413,126.65278872506047,162.97500610351562,103.92066133491758,268.3154087577032,232.96625524373655,128.39405548337965,163.17999267578125,104.20081606295832,269.9676254775032,233.33368412074378,97918500,65950000,20294000,12763200,21653500
2021-02-18,126.8875961303711,166.4114990234375,104.78950500488281,268.1263427734375,235.721923828125,127.17127933958186,166.89999389648438,105.59466134200437,270.67433173208707,235.85729003006736,124.63763974131737,163.69700622558594,104.16847356656038,264.7820882811947,232.8888973325426,126.38868386598486,164.12100219726562,104.7492008701628,268.3054911280868,233.7977910115024,96856700,60548000,22546000,15249100,16925600
2021-02-19,127.04411315917969,162.4949951171875,103.94355010986328,260.3330383300781,232.99525451660156,127.86584668005416,166.6750030517578,105.42497002735199,269.00217183862065,235.78961124122654,125.99740338670905,162.28750610351562,103.67583285853799,258.92964889423274,232.23139079471954,127.40607236333011,166.4114990234375,104.88803968550147,268.594091474346,235.68325103009647,87668800,86104000,37938000,25622600,25262600
2021-02-22,123.25831604003906,159.03700256347656,102.2242660522461,259.1087951660156,226.7490234375,126.89737227917206,161.61599731445312,103.52156862841372,261.83596265492633,230.05583876789643,122.86701830596542,158.61300659179688,101.9127594460567,256.3219419376639,224.708852062903,125.22457427942261,160.406494140625,102.19142592861978,256.7399851091277,229.56272223089456,103916400,70314000,29466000,17434900,36446900
2021-02-23,123.12136840820312,159.72500610351562,102.515869140625,264.6128845214844,225.55007934570312,123.95287146533934,160.2364959716797,103.13192706841954,266.2053852874172,227.05844976056775,115.81390958217581,154.67999267578125,99.03799761049386,253.7640357008201,221.16031954469048,121.0670645425184,156.35150146484375,100.22034834099647,258.28273270429423,222.70737444670027,158273000,93544000,34658000,21924600,30228700
2021-02-24,122.6224594116211,157.97650146484375,103.69474029541016,263.0701599121094,226.78770446777344,122.82788904485355,158.56149291992188,103.91916932842446,265.1304571495634,227.41618718695392,119.57035347401501,156.2689971923828,100.89413445514002,257.17794673350454,221.42137560177235,122.22138464103878,158.33749389648438,101.01903323255493,261.09943685353267,222.39794491641797,111039900,60226000,22608000,15736100,26339700
2021-02-25,118.35733795166016,152.85800170898438,100.31787872314453,253.49526977539062,221.41171264648438,123.70831567300634,158.91299438476562,103.6544275286867,265.6878058976632,226.82637500725085,117.91713263038818,152.38800048828125,99.84712981083716,252.8483097667801,220.33844686945937,121.96704845427313,156.83700561523438,102.30736748486517,261.069557227545,224.39944732848625,148199500,90676000,41548000,19053100,39542200
2021-02-26,118.6214599609375,154.64649963378906,100.61446380615234,256.4115295410156,224.6894989013672,122.13334021289873,156.1219940185547,102.33672899960698,264.30432353909475,227.58053682788972,118.56276044849312,151.8350067138672,99.57443795504803,255.26693013278157,221.94347614070054,119.92251431654658,154.75999450683594,101.01455143205975,255.26693013278157,223.86762334646158,164560400,85518000,40042000,26619500,37819200
2021-03-01,125.0093765258789,157.3070068359375,102.9906005859375,263.6673278808594,229.09861755371094,125.14632962305842,157.47799682617188,103.31753633672605,265.39915593300657,229.6110763466161,120.1181731597989,154.89950561523438,101.2369836430742,256.69020161997804,225.43403703032263,121.05728331048017,156.39450073242188,101.912753621212,259.5965174526144,228.09302745735494,116307900,54582000,26060000,22157300,25324000
2021-03-02,122.39747619628906,154.72650146484375,102.73283386230469,257.7850341796875,226.13021850585938,125.91914114090521,158.17599487304688,104.23863512234783,265.45885815950373,229.4467125406438,122.28986912474551,154.3560028076172,102.34419663463926,257.4366699505065,225.72411990536094,125.61588891931011,157.17349243164062,102.75074596632483,264.5332280679473,229.16630164142225,102260900,51916000,25564000,15191700,22812500
2021-03-03,119.40404510498047,150.25,100.09196472167969,254.21189880371094,220.02902221679688,122.97462478338886,155.38900756835938,103.30559666179923,259.7657101716926,225.84979769588546,119.18883097909638,149.75,99.22560051221559,253.9033554151799,219.73894760417375,122.09420675176463,154.0590057373047,102.10932019598754,259.0690120320257,224.47679360019754,112966300,79774000,33892000,15513500,34029500
2021-03-04,117.51604461669922,148.8784942626953,101.21261596679688,256.4314270019531,219.22650146484375,120.9105408091192,152.906494140625,103.23593980274953,265.23988740951495,224.79588713553701,116.0389066337359,147.27149963378906,99.79439328636663,252.31083313552108,216.83824346443632,119.10079712980304,150.60000610351562,100.26414756335588,255.26690209965963,219.23617996323304,178155000,109632000,49216000,31626500,44727800
2021-03-05,118.77796936035156,150.0229949951172,104.35458374023438,263.0402526855469,223.93533325195312,119.28665864113772,150.4499969482422,104.80890881591917,264.2047775421318,225.55006376420437,115.01174462231236,144.0500030517578,100.90656818815047,254.41092576078356,218.96543927137483,118.34754858051326,150.25,102.56713188273565,259.447201893008,221.92416791979974,153766600,107772000,53100000,26820100,41872800
2021-03-08,113.82808685302734,147.59750366210938,99.89739990234375,254.11236572265625,219.86463928222656,118.36712304031239,153.22950744628906,105.18412104446631,264.33417931854143,225.64672999454348,113.68134925740799,147.5655059814453,99.78244807245036,253.85359082218721,219.6132491656239,118.29864649080791,150.75,103.70718858970949,264.30432126030314,223.7129190101345,154376600,83700000,36868000,18391800,35267400
2021-03-09,118.45516204833984,153.1425018310547,101.53257751464844,264.4934387207031,226.04318237304688,119.4040567156157,154.54800415039062,102.70497377307522,267.270359700702,227.59023718245513,116.20521293027855,150.25750732421875,101.29571099468689,258.5912628644361,224.00301103562117,116.43998860707968,150.89950561523438,101.99984883286976,259.95483151383627,225.17297326388478,129525800,80600000,33920000,22039700,33080500
2021-03-10,117.36932373046875,152.8820037841797,101.3250732421875,263.6573486328125,224.72821044921875,119.51166581137682,155.822998046875,102.57957360663178,267.7082635620102,229.15664011730135,116.85084988465742,151.50250244140625,100.4860820835291,261.63687257313234,224.36078157928844,119.04211444982889,154.92250061035156,102.57957360663178,267.37982495599806,229.15664011730135,111943300,60250000,27100000,14210300,29746800
2021-03-11,119.30622863769531,155.67950439453125,104.52725982666016,272.5953063964844,229.28233337402344,120.52902944875325,156.58900451660156,105.06120607468662,276.5964387075535,231.25481433839158,118.62146316885641,154.14649963378906,102.3332510030716,266.5637346796895,226.55565245589904,119.87361000523832,155.20050048828125,102.42133087333761,266.8523524969918,227.18414995839444,103026500,55528000,27702000,21834000,29907600
2021-03-12,118.39646911621094,154.47450256347656,102.01228332519531,267.1409606933594,227.94801330566406,118.5334222152771,154.94900512695312,103.3862154039543,268.4746712640375,228.01570378486878,116.56716380866244,152.27499389648438,101.13746797988055,262.78150190481927,225.51140686906064,117.78018017041316,153.75,103.3265033264315,267.8775100939008,226.26559211666006,88105100,48438000,33818000,20600200,22653700
2021-03-15,121.29206085205078,154.08399963378906,102.23323822021484,272.4658508300781,227.03909301757812,121.30184534868131,154.11199951171875,102.26060372768563,274.6654753127633,227.40652185294732,117.79974189337008,151.60450744628906,100.90708173400584,267.2404783484054,224.1383763269152,118.76820554841954,153.72850036621094,101.76248922835384,267.81774422925423,227.18413770439608,92403800,58272000,26168000,16844800,26034900
2021-03-16,122.8376693725586,154.59300231933594,103.69872283935547,277.9699401855469,229.84312438964844,124.45176782276737,156.44549560546875,105.18112981321325,280.8165401696116,232.11534357598322,122.00616637196116,153.79299926757812,102.47457211575943,273.5109442268555,228.131697438005,122.96483796118252,155.24850463867188,102.80797719904601,274.7849387329923,228.46044178352972,115227900,50776000,31900000,22437700,28092200
2021-03-17,122.04530334472656,156.7864990234375,103.61561584472656,282.6777038574219,229.19529724121094,123.12136654730853,158.65249633789062,104.45062059070729,284.8872909355213,230.65533414161612,119.67795534298575,153.51100158691406,101.71968149019554,274.1180408353059,225.5113892608555,121.35075339157471,153.66099548339844,102.93138712872644,274.4166213697443,228.33475184620352,111932600,62372000,26382000,21315000,29562100
2021-03-18,117.90734100341797,151.39950561523438,100.58610534667969,277.3130187988281,223.08445739746094,120.4996801450081,155.8314971923828,102.94532472087755,283.8522069279615,226.43962095239084,117.7019113683554,151.25,100.47861753034802,276.9746173470538,222.70736481006173,120.20620497298519,155.0500030517578,101.92171511759707,278.55715518377326,224.86356013012343,121229700,72992000,31700000,18728300,34833000
2021-03-19,117.37908935546875,153.7480010986328,100.86576080322266,288.7491149902344,222.72671508789062,118.78775822996795,153.864501953125,101.3673604601499,291.42649896009794,224.77655027756867,117.0758371529688,150.8314971923828,99.66997789719977,279.8809374369784,221.75980946954306,117.29105128250436,151.4615020751953,101.00360579522776,279.90083268463866,223.37454008172645,185549500,92508000,46072000,38930500,46430700
2021-03-22,120.70513153076172,155.5435028076172,101.05137634277344,292.1630554199219,228.18006896972656,121.1746903979347,156.32899475097656,101.92967690737808,298.304095845231,229.05994189568952,117.64324051825204,153.00250244140625,100.22084392102161,285.4048978091573,222.52366503268703,117.71171707561217,153.3925018310547,100.8991044723601,289.087553801626,222.6493674880286,111912300,58044000,33536000,28273100,30127000
2021-03-23,119.87361145019531,156.875,101.58084869384766,289.26666259765625,229.7174530029297,121.53661758792646,159.10000610351562,102.71442908460335,296.6020851455431,233.0726168895931,119.4823136932633,156.04249572753906,100.91752371540939,288.4505019191398,229.2243364179776,120.64642246770546,156.35000610351562,101.51217676416674,291.7748303694648,229.63043503272812,95467100,76346000,28510000,23000900,31638400
2021-03-24,117.4769058227539,154.35350036621094,101.14293670654297,280.8165588378906,227.66757202148438,120.22576688443581,158.0155029296875,102.88808737106272,290.35160783223125,230.12350546205144,117.45734429535013,154.25750732421875,100.96727052737164,279.84114486427575,227.5322058437178,120.14750584805427,157.552001953125,102.0998561026989,289.6349839764876,229.97847554080397,88530500,59180000,25218000,18675000,25620100
2021-03-25,117.96603393554688,152.31300354003906,101.13946533203125,277.4324645996094,224.65084838867188,119.0127585740185,155.48899841308594,101.79532632060398,286.7087532292756,229.09862014573517,116.41063491697949,151.85699462890625,99.32961368422106,276.4471182543603,223.9063416834218,116.93888575254493,153.64950561523438,100.96977489287427,279.66197776507255,227.51289551782554,98844700,71270000,35616000,24505600,34061900
2021-03-26,118.5725326538086,152.60150146484375,100.75480651855469,281.6923522949219,228.6538543701172,118.83666177397079,152.83299255371094,101.48431291240783,283.16542060226664,228.8762533024649,116.33236096513146,149.8000030517578,99.7157676953971,276.46697985850045,223.88701638085823,117.73124520868502,152.2030029296875,101.1061237377147,276.9944924323433,223.88701638085823,94071200,66258000,27978000,17629200,25479900
2021-03-29,118.7486343383789,153.7864990234375,101.80278778076172,289.455810546875,227.45489501953125,119.91274312400247,154.5625,101.97297935978399,291.8047255307527,228.96326550344105,118.10299937711603,151.42250061035156,99.79538668638868,283.36452348761327,224.2060913796449,119.00297900233532,152.77200317382812,100.62691385736701,284.4294811797683,228.76020882115643,80819200,54920000,26492000,21718800,25227500
2021-03-30,117.29105377197266,152.76449584960938,101.83662414550781,286.6490173339844,224.17706298828125,117.78017409006814,153.64999389648438,102.64276755981645,291.09805017216587,226.1108741341666,116.27368261472802,151.6999969482422,101.32308053971381,285.3551276693987,223.45188380857425,117.49648340996671,153.50050354003906,102.16057583177923,288.4704196002147,225.801457268997,85671900,46752000,27312000,17474500,24792000
2021-03-31,119.49209594726562,154.70399475097656,102.63529968261719,293.1484069824219,227.96734619140625,120.83228085062457,155.9665069580078,103.816655704226,295.1091672513115,231.18714373342434,118.51385530498492,153.125,101.86299111632219,287.2561633642928,224.69920041677108,119.00297562612528,153.2030029296875,102.23123329560889,288.62969487110405,225.20199547913245,118323800,61878000,42570000,19498200,43623500
2021-04-01,120.32360076904297,158.0500030517578,105.98229217529297,297.259033203125,234.32955932617188,121.47792504243581,158.1219940185547,106.27937188450623,300.98147968952236,234.8033335898547,119.82469594439944,155.77749633789062,104.07392046113148,295.2086987922236,230.17186262783048,120.96924318486211,155.89700317382812,104.11472573543978,297.00024310533706,230.57796117690464,75089100,58806000,39880000,17616000,30338000
2021-04-05,123.1604995727539,161.3365020751953,110.42008209228516,307.4609069824219,240.8271484375,123.41484423200751,161.79800415039062,110.91919881705677,309.3121671435883,241.6876937011501,120.39207673653289,158.06199645996094,106.75012806081834,299.26950297370115,234.66795066477582,121.17467224344372,158.64999389648438,106.8466666341186,299.47853973338397,234.72596263138945,88651200,66698000,48510000,28237000,36910600
2021-04-06,123.46375274658203,161.1909942626953,109.93738555908203,304.8233337402344,239.65725708007812,124.36373236215869,162.36549377441406,110.86993113753334,309.8894527337941,241.14628542659426,122.9159403655152,160.8520050048828,109.56566574641188,303.8180619644527,238.70969358684056,123.74744343345849,161.1875,110.0199908055745,307.3912175085556,239.41553064530655,80171300,50756000,35240000,17335200,22931900
2021-04-07,125.11697387695312,163.96949768066406,111.4188232421875,311.6213073730469,241.62969970703125,125.13653540500879,165.1804962158203,111.69102044331642,312.7758695180281,242.6256112789347,122.41702773888204,161.1824951171875,110.12849096775533,304.06691531506,239.00939383471342,123.09201613924569,161.69000244140625,110.12849096775533,304.9029712736143,239.60887057598896,83466700,66924000,24134000,22855200,22719800
2021-04-08,127.52346801757812,164.96499633789062,111.9861068725586,311.5516357421875,244.8688201904297,127.5528140466846,166.22500610351562,113.04902597144466,314.39823549157427,245.72936550341456,125.72350857412272,164.60000610351562,111.61686995474146,308.5955665742663,243.6601883040011,126.14414494249527,165.5449981689453,112.66137580353075,313.3730683592338,244.40470967710712,88844600,56242000,28664000,20894100,23625200
2021-04-09,130.10598754882812,168.61000061035156,112.9932861328125,310.9942626953125,247.3828125,130.14511060136672,168.61000061035156,113.15750194180373,313.26356615401016,247.518178698684,126.65279975013205,164.44500732421875,111.33073299675657,308.87424952184057,244.08566074528554,126.97562090894628,165.23500061035156,111.7377910863765,309.9392375138211,244.50142308631172,106686700,86830000,26146000,15988600,24326800
2021-04-12,128.38430786132812,168.96949768066406,111.69698333740234,310.0785827636719,247.4408416748047,129.9592758997672,169.7519989013672,112.30755906868903,310.68570669039485,249.14260515231663,127.78758046970171,167.5574951171875,110.86097629130978,306.48550138165064,246.1935250574183,129.6364546951069,167.760498046875,112.1697216656889,309.59086068585566,246.28055778347118,91420000,65636000,25024000,10881900,27148700
2021-04-13,131.5048828125,170.0,112.18515014648438,308.3069763183594,249.93544006347656,131.7298889082425,171.60000610351562,112.6350029225419,312.9550531039266,250.61228584329,129.05928119869824,169.781494140625,111.61885729411927,307.86903785630517,248.33037309194663,129.5581934810451,170.04249572753906,112.01397146501857,310.7454655451713,248.74616496060787,91266500,66316000,25682000,14036900,23837500
2021-04-14,129.1571044921875,166.64999389648438,111.56212615966797,301.3995056152344,247.1313934326172,132.06248025187,170.2064971923828,112.83205568913267,306.5850574639895,250.26415806660793,128.79516024880334,166.3000030517578,111.26903279031623,300.53359156772814,246.71563111541306,132.0037882044852,170.20199584960938,112.83205568913267,305.8584708942408,248.95885914085616,87222800,62904000,21002000,17421400,23070900
2021-04-15,131.57337951660156,168.95449829101562,113.71881103515625,306.3760681152344,250.9119873046875,132.06249988655176,169.85000610351562,114.25375956725094,308.6851926200754,251.32774960452076,130.73209188321647,167.60000610351562,112.02292426332264,302.67351688313573,249.2005751238479,130.90818297831848,168.5500030517578,112.5593610414897,304.90299964674796,249.39393852702798,89347100,64672000,29174000,14558300,25627500
2021-04-16,131.24078369140625,169.9720001220703,113.59441375732422,304.7437438964844,252.1109619140625,131.73968110440896,170.33999633789062,114.16618123351545,307.50076964216527,252.3623668176979,130.37992704769707,167.7794952392578,113.00572887051489,303.1811012634827,249.07489361125147,131.37773680047187,169.0,113.91737077070839,306.72442973125106,250.8830023994161,84922400,63720000,26282000,13059200,24878600
2021-04-19,131.9059600830078,168.60049438476562,113.94324493408203,300.82220458984375,250.17710876464844,132.52225644299975,171.79649353027344,114.656335032915,306.25661399956397,252.82644978478928,130.4385991700877,168.00799560546875,112.96890689363877,299.15009263658635,249.28757226753683,130.60489828233995,169.51649475097656,112.96890689363877,303.57923016247355,251.5791334818169,94264200,54508000,30290000,14553500,23209300
2021-04-20,130.213623046875,166.7344970703125,113.4083023071289,301.23028564453125,249.71304321289062,132.5809638018916,169.14950561523438,114.40304297259718,303.66880502943184,251.58884238878173,128.9419071234644,165.8000030517578,112.3190124548569,295.8158018435098,248.3400243131991,132.0820664075215,168.67999267578125,114.32790173001689,300.5733780097284,249.28760239933078,94812300,52460000,22288000,16796400,19722900
2021-04-21,130.59515380859375,168.1009979248047,113.3754653930664,300.0558166503906,251.95626831054688,130.83971402171846,168.14300537109375,113.45756950372018,300.56343397916174,252.05296477976358,128.4430269184505,165.1905059814453,111.70693643834593,295.99496914348543,248.73648538972924,129.4799598338159,165.8000030517578,113.0619617843849,300.53357592302353,250.37055834434713,68847100,44224000,23204000,14863500,24030400
2021-04-22,129.06907653808594,165.45199584960938,112.09009552001953,295.1290588378906,248.65914916992188,131.2309800623084,168.64349365234375,113.89944579072058,301.4990617106976,253.11657023517938,128.55061017652483,165.07249450683594,111.48299745194407,294.65132988452746,247.17976989137549,130.1451323202757,168.58399963378906,113.22864927487409,299.91649342940775,251.59852122072658,84566500,51612000,24146000,16375400,25606200
2021-04-23,131.3972930908203,167.04400634765625,114.44933319091797,299.7174377441406,252.50733947753906,132.17987368023367,168.75,114.75736219886252,301.17058054276225,252.8554407657299,129.2842896751612,165.4250030517578,112.52453724073946,295.7560965437511,248.75574180180948,129.2842896751612,165.9550018310547,112.81066776817248,297.3585600087054,249.34556944016214,78657500,63856000,29066000,17536800,21462600
2021-04-26,131.78860473632812,170.4499969482422,114.94694519042969,301.6184997558594,252.89414978027344,132.12120303338915,171.42250061035156,115.67347506131698,304.36553241385843,253.7547099344064,130.65384180036304,166.5469970703125,114.31944443209228,300.1454312476386,251.5598448286297,131.89621182382086,167.39999389648438,114.67773209539389,301.91708035745967,253.00052474103498,66905100,97614000,32038000,16172600,19763300
2021-04-27,131.4657440185547,170.8715057373047,114.00395202636719,302.1459655761719,253.30030822753906,132.46355353704712,173.0,115.37091360814864,303.9076516014449,254.47993445879493,131.19183786473573,169.90049743652344,113.76409384172325,299.69748352480445,251.5115266339987,132.07224836961583,172.17349243164062,115.33010833149295,302.85262647339385,252.92320080988765,66015800,76542000,44386000,15309300,31014200
2021-04-28,130.67340087890625,172.9250030517578,117.39076232910156,305.659423828125,246.135498046875,132.08206994398435,174.49400329589844,120.99054864114056,309.4615117946956,248.04998184217743,130.1842805050191,171.25,117.10114660558713,303.9375281889594,244.5787793719644,131.38751244528612,171.74000549316406,119.05579837072018,305.9181835337125,247.60518400104692,107760100,92638000,81106000,33907200,46903100
2021-04-29,130.57553100585938,173.5655059814453,119.06873321533203,327.9642639160156,244.1533203125,134.0874255635315,175.72250366210938,119.6360207102655,330.2534623657785,247.6245225237297,129.56794453712286,171.75,118.1277289193166,320.10129886157176,240.75948707118079,133.50047532318814,175.2550048828125,118.89307462546185,328.57138779964833,247.00570354871914,151101000,153648000,41234000,56526800,40589000
2021-04-30,128.59951782226562,173.37100219726562,117.11508178710938,323.5550842285156,243.83425903320312,130.65381415781053,177.6999969482422,118.52583278569314,328.2728702411657,244.70448296798347,128.21800457946676,173.125,116.76973276121194,322.97781828784815,241.339655446737,128.91254705716273,176.25599670410156,117.83762526818644,324.61013986908836,241.47502164719492,109839500,140186000,44856000,26332400,30945100
2021-05-03,129.65603637695312,169.32449340820312,116.5965576171875,321.0668029785156,243.5248565673828,131.1527586179982,174.33250427246094,118.51090528759072,327.00879964754824,245.93245693705362,128.96149372877142,168.63499450683594,116.21936316034822,320.33028394858235,242.80934107804293,129.16691594936623,174.2364959716797,117.68286337787097,324.6399894534123,245.01388477039796,75135100,117510000,28242000,18719500,19626600
2021-05-04,125.06807708740234,165.593505859375,114.79268646240234,316.8666076660156,239.5895233154297,128.62888024649274,168.3990020751953,115.69636320160089,320.6786587352525,242.8963533290899,123.94309874398557,163.60650634765625,112.29711784271197,311.65119741922877,237.62670619996604,128.33540503920676,167.8094940185547,115.12708626405683,318.5188245064735,242.6642906822587,137564700,108788000,44818000,24032600,32756100
2021-05-05,125.31262969970703,163.52699279785156,115.18779754638672,313.5422668457031,238.31324768066406,127.61148620627858,167.73500061035156,116.19448215391392,319.5539424122972,241.24297075441083,125.18545364222994,163.21800231933594,114.86484054405638,313.0147542291022,237.68476488082388,126.38868542828287,166.9429931640625,115.87750091536309,316.697410108755,240.81752988826238,84000900,74226000,26636000,15577600,21901300
2021-05-06,126.91694641113281,165.31849670410156,116.3114242553711,318.5188293457031,241.46533203125,126.9267234439276,165.72000122070312,116.3114242553711,318.7377985778719,241.5910344808198,124.36373027215305,162.36000061035156,114.10646611417098,311.8004924545921,236.5921342853169,125.10719525066649,163.5,114.76780169468033,313.04462891590896,238.2938828346981,78128300,88954000,25190000,19012200,26491100
2021-05-07,127.59307861328125,164.58050537109375,117.03694915771484,317.5832214355469,244.10496520996094,128.6219640145826,166.54449462890625,117.9983561400744,321.42513044301256,245.88406776126646,126.87773920490686,164.45350646972656,116.74982396318221,317.25478278987566,242.8576488723059,128.22021545550038,165.95449829101562,117.63211092314187,320.8677597643788,243.80521211644367,78973300,94206000,28898000,15916700,27032900
2021-05-10,124.30059051513672,159.52450561523438,114.04227447509766,304.53472900390625,238.99972534179688,126.9365223057384,164.14999389648438,115.99543808100397,313.1043258444617,243.39914888697365,124.26139353065895,159.5,113.6834856654911,303.4000620410102,238.94171336489754,126.80914518929129,164.11599731445312,115.85311315407462,312.8754241892421,242.5676094591956,88071200,116772000,30914000,24239200,29299900
2021-05-11,123.37950134277344,161.19549560546875,112.96292877197266,305.0921325683594,238.08116149902344,123.73225929039904,161.89999389648438,113.47149891287674,305.4006759951659,238.43892660322572,120.30260126371391,156.36849975585938,111.1645276228982,298.28422118024974,234.54229821975156,121.01793322731803,156.81399536132812,111.61985500008853,299.3392465185739,236.45676717461123,126142800,92396000,34186000,18920100,33641600
2021-05-12,120.30260467529297,157.5970001220703,109.4890365600586,301.1307678222656,231.0904541015625,122.13502470718254,160.39700317382812,111.86418624163223,303.52946649192836,236.29241130423097,119.79305875777395,156.65499877929688,109.15911669437793,296.79123455641644,230.191238914293,120.91994792228226,159.25,110.7798698646749,299.71744585471544,234.15554329136458,112172300,98728000,46376000,24645500,36684400
2021-05-13,122.4583969116211,158.07350158691406,110.92169189453125,303.82806396484375,234.9871063232422,123.61468197456075,160.19200134277344,111.43921428648419,307.4111524061888,237.47206121515305,121.7626671457256,156.64999389648438,109.8109971320314,301.34972366445834,233.43038745517876,122.07623559621457,159.27349853515625,110.77638288716878,304.6441943379279,233.79781636621578,105861300,67018000,33204000,18079200,29624300
2021-05-14,124.88853454589844,161.14500427246094,113.376953125,314.45794677734375,239.93763732910156,125.31969391364765,161.4429931640625,113.69244612252074,315.36368166667563,240.93354899396118,123.32069249416574,159.14999389648438,111.96470623927483,307.63011083254275,237.36567944671805,123.71265487611407,159.2779998779297,112.38967644589917,308.0879748696261,237.45269741654624,81918000,66500000,31996000,19245700,23901100
2021-05-17,123.73226165771484,163.51950073242188,113.90143585205078,313.9801940917969,237.06590270996094,124.37900077220148,164.6374969482422,113.94423051813176,314.1991633045271,238.42924311687713,122.65437060963178,161.72950744628906,112.23888281684411,310.11838999878535,235.46085066217177,124.27121091978704,162.29649353027344,112.63996511842838,312.0791501027351,238.39057338540377,74244600,74478000,21598000,15401300,24970200
2021-05-18,122.34078979492188,161.61399841308594,112.58523559570312,308.5060119628906,235.035400390625,124.43777993260704,165.60000610351562,114.83498539001295,315.015342231373,238.25519760869244,122.27219693905593,161.51849365234375,112.5713022709001,308.3567216670497,234.86134972147687,124.01642168198467,164.62899780273438,114.56975107464842,314.10960727070574,238.11983142326952,63342900,56568000,22204000,14522400,20168000
2021-05-19,122.18402862548828,161.58999633789062,113.03458404541016,312.1189270019531,235.6168975830078,122.40940198347324,161.7375030517578,113.20825325301088,313.1839148581331,235.7235033869886,120.39080549827442,159.1999969482422,110.74254838311828,302.1459423530779,231.23640313623346,120.68477919902028,159.75,110.89133502717809,302.76302903627203,231.92448304457386,92612000,53594000,23684000,19106200,25739800
2021-05-20,124.7513656616211,162.38400268554688,114.79866027832031,317.11541748046875,238.8732147216797,125.1531292132296,162.98399353027344,115.04995367632121,317.75242988360776,240.2978492693949,122.58578236741039,161.8090057373047,113.63273332390318,311.6910011150971,236.3340769942939,122.71317445746266,162.22000122070312,114.0049543138836,312.10901392703676,236.43099674377723,76857100,52664000,32352000,17320200,21800700
2021-05-21,122.90914916992188,160.1540069580078,114.16069793701172,314.74664306640625,237.6036376953125,125.42749785117249,162.83450317382812,115.39281381561896,318.4292689263943,240.66611830409525,122.69356946182035,159.85049438476562,113.92034619778136,314.32859983259084,237.18691532018093,125.25111513327683,162.5,115.31916082166767,317.79228682537394,239.9295785121088,79295400,82098000,40632000,13600900,21863100
2021-05-24,124.54557037353516,162.24949645996094,117.49028778076172,323.1072082519531,243.04049682617188,125.36869212394858,162.8975067138672,117.71470921979483,324.42102359552996,243.4087741049209,123.4088876885631,160.52499389648438,115.04796201657045,316.5381619084933,239.87141050800008,123.47748054475917,160.77499389648438,115.19376457687339,316.7173102623199,240.14276804353833,63092900,48456000,31832000,16445400,21411500
2021-05-25,124.34960174560547,162.95249938964844,117.58135223388672,326.25238037109375,243.95152282714844,125.74106867528869,163.99099731445312,118.63282089487157,327.6358442337782,244.9497342108329,123.78125662475325,160.68800354003906,117.18972330541762,323.2763854894499,243.07930416944234,125.25111005560896,163.33349609375,118.03567732658347,325.5456890362261,243.99998270543847,72009500,65222000,22440000,16437000,17704300
2021-05-26,124.30059051513672,163.25799560546875,118.44921112060547,326.12298583984375,243.7285919189453,124.82973859149602,164.7864990234375,118.88114420700485,328.28278959364997,245.13383947058784,123.87923227707617,162.92550659179688,117.76000126939165,324.2916207267979,243.01142426646751,124.40838035343548,163.72950744628906,117.76298535487912,326.8097515540389,243.6704312001958,56575900,47680000,21572000,9686900,17771600
2021-05-27,122.76215362548828,161.5054931640625,117.5718994140625,331.1890869140625,241.61587524414062,125.07472355131192,163.01800537109375,118.88412246880004,332.2142540222155,243.71890365055134,122.56617616440937,161.5019989013672,117.25242764141713,325.2271954148985,241.55772931026675,123.89884383271658,162.8000030517578,118.88412246880004,326.4613689190458,243.418473133618,94625600,51224000,35224000,20477700,24426200
2021-05-28,122.10563659667969,161.15350341796875,117.28177642822266,327.18798828125,241.9744415283203,123.27172282529529,162.39950561523438,118.23820230611524,331.3085523734299,244.30038230069232,122.04684484601398,160.98500061035156,117.08273111254248,326.789840321142,241.85814966545857,123.0463419876403,162.10000610351562,118.15609820149749,329.44732912018156,243.25371117130643,71311100,46596000,21482000,12037400,18270200
2021-06-01,121.78225708007812,160.9324951171875,118.49248504638672,327.5860595703125,239.76480102539062,122.83075224575715,162.5489959716797,118.71790875952479,329.86532570978346,243.53474828754858,121.449093885405,160.4530029296875,117.15388368433689,325.10774985334245,239.33839261028746,122.56618191328505,162.1750030517578,118.1570905828654,328.6012638264931,243.47660235766526,67637100,48600000,23354000,11765900,23213300
2021-06-02,122.54657745361328,161.69949340820312,117.96551513671875,327.6059875488281,239.6679229736328,122.72296016407643,161.75,119.11252766020083,330.3132295435605,241.57712675444566,121.5568815278501,160.39999389648438,117.05834561985145,325.58551127009054,238.25297444018346,121.78225486696007,161.15499877929688,118.88909332605556,328.83022868917175,240.4723095990206,59278900,40290000,21158000,11654300,19406700
2021-06-03,121.05713653564453,159.35049438476562,116.82048034667969,324.5105895996094,238.12696838378906,122.34080621458908,160.7220001220703,117.29023457883467,325.8443001574359,238.7375154318653,120.65537298589332,159.20150756835938,115.92177715899341,321.96260071683287,235.50059719238536,122.17422461028026,160.2115020751953,116.7284216987851,324.2517995120947,237.65208531272862,76229200,47966000,18696000,12610800,25307700
2021-06-04,123.35990142822266,160.31100463867188,119.10903930664062,328.80035400390625,243.05018615722656,123.62447923898972,161.0500030517578,119.38074292143739,330.9004415405156,243.8836456812786,121.36089981512367,159.9405059814453,117.55845396785828,323.65459279961755,239.87141373709244,121.57647951987867,160.60000610351562,117.89982420271934,324.37121653770294,240.11369831050433,75169300,44994000,24458000,13289400,25281100
2021-06-07,123.36968994140625,159.90049743652344,119.54347229003906,335.0010986328125,245.9769744873047,123.7812470760429,160.39999389648438,119.6534506447416,336.10590744645873,246.24833201164998,122.32119487398776,158.61000061035156,118.48354488660895,327.3869906581949,242.10042152479943,123.63426024908394,159.8665008544922,118.90353403016783,327.93442884719076,242.2651732511608,71057600,44316000,24120000,20136700,23079200
2021-06-08,124.19281768798828,163.20550537109375,119.35138702392578,332.11474609375,244.77525329589844,125.87825834715188,163.97650146484375,120.40037275616211,336.7130694543896,248.1090912201015,123.67347065562662,160.90049743652344,119.16925910663717,330.6814985041449,244.7170925794638,124.05563196155543,161.1304931640625,120.02666352139211,335.12059913209447,247.28531779785183,74403800,68334000,24240000,14580500,22455000
2021-06-09,124.5749740600586,164.0574951171875,119.82412719726562,328.7008361816406,245.76377868652344,125.1825161645287,164.87899780273438,120.06994596281687,335.2200987540202,247.64390936023426,123.97723307167732,163.53500366210938,119.27475179338707,328.45200890216927,245.39551618717297,124.6533680366472,163.64349365234375,119.9977964011233,334.16507351901566,245.97699029619437,56877900,49110000,17942000,13727900,17937600
2021-06-10,123.57546997070312,167.4824981689453,121.17715454101562,330.9004821777344,249.30113220214844,125.61366838929395,167.5500030517578,121.22045035217171,332.3735507020428,249.51434381577496,123.40888838700712,164.0574951171875,119.61711580354225,327.0088196307734,245.84131608625833,124.4671771062987,164.10049438476562,119.77336645278285,329.2383328532977,246.44217711309096,71186400,69530000,25904000,13240200,24563600
2021-06-11,124.79055786132812,167.3415069580078,120.93183135986328,329.70611572265625,249.9310760498047,124.87875295690584,168.32899475097656,121.50508704379196,331.2687279892512,250.51253533585495,123.56567997208057,166.67250061035156,120.37250140708053,327.3870284147638,248.69055070422525,123.98703826502418,167.4824981689453,121.41949770819923,331.0199007040351,250.02796621364502,53522400,56348000,21958000,13587900,18999700
2021-06-14,127.8576431274414,169.19349670410156,121.86288452148438,335.19024658203125,251.86936950683594,127.91643487089928,169.25,121.86337807249288,335.24003026345406,251.9275154393582,124.51618029717535,166.77499389648438,120.32473660004977,328.2629035047306,248.87470610316913,125.2511069946426,167.3415069580078,121.0343414607894,330.3430959527123,249.9407641590007,96906500,51394000,22098000,12250800,19150500
2021-06-15,127.0345458984375,169.156494140625,120.84175872802734,335.1703186035156,250.38653564453125,127.97525877663664,169.84950256347656,122.19130175131006,338.32546161925774,251.966235670972,126.78957029967069,168.15550231933594,120.47998585892422,333.45838584288754,249.72752875489684,127.32851960738247,169.1999969482422,121.86735007353872,335.4091830528614,251.75302408011953,62746300,48524000,21562000,15795200,18038900
2021-06-16,127.53430938720703,170.7624969482422,120.19783782958984,329.5269470214844,249.4368133544922,128.2594426483617,171.3175048828125,121.30604205013579,335.96659857383884,252.53803808161632,125.87828665715806,168.02650451660156,118.9015375278692,327.1780319572811,246.5681575606938,127.74988914181718,169.60000610351562,120.99353315247284,335.1206100778968,251.39446201803466,91815000,84056000,26472000,17232200,27220000
2021-06-17,129.14129638671875,174.46200561523438,121.16422271728516,334.9314880371094,252.84814453125,129.88603158210103,174.86000061035156,121.93951542973383,336.39459368620845,253.6719178970686,127.04430640625819,170.0500030517578,119.92663975252745,328.60130611926826,248.10907422385236,127.19130069845629,170.15899658203125,120.12320213876866,328.9397075815492,248.1672201484278,96721700,102730000,25842000,17794100,27565500
2021-06-18,127.83802032470703,174.34500122070312,119.53948211669922,328.1136169433594,251.42355346679688,128.8669054535621,175.35000610351562,121.02437959098219,334.57316358557347,254.2049757817465,127.62244069051775,173.6855010986328,119.44393824032993,327.4567092616118,250.76454649110775,128.08299582245687,173.99949645996094,120.78950247680184,332.96076762784065,251.61739296588433,108953300,104954000,46116000,23039500,37202200
2021-06-21,129.64108276367188,172.697998046875,121.23289489746094,330.7312316894531,254.52481079101562,129.74887261931582,174.10000610351562,121.41950273978642,331.35828121097006,255.3873285471839,126.61318811711466,171.6999969482422,119.32800058512855,326.1129834115264,249.96017742223518,127.68127808078076,173.8209991455078,119.9271411452903,329.53684875566665,251.80153438075388,79663300,65542000,27414000,11337500,26696100
2021-06-22,131.28729248046875,175.27200317382812,121.74842071533203,337.43963623046875,257.31597900390625,131.38528868125076,176.18899536132812,121.81759378430363,338.32547589153086,257.58733660763,128.97472269195052,172.80450439453125,120.48795224163028,331.0398061349241,254.30194281449093,129.47448238296937,172.9029998779297,121.17068511721547,331.1293803072075,254.61207424039256,74783600,66902000,22390000,15345300,24694100
2021-06-23,131.01292419433594,175.1909942626953,121.5458984375,338.9923095703125,257.0832824707031,131.62047373989773,176.0500030517578,122.50978839268653,341.80905122369285,258.59513571313266,130.5523689534629,174.16000366210938,121.25479445301924,336.613536708315,256.26920992291423,131.0815245269483,175.25,121.51255716784965,337.758136054017,257.78106316534377,60214200,56266000,19148000,14817800,19518700
2021-06-24,130.72877502441406,172.45399475097656,121.91712188720703,341.5701599121094,258.45947265625,131.9340507183845,176.2429962158203,122.46997494722375,343.2820927302898,259.58367653357374,130.25841113476253,171.54249572753906,121.71807656217918,340.1866960972433,257.2771228521467,131.74786688107946,175.3820037841797,122.11616721223488,340.24641221158737,257.94583058586295,68711000,76640000,21362000,12329100,21446900
2021-06-25,130.43478393554688,170.072998046875,121.92558288574219,339.7686462402344,256.8409729003906,131.19910646414033,173.24099731445312,122.04949456348052,342.50574613338665,259.0021615467215,130.1408102817522,169.70899963378906,120.98657549930995,338.08657151230705,256.5890171016949,130.7777556903275,173.1999969482422,121.41950326559025,340.9829244987188,258.0136513154963,70783700,78820000,34594000,14594400,25611100
2021-06-28,132.07119750976562,172.1945037841797,121.95294952392578,353.9717102050781,260.42681884765625,132.53175267085416,172.39999389648438,122.20076527318163,356.45998272522036,260.6012566258516,130.66994475096507,170.67550659179688,120.82782790498153,340.16674874881573,257.7035428658539,130.72873648180723,170.8000030517578,122.09476570644414,340.85351439432867,257.974900379408,62111300,44856000,28526000,29156100,19590000
2021-06-29,133.590087890625,172.40699768066406,121.69070434570312,350.23931884765625,263.0240783691406,133.74687585363333,172.80149841308594,122.43564746347714,355.0665434773281,263.2663628977739,131.64988544279703,171.15150451660156,121.1119740224828,347.41261439466916,259.7096425798563,132.09083850565023,171.9409942626953,122.08681320150404,354.5987470052938,260.5721601224017,64556100,41968000,23108000,21417300,19937800
2021-06-30,134.20741271972656,172.00799560546875,121.50857543945312,346.0789489746094,262.5395812988281,134.64836572202546,173.5800018310547,121.67528178366047,351.2645317094801,262.98537667253856,133.1393079515186,171.75,120.7770721013412,345.5415038831109,261.27971323478516,133.4332816037582,172.05299377441406,121.41402625256768,350.5180498190841,262.3360705201841,63261400,48080000,24474000,15107500,21656500
2021-07-01,134.51116943359375,171.64849853515625,121.86188507080078,352.7276306152344,263.21795654296875,134.5699611689942,172.85000610351562,122.00370125273878,353.0063159672879,263.45054026043147,133.03150764945613,170.4709930419922,120.95322732724782,344.87462670025764,261.27968002877276,133.85463680142217,171.73049926757812,121.14580333015576,345.19313292386886,261.28935129983205,52485800,40742000,18110000,17137000,16725300
2021-07-02,137.14710998535156,175.5489959716797,124.66149139404297,353.03619384765625,269.08123779296875,137.18629949198788,175.58599853515625,124.80729394384096,354.76802217733024,269.42044210645486,134.9815196787238,171.8459930419922,122.47395200301078,350.96593365237914,264.0901815611833,135.12849901876004,172.58200073242188,122.56402125859373,353.4343114623089,264.4003129092707,78852600,63388000,25982000,11521300,26458000
2021-07-06,139.1657257080078,183.78700256347656,125.58956146240234,351.1251525878906,269.0909118652344,140.27300511470358,184.2740020751953,125.82642797114575,357.1069701606323,270.7481298795678,137.25491925633426,176.4499969482422,123.9897045454052,347.5420336560119,265.83459218582897,137.25491925633426,176.5054931640625,125.0506341559567,354.82770375509466,269.44948826138983,108181800,134896000,26404000,13488500,31565600
2021-07-07,141.6644744873047,184.82899475097656,125.87220764160156,348.8458557128906,271.2908630371094,141.9780354300495,186.7100067138672,126.67835105188155,354.8177099529438,272.0274175708418,139.79285761414,183.94549560546875,125.55273588133367,348.35816400310114,268.5966598869987,140.6551614207794,185.86900329589844,126.55693750796647,353.59349927336257,270.77722094799395,104911600,106562000,24060000,14218900,23260000
2021-07-08,140.3612060546875,186.57049560546875,124.44900512695312,344.028564453125,268.85833740234375,141.16471813821977,187.99949645996094,124.99787935955246,346.6959853970699,270.1279061016344,137.84285005243268,181.05599975585938,123.43187251721065,340.9530631568389,266.3870172014392,138.73456470357425,182.17799377441406,123.43585129730475,344.1082061861982,268.35436660059395,105575500,103612000,23790000,14406500,24618600
2021-07-09,142.19358825683594,185.9669952392578,124.92125701904297,348.7762145996094,269.3622741699219,142.72272878930693,187.39999389648438,125.1362250527908,349.0648323577811,269.46886517575774,139.7830226148444,184.6699981689453,123.95885535984911,343.6503486347571,266.82313681336774,139.88101880150734,186.12600708007812,124.43010544209602,343.7001323124717,267.21078617893124,99890800,74964000,18632000,13018700,23916700
2021-07-12,141.5958709716797,185.92750549316406,126.37133026123047,351.50335693359375,268.76141357421875,143.3793001913862,187.864501953125,126.46488475430863,352.52852406692165,271.13578442629563,141.10591986105104,184.83949279785156,125.01332084819249,347.9998799207811,268.0442311924346,143.27151034896303,187.1999969482422,125.57762429893366,349.5824177067287,270.54462431878187,76299700,51432000,17668000,10018600,18931700
2021-07-13,142.71298217773438,183.8679962158203,126.73558044433594,350.4383544921875,272.3084716796875,144.496411688261,188.6540069580078,127.44816936734279,356.80832624137537,274.12075544543404,140.7433837745926,183.5659942626953,126.07175435939051,347.1637792621625,268.82926896816707,141.13533874616226,185.10499572753906,126.43402078790348,349.8511258064614,268.95523209497554,100827100,76918000,19240000,11456000,26120100
2021-07-14,146.15240478515625,184.08399963378906,127.62682342529297,345.9992980957031,273.7912292480469,146.56397686036559,185.88299560546875,128.71114739493328,353.53379507228595,274.90573220957884,144.71194737828577,183.04150390625,127.30585581569756,345.1035260043988,271.89169717238013,145.1235194534951,185.4425048828125,127.34915162866419,352.8967826854956,273.63616359437515,127050800,65932000,23742000,13894200,23113700
2021-07-15,145.49588012695312,181.55999755859375,126.40068054199219,342.8441467285156,272.3569641113281,146.98533571546386,184.77000427246094,128.0876150688026,347.5917903348502,273.7912995945101,144.13381661407468,181.04600524902344,125.92794221134592,338.62404607792644,271.19398619785545,146.24061539726927,184.7100067138672,128.03686284017635,347.5917903348502,273.2970295449207,106820300,63706000,24218000,14781600,22604200
2021-07-16,143.44789123535156,178.68150329589844,126.36585235595703,339.55963134765625,272.0856018066406,146.7501570666892,182.30299377441406,127.20334766110668,344.3669605840488,275.33222131414186,142.94814646554318,178.5229949951172,125.5532396143855,338.54442707475414,270.8354050077777,145.47629609045745,181.66549682617188,127.05555571192009,343.29204019947133,273.3648715740466,93251400,80874000,20424000,11026100,26186800
2021-07-19,139.58706665039062,177.47950744628906,123.9852294921875,335.3694152832031,268.4610290527344,141.17451839605775,177.510498046875,125.60448672400716,338.1960894981891,271.7173197761121,138.82274412371135,174.95799255371094,122.91732944651262,332.9707166937655,265.9800371942306,140.8609425122298,176.62899780273438,125.489534904897,335.98650206877016,270.32175815873427,121434600,75692000,27968000,14372300,32935600
2021-07-20,143.21270751953125,178.6595001220703,125.60897064208984,340.05731201171875,270.6997375488281,144.1436266165373,179.60000610351562,126.43850077838984,341.8389238121627,272.298809949743,140.08683190917176,175.89999389648438,123.75881501817668,332.93089518436625,267.73417649236615,140.57678303301844,178.36599731445312,124.9302089444466,337.2107121804647,269.4495407659648,96350000,65114000,26312000,11024300,26259700
2021-07-21,142.47775268554688,179.25999450683594,126.94210052490234,344.6059265136719,272.7155456542969,143.19309195056664,179.32249450683594,126.9888739739733,344.89454432151797,272.831837532653,141.72323886941402,177.1820068359375,125.4238541100995,339.6492756008784,268.7324009418103,142.6051447372581,178.81900024414062,125.5333313160581,339.89810290901096,270.2926996026849,74993500,46380000,20746000,9279700,24364300
2021-07-22,143.84967041015625,181.90150451660156,127.81044006347656,349.5426330566406,277.3092041015625,145.22152774257404,182.00100708007812,127.87165557477799,349.8909973442293,277.58056160020396,142.87956168443856,179.11349487304688,126.89233647652684,343.5906732305134,274.6731471537246,143.0069537767786,179.3614959716797,127.23569611694488,345.05377893884514,275.08016861381213,77338200,65308000,14302000,12385400,23384100
2021-07-23,145.57431030273438,182.83200073242188,132.38209533691406,368.05535888671875,280.73028564453125,145.73109828833122,183.3054962158203,132.7642708837393,373.56934940555897,281.04038740226895,143.9672708306799,181.1020050048828,129.18289754735918,355.5144582100015,277.65810442516977,144.58461417888918,182.0,129.80988959225203,359.2170092598052,278.50124995779606,71447400,48726000,41506000,33694300,22768100
2021-07-26,145.9956512451172,184.99099731445312,133.39723205566406,370.71282958984375,280.1293640136719,146.81876560092866,185.60400390625,133.5982667591998,372.6835525995639,280.74962661183065,144.731568886007,182.3625030517578,131.67197525217534,366.49272860375424,277.7937671523044,145.29012038238656,183.6584930419922,132.6940965511764,367.84633443913236,280.0809189375807,72434100,58002000,30572000,14925200,23176100
2021-07-27,143.8202667236328,181.3195037841797,131.27239990234375,366.08465576171875,277.6968994140625,146.21123076065714,184.9250030517578,133.75951753824316,371.39960297387034,280.64305857964337,142.62478470512065,179.3074951171875,129.4849554207035,362.83993821529435,274.217696432941,146.1230281888383,184.9250030517578,133.6117255746799,370.1654293485959,280.4976937484065,104818600,82638000,54710000,15705400,33604100
2021-07-28,142.0662384033203,181.51600646972656,135.44644165039062,371.5289611816406,277.3868103027344,144.01624946103246,182.92100524902344,137.6389624126458,375.77891989278095,281.1955173399742,139.67527427888382,180.0500030517578,134.63382884778994,365.2087426356394,275.07055519449796,141.8996567982077,181.68899536132812,135.66340668703342,372.8029555513928,280.0713131809367,118931200,59988000,95130000,29676900,33566900
2021-07-29,142.71298217773438,179.99600219726562,135.13143920898438,356.6391906738281,277.6581115722656,143.60469693299768,181.8975067138672,136.01073448465564,363.8053985051132,279.71267995195393,141.67428804616338,179.00050354003906,134.89805792374722,355.0665851685407,277.2510604896139,141.78207790616358,181.3874969482422,135.502164347923,359.3066119714549,277.40612616035014,56699500,110400000,31716000,33413200,18168300
2021-07-30,142.92852783203125,166.37950134277344,134.08544921875,354.628662109375,276.1172180175781,143.38908303752456,168.40699768066406,134.66070190945484,359.0379050282588,277.81321017411824,141.2136990739111,165.3489990234375,133.61619609988043,351.2844377176973,275.1480796424123,141.478276840329,167.3975067138672,134.39248350863042,352.33946305848326,276.3692034593632,70440600,199312000,25576000,15976200,20944800
2021-08-02,142.5954132080078,166.57400512695312,134.21282958984375,350.2990417480469,276.0299377441406,143.996666578683,167.9459991455078,134.69253074494515,357.71407614594534,277.91973941010735,142.33083535156817,165.85000610351562,133.15737467086495,349.094695895471,274.9832519692441,143.41852770345864,167.65499877929688,134.47407749953126,356.420186495806,277.5223892155401,62880000,67078000,21634000,13180400,16267400
2021-08-03,144.39837646484375,168.31199645996094,134.98464965820312,349.5923767089844,278.25897216796875,145.06470272695086,169.5500030517578,135.08615411628443,352.1105076477053,278.36559275584085,142.26218207607747,164.98849487304688,132.68514239501812,346.0690041816964,275.23526553226986,142.87952519406235,167.03599548339844,134.4919946425515,351.0754079995655,276.6114548732623,64786600,83146000,20762000,12406100,17879000
2021-08-04,143.9966583251953,167.73599243164062,134.48255920410156,357.23638916015625,277.66778564453125,144.8197727734675,169.44400024414062,135.00406801076176,358.789069072342,278.71444185138466,143.3401254948741,167.2779998779297,133.84709325917578,349.86114439006076,275.86517327482574,144.310234278132,168.96749877929688,134.70549241168933,350.76687940124015,277.38672729493874,56368300,43678000,19676000,14180600,16191300
2021-08-05,144.10443115234375,168.79949951171875,135.60317993164062,361.267333984375,280.5848693847656,144.86875375710454,169.4499969482422,135.70122193743754,362.1929641286695,280.69148996173595,143.2323186955207,167.04600524902344,134.20436531020974,355.22580064577613,277.2704334405897,144.0260371733782,167.81100463867188,135.0348977292048,357.95296814940156,278.0263600222219,46397700,48670000,17870000,10247200,13900200
2021-08-06,143.41746520996094,167.2469940185547,135.09262084960938,361.8048095703125,280.5267333984375,144.36939566640558,168.75,135.8231370611958,363.43710064957736,280.5655072074138,142.91697171230874,166.45199584960938,134.56664735492504,359.7046916389879,278.7435226702853,143.62355957636092,168.75,135.39468924235564,359.7046916389879,279.6060698594421,54126800,52752000,20488000,8925000,16589300
2021-08-09,143.368408203125,167.093505859375,136.26153564453125,359.9137268066406,279.4316711425781,143.96704478811583,167.74400329589844,136.5312574721782,364.0641793229075,282.5522980772889,142.8090348226229,166.42599487304688,134.69552108517198,359.0577755181853,278.9277298051075,143.47635955368153,167.1804962158203,135.29566392097962,362.05366577662835,280.807860729634,48908700,42964000,17760000,7798900,16117600
2021-08-10,142.88754272460938,166.03399658203125,136.1560516357422,359.4360046386719,277.5999755859375,144.9582349617114,167.89999389648438,137.11695747144506,362.3920740821066,280.323251828828,142.59312859632232,165.75,135.7156522799874,357.35581212283637,276.39825356437836,143.71189030419347,167.25050354003906,136.68849445684972,360.1327028314983,279.8871277657764,69023100,48252000,19414000,7469900,18616600
2021-08-11,143.1427001953125,164.60549926757812,135.63055419921875,358.2714538574219,278.09417724609375,143.9866794152509,166.88499450683594,137.02736417817783,360.6601896140447,279.75139504211427,142.81884613683928,163.88949584960938,135.6230825969003,356.1315453749144,277.0377907374602,143.32916298423876,166.57249450683594,136.5287562128905,360.4014299035725,278.3461330293697,48493500,58944000,15352000,8400300,13955900
2021-08-12,146.11624145507812,165.1750030517578,136.5411834716797,360.9488220214844,280.8659973144531,146.27326431640063,165.72549438476562,136.64668188106796,361.2971862649437,281.021063007531,143.12305867466128,163.48350524902344,134.78110492725747,355.4348013626303,277.50308588370405,143.46654431198874,164.5,135.3284756870086,356.76854222323726,277.7841443008925,72282600,46282000,16506000,7170700,14561300
2021-08-13,146.32237243652344,164.69850158691406,137.07215881347656,361.4763488769531,283.8121337890625,146.6560348694099,165.30349731445312,137.2005580055058,362.94941726845246,283.86057886978705,145.5078329859867,164.14999389648438,136.3809748009373,359.7843416445785,280.3716753608308,146.1947894579671,165.2834930419922,136.59693753421325,361.2673424723939,280.54614271809214,59375000,41134000,15948000,7195700,18249000
2021-08-16,148.3046875,164.94949340820312,137.65139770507812,364.8404846191406,285.50811767578125,148.37339061458732,165.0,137.7041545137353,365.2286697301517,285.7213292613481,143.7413212084629,160.55650329589844,134.65522403759903,355.7035547879011,281.0694481878223,145.77275011469712,164.14999389648438,136.87063034656046,360.8194275337745,284.14162927406903,103296000,66394000,22384000,11222100,22507600
2021-08-17,147.3920135498047,162.09800720214844,136.01121520996094,356.7685546875,284.0350341796875,148.85424577061949,164.02450561523438,137.60758669753824,362.95937842886747,284.37423849294635,146.3125001875388,161.28399658203125,135.43447437705368,353.40440511067914,282.09675761906914,147.43126177455844,163.875,137.0945367133648,361.27730364045703,283.3663559759671,92229700,67758000,21716000,12328700,20075300
2021-08-18,143.6333770751953,160.06100463867188,134.8045196533203,353.7826232910156,282.29693603515625,147.91215275914686,162.7050018310547,136.45214485908588,358.17190958763973,286.2682956848342,143.4272826956147,160.0,134.67762388651653,353.4840123434971,281.85025771340634,147.00929375834372,162.09950256347656,135.85051374450165,354.57885840222,283.5689350824852,86326000,56086000,19258000,10042400,21813000
2021-08-19,143.96705627441406,159.3874969482422,135.03440856933594,353.4541320800781,288.1617431640625,145.2428409806357,161.64999389648438,135.70370932909012,355.8926513133757,288.8414504972894,141.80804406555308,159.1230010986328,133.61121999580743,349.35346380360124,280.26759054859315,142.32816925758922,159.7010040283203,133.79583845464464,349.70182803327526,280.3161283728074,86960300,75658000,21782000,12004500,29850500
2021-08-20,145.42929077148438,159.99749755859375,136.77560424804688,357.6842346191406,295.5316162109375,145.7335132179683,160.3905029296875,136.89950834428095,358.3013214154006,296.9686974957663,144.04555482987226,158.78799438476562,134.60647010296915,351.6526637646161,289.4143680042962,144.6932629269492,160.19349670410156,135.35290154531467,352.93662103793287,291.02622103620047,60549600,67168000,31194000,8697700,40817600
2021-08-23,146.92095947265625,163.2935028076172,139.3751678466797,361.6455383300781,295.8132019042969,147.39201304068925,164.0449981689453,140.20419691127913,363.9745577909056,296.54144712298415,145.13485827480818,160.50050354003906,136.95274343167395,357.4154749969707,293.09443160748054,145.54703201865243,160.59500122070312,137.31302050167736,357.75387641868883,294.45381675588874,60131800,65362000,28454000,10942000,22830200
2021-08-24,146.83262634277344,165.28900146484375,140.58935546875,363.7954406738281,293.84210205078125,148.0495309623608,165.77450561523438,141.4039576066751,366.23392975632663,296.7842117093817,146.37138108229806,163.72900390625,139.67074315124864,360.1426428938778,293.2400907116923,146.6657951809347,164.0,139.94243918319472,361.95411275476704,296.17248095115406,48606400,51036000,19268000,9235100,18175800
2021-08-25,145.5961151123047,164.95899963378906,141.4029541015625,366.6619567871094,293.2497863769531,147.51960771111226,166.0500030517578,141.51293245081183,369.12034125792337,295.75493682464673,145.04655007679514,164.3074951171875,140.70331138846305,363.68596173797255,291.70591011010885,147.01909921664708,165.49349975585938,140.9511195496134,363.8850357201525,295.4733403838141,58991300,33606000,15848000,9684500,20006100
2021-08-26,144.79139709472656,165.8000030517578,140.7675018310547,362.6707458496094,290.4144592285156,146.34196428288527,166.60000610351562,141.73984285117388,367.70700762023694,293.6575741510151,144.76195717766552,164.8000030517578,140.68438784337567,362.42191856697195,290.2785355394526,145.58631977895118,164.9499969482422,141.07552321093658,366.65198237180823,292.2593410592059,48597200,41976000,20610000,7888700,17666100
2021-08-27,145.83164978027344,167.48150634765625,143.31878662109375,370.8820495605469,291.026123046875,145.97884935283636,167.61599731445312,143.82486618585608,371.98682812581336,292.1427594537158,144.0946199514099,165.6875,140.82371186007694,362.37213819204857,288.21993809005556,144.73250473188153,166.6614990234375,140.9784742560107,363.3873729541036,290.31728724590266,55802400,48048000,28780000,11219100,22605700
2021-08-30,150.26744079589844,171.07850646972656,143.9025115966797,378.8743896484375,294.783935546875,150.63055805059383,172.25,145.2759501615927,379.7004828890152,295.3956662396167,145.84146538996188,167.76100158691406,143.47704025354426,368.7819401554692,292.32732299018244,146.22419927229765,167.8715057373047,143.7129120778502,370.8123793529136,292.38558023402715,90956700,63844000,24434000,13547300,16348100
2021-08-31,149.0015106201172,173.5395050048828,144.0089874267578,377.6003723144531,293.1235656738281,149.95344136796075,173.62899780273438,144.48073104359895,380.9645219421303,295.6675642771677,148.4715620725919,169.7794952392578,143.5944805370566,377.02307602509967,292.7545833483286,149.81605007314457,171.24000549316406,144.4563572184306,378.16770579296224,295.58989782397674,86453100,87128000,22448000,12345400,26285300
2021-09-01,149.6687774658203,173.9499969482422,144.5245361328125,380.2577819824219,293.0749816894531,152.09276327892812,176.35000610351562,145.55809268141408,382.5270852318382,296.3375355546533,149.5019463135424,173.76199340820312,144.19411512479778,377.03299062125643,292.7448474253484,149.9828231462415,174.82000732421875,144.31006164544272,377.8093304072562,294.0848233182499,80313700,72598000,21936000,11567200,18983800
2021-09-02,150.78753662109375,173.156005859375,142.60520935058594,373.51959228515625,292.41473388671875,151.83761000211953,175.59800720214844,144.8270847688829,379.9592432814854,294.5606215716799,149.56082377850586,172.75,142.50368970947488,372.3053139862149,291.47286885410915,151.00343927935097,174.73800659179688,144.52503156593625,379.7104160101812,293.4342950060203,71115500,58474000,32342000,14832900,16285600
2021-09-03,151.4254608154297,173.90249633789062,143.05555725097656,374.4950256347656,292.4050598144531,151.74931485528106,174.1334991455078,143.4690770503106,375.3907977832461,293.8227023328315,150.2379960026413,171.82200622558594,141.72292401737542,371.3597775534473,291.5505806091698,150.89551239584583,172.60000610351562,142.3996963220879,372.99209911797016,292.25938705217084,57808700,51514000,19850000,7509600,14747900
2021-09-07,153.77093505859375,175.46449279785156,143.593994140625,380.3872375488281,291.4729309082031,154.33030841689003,176.4044952392578,143.87714056862364,381.16357745838457,292.35653888009983,151.5137800748948,173.8470001220703,142.93564262833766,371.3995972836299,289.5503820227053,152.08297672118582,173.89999389648438,143.15011712566266,374.11680215428953,292.27887240924764,82278300,54758000,20124000,10793800,17180400
2021-09-08,152.22036743164062,176.27499389648438,143.00729370117188,375.7988586425781,291.5020446777344,154.11440516674327,177.281494140625,143.71291982188708,379.08336647443883,291.89043627695685,151.11141405800635,174.7834930419922,142.31958727963766,373.03190060030323,288.8415311090617,154.05552533708556,175.58250427246094,143.41435941010917,378.3767055286841,291.08452444937967,74420200,61068000,18344000,11067200,15046800
2021-09-09,151.19972229003906,174.20799255371094,142.85800170898438,376.2268371582031,288.6278076171875,153.20171102031637,177.49949645996094,143.6238409930003,378.04823943366733,293.37597988697536,151.08194767683096,174.01849365234375,142.49623642197608,374.80355244505876,288.3850592508148,152.5932662544077,176.30099487304688,143.15607613822618,375.86854046444216,292.09426140075874,57305700,54384000,15314000,9098900,19927000
2021-09-10,146.19476318359375,173.45750427246094,140.2056884765625,376.9136047363281,287.1325378417969,152.58347968661215,175.42250061035156,144.0299038130707,381.98968721080746,291.22044264146325,145.92978895826295,173.14549255371094,140.0683446245425,376.48562911406697,286.81212296003343,152.11242604398817,175.0915069580078,143.5262995648744,379.5710630182037,289.76395209596836,140893200,47946000,36840000,11549600,19633400
2021-09-13,146.763916015625,172.85850524902344,141.65525817871094,374.7438049316406,288.3753662109375,148.59907349291072,174.8979949951172,142.26981270269945,379.9592144222321,289.88042399953457,145.97881686280323,171.89999389648438,140.5779046748235,372.5939338259321,285.54977141202284,147.82379762575624,174.13999938964844,141.2740697555955,379.8895355016978,288.91912023075906,102404300,51380000,22094000,13026300,23652900
2021-09-14,145.36056518554688,172.5,141.86624145507812,374.76373291015625,291.09417724609375,148.25561957289722,174.3404998779297,142.68085878606388,376.81406721910173,292.6477729197862,144.17311549895538,171.885498046875,141.075527179142,373.3503806283047,289.45319570500504,147.5490317533872,173.77749633789062,142.31509952248697,375.62964696424973,290.870838052277,109296300,38738000,19674000,8711600,21853400
2021-09-15,146.25367736816406,173.7895050048828,143.74229431152344,372.1659851074219,295.9783020019531,146.65604295770362,174.27099609375,143.7631905037513,375.7888943692672,296.4637988441718,143.64322765614054,170.10049438476562,140.67495804802732,365.9453033482442,293.06532094864116,145.7924319312829,172.12600708007812,142.09217850390087,375.2315237135987,294.46355422482094,83281300,59150000,27408000,17940300,28356300
2021-09-16,146.0181121826172,174.41200256347656,142.9266815185547,371.3100280761719,296.36663818359375,146.19476666188248,174.62750244140625,143.6134008192354,371.8076826498412,296.45402404298306,144.47736826246071,172.3070068359375,141.72393564031694,367.9757363577028,292.0360154570927,145.67464148744824,172.9980010986328,143.2655612442223,371.04130554118336,294.9489959662169,68034100,51672000,26190000,11934200,19550800
2021-09-17,143.33895874023438,173.12600708007812,140.1300506591797,363.0091552734375,291.1718444824219,146.04755063760766,174.87049865722656,142.7674353957721,369.6677759328582,295.66754956676783,143.04454462427765,172.60650634765625,139.80161903772358,359.8938327665593,290.84171021613025,146.04755063760766,174.42050170898438,142.34993679970833,369.6677759328582,295.3471347187819,129868800,92332000,53384000,26299000,41372500
2021-09-20,140.27711486816406,167.7864990234375,138.0594482421875,354.03143310546875,285.763427734375,142.14171300384132,170.9499969482422,138.33861588686366,359.3364168554097,290.0552328316619,138.63822777586256,165.25050354003906,135.6733644328631,348.1590855457727,281.12207913636246,141.12109417657655,169.8000030517578,137.50410463134253,357.6145213036562,287.7345437164679,123478900,93382000,46518000,19822800,38278700
2021-09-21,140.75796508789062,167.18150329589844,138.37144470214844,355.8031311035156,286.2489013671875,141.9061817623882,168.98500061035156,139.34528907490864,358.35112013499145,288.90944398064477,140.1200802460814,166.6195068359375,137.62003235533393,353.5238646116944,285.5400950040545,141.24865034298253,168.75,139.08452712246012,356.818335516636,287.1130998945458,75834000,55618000,25332000,11751900,22364100
2021-09-22,143.1328887939453,169.00250244140625,139.6160125732422,341.6000061035156,289.9192199707031,143.70207048798758,169.4499969482422,140.21664143476931,348.19890987911134,291.51166350007026,141.0229333023473,167.05250549316406,137.89225891810773,339.0918382649235,285.9672990311042,141.75896115358555,167.5500030517578,138.64118089062606,345.6011678721146,288.12290574014423,76404300,48228000,25056000,43692900,26626300
2021-09-23,144.0946044921875,170.8000030517578,140.54408264160156,344.3371276855469,290.870849609375,144.3399470698202,171.447998046875,141.02229564251655,348.0297463156424,292.17197751848266,142.92677142673216,169.00250244140625,139.73345921270854,341.39102125477564,288.8997337245694,143.9179500495402,169.00250244140625,140.31666950445637,343.7399361507413,290.1814524287198,64838200,47588000,20952000,21806300,18604600
2021-09-24,144.18292236328125,171.2760009765625,141.53831481933594,351.3042907714844,290.6669616699219,144.7226790220036,171.46299743652344,141.65327424223068,352.6877849976096,291.1038910429422,142.8482581592234,169.6699981689453,139.57370839647646,340.7639710672077,288.31714394519224,142.94640117881744,170.10049438476562,139.869793451718,341.62988512267395,289.57945349834876,53477900,42324000,22984000,18801900,14999000
2021-09-27,142.6618194580078,170.2899932861328,140.4007568359375,351.92138671875,285.6371765136719,143.24083941199348,170.77850341796875,141.26313470256505,353.48402933337866,287.87044975435487,141.14070721951342,166.98049926757812,139.40103511550925,345.4518774123901,284.4428438176853,142.75996249414771,168.5749969482422,140.13452783317547,348.1690822558539,287.5500349313378,74150700,72690000,21882000,15205800,23571700
2021-09-28,139.2663116455078,165.79800415039062,135.18368530273438,339.0520324707031,275.2961730957031,142.0534006798123,168.45950317382812,138.4346371727659,347.9600608981267,282.3455981188454,139.05040890592517,164.5050048828125,134.7159204771809,337.33016719968083,274.54851847873226,140.5813447142184,167.885498046875,137.99524013807448,346.3377022356965,281.39401345257033,108972300,88616000,45772000,21710300,43186200
2021-09-29,140.1691131591797,165.05599975585938,133.7142333984375,338.0169372558594,275.7621765136719,141.75892815594042,167.56500244140625,136.49842322992845,343.61060038209627,278.4518180606054,139.38401397237038,164.89349365234375,133.22806283131058,337.2903809914785,274.8009023525503,139.81581927384158,166.10549926757812,136.32823164044288,341.54034027057156,276.8302753773472,74602000,51246000,30848000,14452200,26353700
2021-09-30,138.8639373779297,164.2519989013672,133.03993225097656,337.7980041503906,273.7425842285156,141.69028944644563,166.3925018310547,134.89755184426153,341.1919817947308,279.48113149103483,138.6480346518888,163.69949340820312,132.92050809949572,336.56380008711335,273.451268310052,140.98370142931665,165.8000030517578,133.622656505888,338.85302947300704,277.42262938302645,89056700,56848000,37996000,16547100,32343600
2021-10-01,139.99246215820312,164.16299438476562,135.89329528808594,341.4009704589844,280.7142639160156,140.2574363223273,165.45849609375,136.25905453272804,343.4015210153792,281.5687430502456,136.5184180127203,162.7969970703125,133.43504691909288,337.0514747258183,273.13080604828554,139.25643446026405,164.45050048828125,133.80776143606408,340.0075134751669,273.9367177216679,94639600,56712000,35360000,14905300,30086300
2021-10-04,136.5478973388672,159.48899841308594,133.02352905273438,324.69970703125,274.89794921875,139.56071210655347,163.99949645996094,135.31357546219573,334.3641501375341,279.4033731783341,135.69410975464882,158.8125,130.4264483437035,321.18626703229666,272.1209220963619,139.1190833806911,163.96949768066406,135.31357546219573,333.9560697510419,279.0635195347015,98322000,90462000,51202000,42885000,31350700
2021-10-05,138.48118591308594,161.0500030517578,135.37576293945312,331.39813232421875,280.3841552734375,139.59013932235956,163.0364990234375,136.57155342877454,333.6077198938345,281.9765695608801,136.76378761176298,160.1230010986328,133.40319914581136,324.6300421264469,275.810753529912,136.89137056313777,160.22500610351562,133.40319914581136,327.0386733051586,275.810753529912,80861100,65384000,32404000,35377900,24993000
2021-10-06,139.35458374023438,163.10049438476562,136.91046142578125,332.0749206542969,284.6079406738281,139.50178329662984,163.2169952392578,137.0945787569353,332.81143961957736,285.1128763474515,135.79220473023892,159.93099975585938,133.90980755081742,324.271671098932,277.2284124803731,136.87171805888073,160.67649841308594,134.1088529037897,328.19319112250105,277.49057010387935,83221100,50660000,24364000,26443000,28002600
2021-10-07,140.6205596923828,165.1215057373047,138.56256103515625,327.6756591796875,286.2974548339844,141.53324196194288,166.28750610351562,139.37567501225084,337.25052774673,288.0355415897374,140.06118634451136,164.1529998779297,137.99128707608887,327.4367947183731,285.39443794207716,140.39484869057674,164.57699584960938,138.23113770370094,335.4191626696661,286.61786966801316,61732700,48182000,25110000,28307500,20430500
2021-10-08,140.23780822753906,164.43099975585938,139.12039184570312,328.5017395019531,286.2974548339844,141.49396099877396,166.07150268554688,139.66328280927024,331.83603089128457,288.0355415897374,139.9041459233565,164.41000366210938,138.55508607158956,327.16802902110487,285.2390754178181,141.3467614453176,165.85000610351562,138.91287261391636,329.95491258320624,287.62771125951105,58773200,39964000,26526000,15946100,17685700
2021-10-11,140.14950561523438,162.31500244140625,138.25302124023438,323.92333984375,285.6954345703125,142.1122464318601,164.62950134277344,140.04247013215831,328.90981748917983,289.32694085927545,139.16813520692153,161.90499877929688,138.19827504426897,323.7839819981584,284.2583534904783,139.61957218353604,163.75,138.62922859464507,326.09310626528196,284.42343542741787,64452200,40684000,17954000,14708200,19298600
2021-10-12,138.87371826171875,162.3665008544922,135.79974365234375,322.251220703125,284.3845520019531,140.58130812824112,163.37649536132812,138.84319152031614,322.858375056985,286.8702927377131,138.41247298124185,161.81399536132812,135.1140115321381,315.8812484524,283.8699266847614,140.5616765276079,162.85000610351562,138.81631197535404,321.51470167904193,286.77318747114793,73035900,36392000,36332000,31658700,17974100
2021-10-13,138.28492736816406,164.21400451660156,136.92733764648438,323.0176086425781,287.7151184082031,138.76578935248517,164.41900634765625,137.34334792793805,325.4660604087046,288.6569834089462,136.6067771440449,163.05450439453125,135.86939224758427,321.1464227625839,284.9769092762647,138.60878144560903,163.48550415039062,136.74868739639234,325.43620235208436,286.3557332608353,78762700,48402000,19654000,14761500,23416300
2021-10-14,141.08180236816406,164.9929962158203,140.47938537597656,326.9888916015625,293.96832275390625,141.19957699805144,165.6300048828125,140.66499093729985,328.9695469555759,294.47322877603534,138.87371898295444,164.53900146484375,138.16444879019394,325.56560690369787,289.1910210354,139.46254720881987,165.12249755859375,138.81036282552063,326.81967569282114,290.53099699177517,69907100,42190000,31894000,14302200,27262900
2021-10-15,142.1416778564453,170.4510040283203,140.69534301757812,323.2366027832031,295.3859558105469,142.2005576815035,170.52099609375,141.04368373195877,327.52638270361007,295.6190144253903,140.83645349440351,165.1999969482422,140.08526840258062,320.9971572406713,291.8029870432012,141.09161936901995,165.5709991455078,140.9406758382608,327.13819756318094,293.57020251326225,67940300,103598000,30274000,21596400,25384800
2021-10-18,143.81980895996094,172.33700561523438,142.09861755371094,333.7669372558594,298.3766174316406,144.10439973541497,172.45849609375,142.1165372496245,334.31437546469414,299.2699149069707,140.4929645079589,169.2550048828125,140.3982510180727,325.96371785354785,293.9100411578753,140.77755528341294,169.41799926757812,140.40522147605944,327.4069281434316,294.7645202263626,85589200,63482000,20396000,21585000,22729300
2021-10-19,145.98866271972656,172.20750427246094,142.55545043945312,338.3951416015625,299.28936767578125,146.39102819802582,172.7344970703125,142.97893238940557,340.85355636918456,300.32830830606736,143.81984241142754,171.10000610351562,141.92148796786472,335.69786236240606,298.30865465847006,144.27126443259647,171.71449279785156,142.7052317803547,338.05674014208074,299.40588216647706,76378900,47722000,20164000,18786300,17682100
2021-10-20,146.47933959960938,170.7530059814453,141.09442138671875,339.18145751953125,298.49310302734375,146.96021648343887,173.14300537109375,142.8629739512192,342.3664590112534,300.71668634730685,145.36057794956784,170.01849365234375,140.70378718712195,337.85770968902955,297.23079375020643,145.92977457496073,172.63299560546875,142.65595589699134,341.83894636646966,300.24087940200315,58418800,42796000,23288000,13639500,16537100
2021-10-21,146.69528198242188,171.75050354003906,141.2108917236328,340.2762756347656,301.7459411621094,146.85230488182134,172.01400756835938,141.47961128480844,340.7042512524541,301.99837931508694,145.1152746217187,170.14999389648438,139.83148489117926,336.21539754880064,297.4735461748686,146.03776543753057,170.71249389648438,141.0944440494257,338.68377502016017,298.260078149805,61421000,37628000,26292000,16354400,16918100
2021-10-22,145.9199676513672,166.77749633789062,136.91192626953125,323.0872497558594,300.1924133300781,147.38219996847627,171.49200439453125,139.91406787765993,328.08372052774797,302.06642404358996,145.87089613630118,166.56500244140625,135.4086155032677,319.6036681497027,298.87184650031855,146.90133805459163,171.0500030517578,138.48788774197112,324.81910812324077,301.39643602561927,58883400,62782000,50588000,35224500,17449300
2021-10-25,145.8708953857422,166.01849365234375,136.79299926757812,327.1481628417969,299.1922302246094,146.5872915835432,167.38999938964844,137.34336176040858,328.01407693153243,300.42538129506664,144.86989338673706,164.88499450683594,134.77961499839506,318.22023866325475,297.57065805042623,145.91014361287867,166.75,136.89550600929624,318.79750459827034,300.3865332582201,50720600,44520000,34412000,38409000,17554500
2021-10-26,146.5382537841797,168.80349731445312,138.6456298828125,314.32855224609375,301.1148376464844,148.0299261985199,170.80599975585938,139.41643497807848,328.66099665515566,303.3384214837848,146.23401634323616,167.19900512695312,137.6464094076404,308.14769147973004,299.6486573311045,146.54806209858722,167.47549438476562,138.6008458288704,326.7201622101078,301.9790362502908,60893400,53966000,49236000,65654000,28107300
2021-10-27,146.07701110839844,169.62449645996094,145.52175903320312,310.7554016113281,313.7960205078125,146.94060700233715,171.85000610351562,147.9426797249673,317.75242321611404,316.64102469624345,145.72371711443793,168.57249450683594,138.7416746268211,310.596148513885,306.83398322982805,146.57750469378993,169.39999389648438,138.7416746268211,312.71616171036374,306.83398322982805,56094900,54044000,85782000,29971800,52588700
2021-10-28,149.72767639160156,172.32850646972656,145.15501403808594,315.4333801269531,314.9417419433594,150.31648959684864,173.9499969482422,146.4577912079441,323.9930142716743,315.4466478865551,146.93076499947935,169.3000030517578,143.93882848959854,306.6646788227235,312.03845128096805,147.0289080209485,170.10499572753906,146.43440448452932,311.5217921951883,314.9223031089949,100077900,114174000,36206000,50806800,26297900
2021-10-29,147.00930786132812,168.6215057373047,147.34156799316406,322.05218505859375,322.00091552734375,147.14669913605402,168.74099731445312,147.53663452924428,324.4707789739673,322.3698978624627,143.6824623755483,163.66600036621094,143.96122969299242,318.10080656592766,314.5048432230782,144.47737010607145,165.00100708007812,144.38768811776507,318.6880353123913,314.72818243443317,124953200,129722000,43320000,37059400,34766000
2021-11-01,146.18496704101562,165.90550231933594,142.814208984375,328.43212890625,319.816162109375,146.91117168083264,168.79299926757812,147.34157518450897,331.8858529206723,321.87466383121,145.04657358324243,164.6009979248047,142.54400119567305,324.470787498318,316.9031812654862,146.214406960223,168.08999633789062,147.34157518450897,324.51060836972124,321.7484299201284,74588300,72178000,46924000,31518900,27073200
2021-11-02,147.2251739501953,165.6374969482422,144.74050903320312,326.541015625,323.46710205078125,148.74630088273378,166.55599975585938,145.9114095190237,333.21956195362407,323.7778271139183,145.88068648070822,164.17750549316406,143.6487285755413,322.2810936380869,320.4278873477877,145.89050976722584,165.75050354003906,143.89157087310116,329.82555407541145,320.7288929925852,69122000,52552000,33482000,28353000,26487100
2021-11-03,148.6678466796875,169.1999969482422,145.9004669189453,330.06439208984375,324.31182861328125,149.138900403637,169.74600219726562,145.97112823745937,330.5919046870114,325.1857168357652,147.02895947437068,164.87600708007812,143.90301282793487,321.68390664997906,321.05899446568606,147.58833296383673,165.4499969482422,145.20627603308367,325.9537607315269,324.21472333692304,54511500,67944000,27494000,20786500,21500100
2021-11-04,148.147705078125,173.85000610351562,147.56202697753906,334.2745666503906,326.6810607910156,149.59030601260565,174.93150329589844,149.02105497248002,335.6878885599253,326.77816606905924,147.83365931379845,168.25,145.61184735875466,331.08956538690506,319.9520828390182,148.7561500283499,168.5,146.42446016537954,332.44320155493455,323.23404566324655,60394600,107060000,38412000,22495300,23992200
2021-11-05,148.67840576171875,175.94949340820312,148.1437530517578,339.52978515625,326.3121032714844,149.58258253436696,178.3125,149.61222689434263,345.1632380917071,328.96292643810557,147.47938515102905,173.8489990234375,147.49187081875615,338.0467843737886,324.7196891937592,149.27791606706361,173.85000610351562,148.45973203004758,338.7136244356057,328.6910494183782,65463900,99940000,38354000,26872800,22570100
2021-11-08,147.85279846191406,174.44900512695312,148.32188415527344,337.0315856933594,327.21514892578125,148.96336999533668,178.9499969482422,149.8983467767936,343.17265662621725,327.85600830691146,147.57761498402834,174.39300537109375,147.7242318662626,336.752900341226,324.73912690846595,148.80611800900917,176.16200256347656,149.11209726310418,342.8043970938723,327.51615459432156,55020900,61480000,23052000,18342500,20897000
2021-11-09,148.2164764404297,178.81149291992188,148.20993041992188,333.7967834472656,326.205322265625,148.8258093306056,179.68850708007812,149.1215723447412,339.708921496221,328.89496395648536,147.47937439726354,175.07150268554688,146.54438548306328,332.90101139805864,324.8264982710298,147.61696617879937,175.7624969482422,148.5229328971828,338.40506910110867,327.331648801366,56787900,85898000,19530000,17556700,21307400
2021-11-10,145.37615966796875,174.1024932861328,145.1992950439453,326.10308837890625,321.2046813964844,147.54816002545584,180.2725067138672,147.3654523063304,331.62704173879837,324.92360359867104,145.3073712836708,173.1544952392578,143.8497596311641,323.98307513420957,320.3502318920936,147.44005113894966,178.19349670410156,146.79815722294808,330.93031321844114,324.8653463513802,65187100,80548000,29970000,21872600,25500900
2021-11-11,145.3270263671875,173.625,145.0729217529297,326.20263671875,322.78741455078125,146.86019613669237,177.16200256347656,146.8335170484895,330.90049749066253,324.0885424963487,145.14029146001317,173.37350463867188,144.9077112347004,325.4661176097251,320.9231233219346,146.39829267733833,175.64999389648438,145.79248880737023,328.27289692301093,321.6416491463469,41000000,45288000,16518000,12376600,16849800
2021-11-12,147.41058349609375,176.25750732421875,147.97056579589844,339.29095458984375,326.9530029296875,147.81352120891913,177.0364990234375,148.14175966941576,340.2563753168981,327.44821920371356,144.9437391025949,172.3524932861328,144.71911228012596,328.2330540126251,324.10799847365354,145.8773986754407,174.25,145.91787942176632,328.63117160227716,324.234232397023,63804000,53788000,22360000,25414300,23831000
2021-11-15,147.42041015625,177.28399658203125,147.74563598632812,345.9296569824219,326.32183837890625,149.26808409571646,179.69400024414062,148.83791753921437,351.9910862579114,328.07933448956584,146.86020539939403,176.29049682617188,146.8728099950018,341.59012352716536,324.34100306430065,147.78404236912726,176.85000610351562,148.19200352635517,342.72476020032593,327.7492002091939,59222800,58594000,23508000,25076600,16723000
2021-11-16,148.4031982421875,177.03500366210938,147.17237854003906,341.3512268066406,329.6620788574219,148.8847769331927,178.8249969482422,148.05465028259903,345.02392009937563,330.78843509945784,146.77174226503004,176.25750732421875,146.61155275810987,339.27103427183937,325.77810407759137,147.3614298460006,176.9499969482422,147.4445757053599,342.21714093064026,325.94315641160364,59256200,44342000,18904000,18181100,20886800
2021-11-17,150.85040283203125,177.4499969482422,147.34254455566406,339.1714782714844,329.8857727050781,152.33442961865157,179.3625030517578,147.85260288798642,345.67084561746344,332.87218386614865,148.39339590269816,177.2675018310547,146.5393928891999,338.504638170007,328.7962750052104,148.40321853171864,178.23599243164062,147.3231366136416,342.62520213677027,329.7106812218678,88807000,51206000,19594000,13602800,19053400
2021-11-18,155.15504455566406,184.80299377441406,149.1255340576172,337.10125732421875,331.9772033691406,155.94128964959728,185.2100067138672,149.8640078202777,340.85356187246754,333.12509451765436,150.41794373346818,178.0500030517578,147.18083687440966,333.72714473719753,327.9402138531985,151.0665970606914,178.3175048828125,147.5361328386937,338.126424530338,328.9713476663331,137827700,114070000,35608000,17487200,22463500
2021-11-19,157.78897094726562,183.82850646972656,148.21786499023438,343.68023681640625,333.76708984375,158.25088939976666,188.1074981689453,150.2481666109135,350.44835725064695,335.7029222691092,153.83810003292044,183.78599548339844,148.19049948751575,338.30557348956125,332.8818952960747,154.93883421945299,185.63450622558594,149.26186954927837,340.59480275569365,333.3099164573995,117305600,98734000,33682000,26488500,21963400
2021-11-22,158.25091552734375,178.6284942626953,145.60586547851562,339.4103698730469,330.57647705078125,162.85042556306863,185.67300415039062,149.11657722814311,352.1702095994419,340.1485617416483,158.23125527180156,178.375,145.45210536092236,338.9127153172373,330.30410258797383,158.89955399642577,183.81900024414062,148.62194801430306,347.4126332608795,335.23605452302024,117467900,96844000,30594000,27116800,31031100
2021-11-23,158.63417053222656,179.0019989013672,145.0883331298828,335.6679992675781,328.4849853515625,159.01746294460062,181.05250549316406,145.962161355265,339.79852602282074,330.20680734992084,156.32457843434605,176.385498046875,143.42927287777465,331.93559008372813,324.4771774711079,158.34914938157195,179.2519989013672,145.45757001266105,337.34011129208125,327.87213546649167,96041900,73804000,27218000,17225000,30427600
2021-11-24,159.15504455566406,179.02049255371094,145.4247283935547,339.46014404296875,328.708740234375,159.3516020629421,180.6820068359375,145.5536135443126,340.176767862357,328.9519327535902,156.89459573102528,176.84249877929688,143.6860469047569,331.24884336742304,324.8176599269324,157.9855071422514,178.1334991455078,144.7813049279646,334.4238820585881,327.12312025923825,69463600,46560000,18040000,13566200,21661300
2021-11-26,154.11329650878906,175.22799682617188,141.5064697265625,331.5573425292969,320.7027893066406,157.69069791152225,181.6750030517578,143.86966796123565,336.16562824418753,328.72814137700954,153.67103827148128,175.20750427246094,141.1675900002718,330.3430642855771,319.1852705628066,156.82584169085234,180.10499572753906,143.66166278037056,334.22476346651024,325.24563802553985,76959800,59826000,30470000,14750700,24217200
2021-11-29,157.48428344726562,178.07850646972656,144.83802795410156,336.4443359375,327.4635925292969,158.41794285529275,179.8000030517578,145.6013766551945,339.07196655746384,329.7982347536724,156.05920777586067,176.5749969482422,143.208808626935,333.7370939537903,325.6250428524022,156.62923504514734,177.3820037841797,143.31480818794302,335.3096993511872,325.8196087405112,88748200,65312000,32596000,16650900,28563500
2021-11-30,162.45729064941406,175.35350036621094,141.22235107421875,322.9379577636719,321.5881042480469,162.673508444908,179.2884979248047,145.30532448616282,334.2347212729011,328.58232452175224,157.1698072809554,174.60049438476562,140.927754233404,321.91279068284473,320.0316659549505,157.23861066878493,178.1750030517578,144.31854124376352,333.4285233925623,326.1893180869889,174048100,80022000,42068000,25390000,42885600
2021-12-01,161.9364013671875,172.18600463867188,140.38034057617188,309.1430358886719,321.0919189453125,167.3712989739356,177.99400329589844,145.2560319905602,328.94968240005323,330.04141511002234,161.7005233258962,172.0800018310547,140.24150848223852,308.83449247431724,320.4207349352154,164.59978822518326,177.25,143.31481246492976,328.7406759781026,326.00442541649005,152052500,74916000,34020000,30329600,33337600
2021-12-02,160.9437713623047,171.8679962158203,142.28573608398438,308.9339599609375,320.5179443359375,161.3762069674829,174.63499450683594,143.17995934258195,313.1242021408998,324.40902392968104,155.08627542774454,171.1875,139.54731782673127,305.75892197646846,318.8739608326543,156.0101124031017,173.0,140.57789783145594,309.9392013471042,321.30588557874404,136739200,64726000,29194000,24396200,30766000
2021-12-03,159.05679321289062,169.489501953125,141.32583618164062,305.4006652832031,314.2144470214844,162.1231479856483,173.49349975585938,143.7129223894223,312.27825536501797,323.64059069106463,156.97325618498053,166.92999267578125,139.6334268670618,298.0950995436586,309.37004173706174,161.19931100266786,172.75,142.99734930425885,312.25836011620225,322.9499026171155,118023100,80712000,41230000,27471000,41779300
2021-12-06,162.47695922851562,171.36849975585938,142.4738311767578,316.37890625,317.3078918457031,164.99293189077792,173.69549560546875,143.1680068287507,318.5984565303587,318.5335917121706,161.4548359617341,166.9344940185547,139.4831248653476,304.90299327018903,310.53742003680196,161.46465859062198,169.64999389648438,142.3598740528149,306.684605106222,315.1288962489507,107497000,68860000,30618000,21758300,30032600
2021-12-07,168.23617553710938,176.1645050048828,146.56875610351562,321.29571533203125,325.8001403808594,168.62930565360898,177.49949645996094,146.82901692453825,325.00822906181776,326.65615304128755,165.44501919367465,173.33450317382812,144.53646503259998,319.4942083628053,321.11138187163976,166.17229866191352,174.60000610351562,144.90371251975077,320.06154181704915,322.60945597891174,120405400,66410000,32240000,18794000,31021900
2021-12-08,172.06907653808594,176.1580047607422,147.4813995361328,329.0093688964844,325.8487548828125,172.9339476024618,177.17999267578125,147.6869293703325,331.18909822383927,326.36432177445636,167.7643964630588,174.75050354003906,145.7093842979604,321.5545135653709,321.7922910850989,169.1698119426696,176.15049743652344,146.8942104886106,323.4754528106619,326.17949310701954,116998900,45254000,24270000,19937700,24761000
2021-12-09,171.55804443359375,174.17100524902344,146.93601989746094,328.2728271484375,324.0296936035156,173.7103848403719,176.96949768066406,148.39056794652467,334.553224613298,327.3273684732717,170.92905127787418,174.13949584960938,146.41501223970755,326.46135744834487,323.0763683143852,171.90203139222558,175.75,146.88874530148956,327.9941418387633,325.30401993120887,108923700,46062000,23270000,16879200,22214200
2021-12-10,176.36395263671875,172.21200561523438,147.2972869873047,328.20318603515625,333.212646484375,176.54086493199145,175.927001953125,148.26864100016783,333.4584170332668,333.6601123753168,171.68581688842568,170.5,146.00596003616434,324.8390363115673,325.6736789307053,172.19687852363788,175.41700744628906,147.9924650222129,331.0000022640614,325.85850760694785,115402700,60690000,24458000,14528000,38095700
2021-12-13,172.7177734375,169.5675048828125,145.13262939453125,332.92095947265625,330.15814208984375,178.99788287387983,172.10000610351562,147.26592378004827,339.4900061666042,334.42861676910195,172.51137824635225,169.1300048828125,144.82509398206858,328.04395054247965,329.84684855560926,178.0052424253983,172.0,147.07831366274226,329.39758682838186,331.40328654019635,153237000,62170000,27070000,22948700,28899400
2021-12-14,171.3319854736328,169.0915069580078,143.22227478027344,332.1744384765625,319.3993225097656,174.68334606426572,169.49899291992188,143.7925464490647,334.1252661184989,325.5277917874379,169.248448682449,166.44000244140625,140.543082230658,326.11300990025524,315.2844944098965,172.23616209992724,167.5500030517578,143.28298915319172,326.5111274523815,324.14644522036787,139380400,55976000,38446000,20461000,44438700
2021-12-15,176.21652221679688,173.31500244140625,145.74420166015625,340.05731201171875,325.5374755859375,176.41307975206385,173.60000610351562,146.02286815487585,340.50518288372535,326.06277969983233,169.34672613583356,165.19500732421875,141.00386438529304,322.4602543483379,315.6638659922189,172.09857661870694,168.59800720214844,142.7266307700602,330.93031416613354,319.6619364552254,131063300,75794000,36370000,24681300,35381100
2021-12-16,169.29757690429688,168.87100219726562,143.7576904296875,333.3290100097656,316.052978515625,178.02486912244925,174.16600036621094,146.9743061642129,342.8441625328403,327.5900465707224,167.81355032065514,168.16050720214844,142.92366527464372,332.17444781404896,314.22416609950005,176.19685561719783,173.36849975585938,146.47021601496812,337.38988812910327,326.56862022175784,150185800,60876000,33650000,22635000,35034800
2021-12-17,168.19683837890625,170.0175018310547,141.0506591796875,332.2242736816406,314.9828796386719,170.48677026390172,170.89849853515625,143.15011897500315,335.5286772137722,316.0724068561132,166.77177759111154,165.61349487304688,140.62767835046085,329.198525142236,308.6112487109197,167.0076406202552,167.7104949951172,141.82196554942942,331.23889689735284,312.1424081741553,195432700,85542000,50416000,40012600,47750300
2021-12-20,166.8307647705078,167.07899475097656,140.93321228027344,323.92333984375,311.1988525390625,167.64649284258897,167.87449645996094,141.0999262300845,328.3524468556564,314.0101423864705,164.5801530989622,165.60000610351562,138.65809382600625,321.01702407658814,308.922574314058,165.38604354598067,166.85000610351562,139.33386391642733,328.23301463053303,311.3350249012845,107499100,57372000,27192000,17901800,28326500
2021-12-21,170.01504516601562,170.41700744628906,142.78982543945312,332.63232421875,318.37786865234375,170.22142533588615,170.7165069580078,143.18443842835646,334.4238685074129,318.80588978295987,166.21158850394502,165.6475067138672,139.83395623082816,322.2313316347468,311.0918019197525,168.60962950115896,167.85049438476562,141.37757108055172,324.87885757202804,314.48678905516573,91185900,55956000,28756000,16116800,24740600
2021-12-22,172.61949157714844,171.03700256347656,145.71832275390625,328.8999328613281,324.1270446777344,172.83570940336168,172.0500030517578,145.80292498957579,332.940885728965,324.52585433819615,169.18950423983955,168.50050354003906,142.38676234044013,326.7202033127228,316.8798947647335,170.06419817447264,169.27000427246094,142.38676234044013,332.23419433689327,319.3604469166515,92135300,55036000,26322000,16764600,24831500
2021-12-23,173.2484588623047,171.06849670410156,146.2174530029297,333.66741943359375,325.5763854980469,173.80866359990947,171.97500610351562,147.53813480597037,335.09073455875176,327.23010633114734,172.25583353339374,170.14999389648438,145.75515514574224,326.81968783291677,323.6697646581755,172.82586089930805,170.42799377441406,145.80293088513884,328.5515463551032,323.6892093705167,68356600,36788000,26384000,13987700,19617800
2021-12-27,177.2288055419922,169.66949462890625,147.20274353027344,344.55609130859375,333.1251220703125,177.3172541822936,172.9429931640625,147.6381618712238,346.23816609001614,333.15430398492487,174.02487426792013,169.2154998779297,146.46925071959046,336.4244331043662,326.29625718515126,174.04451952373478,171.03700256347656,146.55534121117975,337.2604890897512,326.3254390997636,74919600,58688000,15976000,17795000,19947000
2021-12-28,176.2066650390625,170.66099548339844,145.98902893066406,344.5959167480469,331.95782470703125,178.21159066688713,172.17599487304688,147.59335821023151,351.055463067194,334.44811399877074,175.45974048938143,169.135498046875,145.35954639528723,343.58071240398834,331.05315556228163,177.06171346697758,170.1824951171875,147.53065445426495,345.0039971227118,333.8060821160674,79144300,54638000,18200000,16637600,15661500
2021-12-29,176.295166015625,169.2010040283203,145.95718383789062,341.331298828125,332.63873291015625,177.52366948045372,171.21200561523438,146.7155667093918,348.0496351280249,334.9247187951422,175.076485179818,168.60049438476562,144.95448562894353,340.0374091719874,330.4305258810565,176.2460228777558,170.83999633789062,145.9467357429029,345.2826770965245,332.0064086237529,62348900,35754000,17788000,10747000,15042000
2021-12-30,175.13543701171875,168.64450073242188,145.50485229492188,342.7445983886719,330.0803527832031,177.46468959324108,170.88800048828125,146.5991232280735,345.6011607809274,333.7866044367997,175.02732811556052,168.5240020751953,145.29983879730824,341.6099619044068,329.5939677400898,176.38360063165865,169.6999969482422,145.99600389046415,342.3863017224052,332.59982374413966,59773000,37584000,15688000,10593300,15994500
2021-12-31,174.51626586914062,166.7169952392578,144.1627655029297,334.772216796875,327.1619873046875,176.14770679713808,169.35000610351562,146.0004760251165,341.8289545642199,330.1191864933447,174.21158446445702,166.55850219726562,144.1627655029297,334.6925750604025,326.70478425386625,175.02731242664456,168.95599365234375,145.35506319669503,341.4109113837961,329.29235580887786,64062300,47830000,18136000,12870500,18000800
2022-01-03,178.87994384765625,170.4044952392578,144.30160522460938,336.9519348144531,325.6347351074219,179.73499253673097,170.70350646972656,145.15701265332763,339.47999793579055,328.7962373900182,174.65390353027703,166.16050720214844,143.02918515577247,335.60826151998475,320.8000673524189,174.77183507509497,167.5500030517578,144.36479494039722,336.71303998747584,326.2184030046023,104487900,63520000,28646000,14537900,28865100
2022-01-04,176.609619140625,167.52200317382812,143.71243286132812,334.9513854980469,320.05108642578125,179.7939048717263,171.39999389648438,145.78800478376272,341.48061106214226,326.0725354624278,176.0395918494563,166.34950256347656,143.03268400586742,330.31324123539184,317.2397667073394,179.48923847391032,170.43800354003906,144.7041819007758,338.3553561401792,325.712585604074,99310400,70726000,28400000,15998000,32674300
2022-01-05,171.91183471679688,164.35699462890625,137.11944580078125,322.64935302734375,307.7649841308594,177.0715485386063,167.12649536132812,143.81195246481798,334.18498144796365,317.19112801347296,171.63665117934394,164.35699462890625,137.03286935371747,322.3208840261547,307.37588205960316,176.52118146370043,166.88299560546875,143.73283243513856,331.4578139547363,316.9868249346307,94537600,64302000,54618000,20564500,40054300
2022-01-06,169.04205322265625,163.25399780273438,137.09207153320312,330.9004821777344,305.3330078125,172.28530491748282,164.8000030517578,139.2741441048197,337.57902865924433,310.0217656533553,168.68824367419558,161.93699645996094,135.9087336140623,321.20618046384953,303.0080736020656,169.73001206789144,163.45050048828125,136.34664244900424,321.30571745694516,304.622875128913,96904000,51958000,37348000,27962800,39646100
2022-01-07,169.20913696289062,162.5540008544922,136.36505126953125,330.23358154296875,305.48876953125,171.14525945761193,165.24349975585938,137.7897432622947,335.4191329270026,307.88177597062446,168.08874249862777,162.031005859375,135.12049780917903,327.33722870866865,301.64631527088216,169.91675609783337,163.83900451660156,137.48817599061857,331.17910686811086,305.5957600063521,86709100,46606000,29760000,14722000,32720000
2022-01-10,169.22879028320312,161.48599243164062,138.00967407226562,326.5310363769531,305.71246337890625,169.53345670452697,161.6614990234375,138.15896945033379,326.79975887665285,306.15022181964656,165.27791944101605,156.30450439453125,132.53087842354833,313.9503158269784,296.393338433709,166.1722734494287,160.5854949951172,134.43527149606194,323.7839737712289,301.0626232641906,106765600,87798000,44408000,24942400,44289500
2022-01-11,172.06907653808594,165.36199951171875,139.0710906982422,332.801513671875,306.40313720703125,172.1673477977068,166.35000610351562,139.54881766216988,333.0603037691717,307.9887275354808,167.8823429695319,160.70150756835938,136.0420848882387,323.75415719641865,301.4517409536046,169.3565468312396,161.5,137.3503290474821,325.24712091265417,304.8466991075708,76138300,62806000,28730000,16226800,29386800
2022-01-12,172.51136779785156,165.20700073242188,140.75755310058594,331.69671630859375,309.6035461425781,174.13298635832638,166.8780059814453,141.9294558826235,334.7921129918219,314.6035989823471,171.81358623406135,164.41700744628906,140.02506260843495,328.4818570203185,308.44594728470446,173.09121782891782,166.5749969482422,140.47838544463346,333.607692747427,310.9654481070807,74805200,50030000,26108000,14104900,34372200
2022-01-13,169.22879028320312,161.21400451660156,137.92758178710938,324.9485168457031,296.50030517578125,173.5825988136433,166.22149658203125,142.1702980929826,334.0555887819827,312.14246451080345,168.83566022635117,161.09100341796875,137.75041975538085,324.2318930987002,295.7221009951654,172.7570481888216,165.25050354003906,140.86651857043935,333.4086439598992,311.7436252200972,84505800,52188000,31436000,14797100,45366000
2022-01-14,170.09365844726562,162.13800048828125,138.8168182373047,330.3431091308594,301.7533264160156,170.7914399169012,162.25,140.07232082607686,331.16923275584577,302.35643918716585,168.1476984416165,159.80050659179688,136.3466335227671,319.7032516194067,295.47894678254033,168.3933990992247,160.14999389648438,136.426740644181,320.2805479506256,295.9653318801247,80440800,45974000,29662000,16868500,39846400
2022-01-18,166.87989807128906,158.91749572753906,135.35089111328125,316.6575622558594,294.4088439941406,169.57276781693594,159.7344970703125,136.47899680734477,322.68913255601507,301.3641437796384,166.4966056259258,157.6645050048828,134.79405929684148,316.1499753044664,293.5236197033921,168.56048225619764,159.10499572753906,135.52705085012096,321.7734652568294,295.7901905004896,90956700,67292000,34872000,22645600,42333200
2022-01-19,163.37127685546875,156.2989959716797,134.4735870361328,318.0908203125,295.0703125,168.13787560571404,159.25,137.30306172956688,325.5656011075061,305.36223577548463,163.08627069140266,156.25,134.37306968151069,317.8320302358874,294.4574923336944,167.07644696659617,158.76199340820312,135.87388991456638,318.08085750203884,297.9497330886086,94815000,53242000,28648000,20814700,45933900
2022-01-20,161.68081665039062,151.66749572753906,132.67320251464844,315.0750427246094,293.3874816894531,166.76190323447273,158.0,136.97116649417453,326.2822327844562,303.1638097727385,161.35649006038014,151.3509979248047,132.33183224033456,314.49777681784406,292.9400157349673,164.1083397664658,156.76600646972656,135.60170661619608,322.3806077915642,300.6540758605654,91420500,71974000,29908000,16925000,35380700
2022-01-21,159.6169891357422,142.64300537109375,129.73126220703125,301.74786376953125,287.9691467285156,163.46957389675498,150.89999389648438,134.22377601264574,316.81682727729714,295.82911648964756,159.50888023954428,142.07049560546875,129.46752373899022,301.61846873067253,287.56057020283265,161.59241715203612,149.9499969482422,131.96259868346377,313.33324553630445,294.4477994991637,122848900,163972000,55652000,28710700,57984400
2022-01-24,158.840576171875,144.54400634765625,130.18161010742188,307.2618713378906,288.29986572265625,159.50888984216238,144.94500732421875,130.5787136535352,308.07803210989107,289.01970608679983,152.03958291935942,135.3520050048828,123.90760490884027,287.654299808725,268.5331704445488,157.26810076459748,139.0,125.37856914011597,296.4428660138379,284.2434310873334,162294600,155624000,76622000,38878100,85731500
2022-01-25,157.03224182128906,139.98599243164062,126.33101654052734,298.7420349121094,280.6344299316406,159.96099018333973,143.60000610351562,128.78329685194453,304.7935315459782,286.9574354302845,154.31971129097184,138.14500427246094,125.8985899276899,296.1840831100483,277.40485583875466,156.2459965237476,142.24249267578125,128.12743590180497,298.54299130702105,283.5819220766219,115798400,90824000,46960000,25108500,72848600
2022-01-26,156.9437713623047,138.87249755859375,128.6180877685547,293.2479248046875,288.630615234375,161.5629412237311,145.18499755859375,132.3671620019992,306.067510864367,300.09958331074847,155.10593504422843,137.31849670410156,126.53703372214112,289.48565762407924,285.05082830215923,160.6882473882618,144.75,130.49511541961544,305.56985631468643,299.60346104770645,108275300,95602000,49130000,28348800,90428900
2022-01-27,156.48182678222656,139.6374969482422,128.39117431640625,293.2579040527344,291.67535400390625,161.02236986801861,144.24349975585938,132.02131030726912,300.2947166950727,298.932209910728,155.55798996472078,139.35000610351562,128.31900956615908,292.8796817138699,289.8173597366347,159.65627489219415,140.8000030517578,130.6792312241268,296.35330094552285,294.4185725358936,121954600,77516000,31950000,21629900,53481300
2022-01-28,167.40077209472656,143.97799682617188,132.71649169921875,300.294677734375,299.8661193847656,167.42043234611594,143.9980010986328,132.72197391207828,300.4837888792717,300.08012999341486,160.00026956448573,137.92950439453125,127.87364760924652,291.6554026784193,286.4321667298066,162.86022878833853,140.86050415039062,129.04205751284695,294.2332494108696,292.05477669895004,179935700,74392000,34362000,21871600,49743700
2022-01-31,171.77426147460938,149.57350158691406,134.65969848632812,311.79052734375,302.5120544433594,171.99047927683918,150.36050415039062,134.82840181492318,312.3180399330912,303.8739266373001,166.5948868425434,144.30050659179688,131.58042613665086,297.91591655116565,298.0275688741196,167.2337176205423,144.75,133.5236351765011,299.26952229950456,300.53733234049855,115541600,78308000,39986000,21579500,46444500
2022-02-01,171.607177734375,151.19349670410156,136.98907470703125,317.50360107421875,300.3525085449219,171.83321815334287,151.70799255371094,137.13736781698725,318.160508721372,302.17158390005085,169.3467285555597,147.62750244140625,133.72916238112396,310.6558696456884,296.82134829715966,171.01749012376968,150.0,136.93981071842938,313.08442626567705,301.9575732884717,86213900,59220000,68644000,18023800,40950400
2022-02-02,172.8160400390625,150.6125030517578,147.29580688476562,321.48486328125,304.9244689941406,172.85536054887322,155.0749969482422,150.82542598039552,326.4614091524768,306.539270720024,170.3492104199486,148.86349487304688,144.83010166427562,315.3836131832179,300.4691955569609,171.74478859061858,155.05050659179688,150.53034318459999,326.2822607909747,301.1987730404669,84914300,87330000,123200000,58458300,36636000
2022-02-03,169.9265899658203,138.8455047607422,142.40914916992188,236.64466857910156,293.04693603515625,173.2091625575225,144.24749755859375,148.96282327293622,246.83663847380274,302.75519044558166,169.160005018323,138.33299255371094,141.98666950094375,234.6441029040282,291.79205453623996,171.4794201148579,141.7375030517578,145.01221315480836,243.50234716147,301.0625506115652,89418100,225532000,71518000,188119900,43730000
2022-02-04,169.6411895751953,157.63949584960938,142.61119079589844,235.97784423828125,297.6092224121094,171.3239297234003,161.1999969482422,144.18566414382084,241.4719550338503,300.3913300469276,167.95844942699028,150.60800170898438,139.84640903651453,229.03059057925435,291.80178498348124,168.94250412955896,155.60650634765625,142.7619744324609,233.86779368668977,292.03524025728944,82465400,253456000,57998000,89342200,35096500
2022-02-07,168.9228515625,157.9355010986328,138.5386505126953,223.85496520996094,292.75518798828125,171.1763304609041,162.6909942626953,143.56362208702555,237.18215296828885,299.45755887264727,168.22416604358875,157.25,138.23907266305054,222.95917794011118,291.733761520673,170.1037143263292,158.52000427246094,143.56362208702555,236.58496145505566,297.8330493495718,77251200,102624000,54974000,88613800,28533300
2022-02-08,172.04226684570312,161.4134979248047,138.73573303222656,219.1471405029297,296.266845703125,172.55397944003278,161.79249572753906,139.3338713718658,224.7109296642567,297.2396157585428,168.6964722095248,155.55050659179688,136.36208647624022,215.13604622510545,291.7823899972102,168.9916915914643,156.75050354003906,138.36500783997346,219.8140109347167,293.0469791946189,74829200,76040000,54284000,94729700,32421200
2022-02-09,173.4691925048828,161.1894989013672,140.91827392578125,230.9116973876953,302.73577880859375,173.83328800439335,163.83450317382812,141.8463472422032,232.27526591322385,303.43617447800517,172.1111919697569,160.25,139.51996039462585,221.16762856392347,299.0198195356215,173.24286408752374,162.87350463867188,140.2927701568597,223.1482838346324,301.4322704184702,71285000,68786000,40144000,86563300,31284700
2022-02-10,169.3755340576172,159.0034942626953,137.9604034423828,227.0001678466797,294.1462097167969,172.6819593071923,160.7165069580078,140.81127531538016,233.8976530488541,300.7026702927466,168.814630541294,157.75,137.30056376539412,225.63658396755844,292.5119631728677,171.3633292711471,158.35000610351562,139.03875915293037,227.1992266416192,295.76101154707897,90865900,68268000,39330000,49310400,45386200
2022-02-11,165.9510040283203,153.2935028076172,133.6435546875,218.52011108398438,287.00604248046875,170.32020982591467,159.0,138.49435604596948,229.33911590053276,296.00416414551785,165.36056513089437,152.73399353027344,132.76524653286933,217.743771218222,286.2083640297064,169.5821687118747,158.13450622558594,137.94051590489158,227.38831861274423,294.93411130749297,98670700,77100000,39958000,46156900,39175600
2022-02-14,166.18716430664062,155.16700744628906,134.8811492919922,216.6787872314453,286.9671936035156,166.87599960086266,158.44850158691406,135.65146855696324,219.963310286744,288.6792785633671,163.90415017095245,151.64999389648438,132.62244716175653,213.772486492656,283.4165885013323,164.7012320839439,151.75100708007812,132.62244716175653,218.28123548400916,285.7706756345391,86185500,83230000,34302000,38184000,36359500
2022-02-15,170.03485107421875,156.510498046875,135.95848083496094,219.96331787109375,292.28826904296875,170.19230347259372,158.0070037841797,137.45134338316527,220.1126081658047,292.6092701533062,167.53535806583648,154.6374969482422,135.1752230667243,214.05117920514752,288.9321999110304,168.2438788430367,157.60549926757812,136.91589375154157,219.43580524683236,291.8408030542407,62527400,56440000,26680000,42685500,27058300
2022-02-16,169.7986602783203,158.10049438476562,137.08262634277344,215.52423095703125,291.9470520019531,170.57605697053586,158.83399963378906,137.42896248282813,216.43992871555378,293.2824978641233,167.33852325607717,154.7344970703125,134.28200525127366,211.36384610995427,286.27381667328723,169.1098249151892,155.79049682617188,135.99631295565902,211.41361460358013,290.8455441746245,61177400,52704000,25022000,45817500,29982100
2022-02-17,166.18716430664062,154.65249633789062,131.90834045410156,206.7356414794922,283.398193359375,169.16884887808143,160.3489990234375,136.4610670268482,216.4797100205745,289.31509356138463,165.78369827163797,154.5,131.84812723815682,206.18821848567626,282.6865922626873,168.30287592792615,158.14599609375,135.59471046784896,213.01603891266416,288.88618738639013,69589300,64032000,38950000,38747500,32461600
2022-02-18,164.63238525390625,152.60150146484375,129.7825164794922,205.19293212890625,280.6687927246094,167.82071347120757,155.49949645996094,133.43207557532537,209.761397351561,286.44923910919783,163.54008373100112,150.89300537109375,129.5770018418038,204.21751825506487,279.0896516648839,167.11220776829634,155.49949645996094,132.83193274174764,208.40777633886196,285.65966857933506,82772700,63604000,45620000,37128400,34264000
2022-02-22,161.69989013671875,150.19749450683594,129.19581604003906,201.132080078125,280.4641418457031,164.03209518170536,152.9824981689453,131.55154234178266,206.50674355282698,284.1878144144707,159.5644780309518,148.48550415039062,127.61337018854968,199.1215512904895,277.3253441421195,162.3493548856938,150.47850036621094,129.22018986412897,201.39085499644926,277.8127349051109,91162800,66128000,44990000,39852400,41736100
2022-02-23,157.5177001953125,144.82699584960938,126.98091125488281,197.5190887451172,273.2020263671875,163.5007417287701,151.76300048828125,131.42267296291416,205.96926850948455,284.34380258389615,157.20279536961024,144.6510009765625,126.92069803114178,197.12097117821287,273.0363301552388,162.90046754332764,151.65049743652344,131.02209177354695,203.20231041402806,282.86211552379876,90009200,64244000,32786000,44481400,37811200
2022-02-24,160.1450653076172,151.35800170898438,132.0596160888672,206.6261749267578,287.1608581542969,160.2533119239009,151.74899291992188,132.3671514967105,207.37265675064464,287.71649070941305,149.57631255444628,139.5,124.35893767700955,189.32769793464607,264.67264340429557,150.147066075262,139.83749389648438,124.35893767700955,190.16375393246855,265.6376972494891,141147500,100786000,54456000,49957200,56989700
2022-02-25,162.2214813232422,153.7884979248047,133.81973266601562,209.49266052246094,289.812255859375,162.48716537612205,153.99000549316406,134.62786557319473,210.32873173032027,290.1241930471081,158.3049314052549,149.2135009765625,131.12460980022797,202.2269008674937,284.2949895617122,161.22757611084114,150.5500030517578,132.91654941840557,203.97865464852086,287.696996878739,91974200,62396000,36406000,37627600,32546700
2022-02-28,162.48715209960938,153.56300354003906,134.4143829345703,210.0400848388672,291.2549743652344,162.78237159417588,154.4499969482422,135.10556696702054,212.15013533807485,291.59615384176226,159.8400418236256,150.85000610351562,131.96160142081268,205.8597895233449,285.6109811188131,160.46000126066653,152.4250030517578,132.4169288111751,206.70579317292714,286.8879425112131,95056600,57684000,38864000,34239800,34627500
2022-03-01,160.5977325439453,151.14199829101562,133.42359924316406,202.5354461669922,287.51177978515625,163.9435277104657,154.0989990234375,135.6071599580106,210.75669353845154,292.4051716010198,159.38734940316522,149.9770050048828,132.58462329799266,201.2713994078726,284.7823740737529,162.07381467213503,152.7324981689453,134.23671311624648,208.8855076450031,288.9251949366631,83474400,44874000,26496000,27094900,31217800
2022-03-02,163.90419006347656,152.05250549316406,133.9311981201172,207.13377380371094,292.6196594238281,164.69143702654492,152.99949645996094,134.61890456353234,208.1688885673236,293.8673785477649,160.3517510934881,148.75,132.43833526898584,201.0723451351296,286.29333703933276,161.76879262391375,150.8489990234375,133.98743256772605,203.8193927359262,287.91144814315027,79724800,47334000,23520000,29452100,31873000
2022-03-03,163.5794219970703,147.89849853515625,133.26239013671875,202.0178985595703,288.4573059082031,166.21669661748916,153.9290008544922,135.79029772447288,208.09923804854606,295.48547100816484,162.91027195360368,146.8560028076172,132.39254063011379,200.47516634597315,286.6344398224137,165.78371011148872,153.531494140625,135.3628369812351,208.03952192974566,295.25153300697923,76678400,65198000,24604000,27263500,27314500
2022-03-04,160.5682373046875,145.64100646972656,131.2788543701172,199.12155151367188,282.5501708984375,162.91029278730187,147.85000610351562,133.2146069267177,204.9242058378436,288.2039218391596,159.5153063627005,143.8070068359375,129.71731977017836,197.8575046065067,279.92803584979396,161.8671969888056,147.15899658203125,132.29500752871238,201.42071328250708,286.8684758512566,83737200,60934000,30430000,32130900,32356500
2022-03-07,156.75994873046875,137.4530029296875,125.77717590332031,186.590576171875,271.8763427734375,162.3887439653584,146.09449768066406,131.1081876768891,199.94762089510553,282.38448735317786,156.50408484630077,137.41650390625,125.69406950217386,186.40146503523872,271.5059210014731,160.75520922600182,145.44349670410156,130.8623688892495,199.84808392196754,281.2537371143296,96418800,86934000,45112000,38560600,43157200
2022-03-08,154.9295654296875,136.01449584960938,126.49971008300781,189.39735412597656,268.89349365234375,160.28282509123494,140.69949340820312,130.62548511117242,195.77728883812838,276.79895765959355,153.31571641544002,133.57249450683594,125.07651401769192,185.23696954984962,263.1910156960027,156.28756564227362,136.68350219726562,125.64927615455635,186.96881277964258,270.7942998058096,131148300,91662000,40428000,37508100,48159500
2022-03-09,160.3517303466797,139.2790069580078,132.78517150878906,197.56886291503906,281.224365234375,160.80440217190915,140.25,133.09917627893765,198.16605446976786,282.29663046215705,156.8681828813347,136.8280029296875,129.28241693830725,193.01034526309815,273.69905347388686,158.9051685561548,139.5,130.62549842385695,194.82181517515326,276.29197493453785,91454900,82656000,37026000,31894700,35204500
2022-03-10,155.9923858642578,146.8175048828125,131.7993927001953,194.29429626464844,278.3878479003906,157.83256370946663,148.67449951171875,132.63788279324265,195.3592691052372,279.3723867449448,153.49287802702014,143.97799682617188,130.28961242579786,190.17371719450452,273.50418301542686,157.64559087729302,145.68499755859375,130.6414308049341,193.9260215700199,275.88265227991445,105342000,135062000,27102000,24853000,30628000
2022-03-11,152.2628173828125,145.52450561523438,129.25254821777344,186.72994995117188,273.007080078125,156.74027038411012,149.6750030517578,133.15887530088736,192.6520363471014,282.20902043254233,152.03648894987714,145.36900329589844,129.01468700810108,185.79435692165998,272.38320559743175,156.3958451472846,149.57449340820312,132.85332926637238,191.73635375297826,280.69809115784795,96970100,68900000,31526000,34694500,27209300
2022-03-14,148.2183074951172,141.85299682617188,125.35169982910156,185.75454711914062,269.46856689453125,151.66249879142745,147.4499969482422,129.78848807824545,191.38798523225927,278.20259972430927,147.70660988509843,140.88400268554688,124.67892145628271,184.94834915671402,268.86420719899286,149.03507466152865,145.9810028076172,129.63024802938145,186.15266469481412,273.27020832450415,108732100,74086000,38812000,31010500,30660700
2022-03-15,152.61705017089844,147.3665008544922,128.58323669433594,191.1291961669922,279.908447265625,153.089407270085,147.98500061035156,129.23662223260322,191.37802343015676,280.5615638325432,147.98216062819657,142.0,125.12228273153698,185.037909624631,271.7008052928567,148.49385829575584,142.85000610351562,126.37180948996587,189.90497028464154,273.2799462556572,92964300,75584000,30920000,31721700,34245100
2022-03-16,157.04531860351562,153.10400390625,132.64633178710938,202.67478942871094,286.9659118652344,157.44878471807237,153.14999389648438,132.69857226432342,202.77431122271875,287.14136537848043,151.99712715402308,147.35350036621094,128.12195717811286,193.60752325415578,276.05810557225556,154.54582575293017,148.5,130.1109526032966,193.78667159569645,281.8190374929418,102300200,84958000,35576000,40640300,37826300
2022-03-17,158.0588836669922,157.23899841308594,133.20216369628906,206.8650360107422,287.77496337890625,158.4328293113158,157.49850463867188,133.44251542685555,207.06409478975073,288.1551126523713,155.1165693039783,152.13999938964844,131.55602693390728,200.1666101395919,282.072486293192,156.08093884327653,152.6405029296875,132.51544446609907,200.75383885319104,285.8936424341939,75615400,72934000,28264000,29499700,30816600
2022-03-18,161.36529541015625,161.25050354003906,135.47779846191406,215.47447204589844,292.8536071777344,161.85732279036876,161.593994140625,135.59573437858364,215.78301543625656,293.4092397879423,157.212583119924,156.01100158691406,131.62919384052108,205.03367414278475,285.3478072645001,157.95062419024276,156.81300354003906,132.7896462062571,205.7303874737888,287.92121502824654,123511700,102962000,44566000,52128000,43390600
2022-03-21,162.7429962158203,161.4915008544922,135.4539031982422,210.49790954589844,291.6156005859375,163.69753062342352,163.08399963378906,136.39789162419223,213.70280579672934,292.5708970455594,160.410776006235,159.55299377441406,133.4544597507842,206.65601613145452,287.46302239668256,160.90280343219604,161.12100219726562,135.51560466660072,213.49378422071413,291.35242032316927,95811400,66538000,26832000,30142300,28351200
2022-03-22,166.128173828125,164.88900756835938,139.20248413085938,215.6337127685547,296.3920593261719,166.71859782423698,166.16700744628906,140.37886680791058,218.43054412701295,297.30835631234925,162.28051513918757,161.69900512695312,135.45391090476724,209.19406160704162,291.23545688233907,162.87093913529952,161.8054962158203,135.45391090476724,210.37848187878498,292.2394806334095,81532000,64086000,35496000,31998800,27599700
2022-03-23,167.4959716796875,163.4080047607422,137.6175537109375,212.45867919921875,291.93731689453125,169.88721760148997,166.3699951171875,138.9243097056279,215.78300782359509,295.583020120207,164.9767788153055,162.68699645996094,137.17915893523153,211.16477438030978,290.2119642602753,165.3113688542094,163.7050018310547,138.0425238994977,212.32928416116454,292.9316131142483,98062700,55812000,25154000,23717300,25715400
2022-03-24,171.29444885253906,163.64950561523438,140.89837646484375,218.54002380371094,296.4310302734375,171.36332488957797,164.11849975585938,140.94514991308523,219.63485468849314,296.528514363223,167.49599622256298,160.0500030517578,137.09505730306245,213.78243238949347,290.79679496025915,168.33243390367338,163.74949645996094,138.53765371288432,213.99145398040548,291.5961228493457,90131400,56798000,26396000,31502300,24484500
2022-03-25,171.9340362548828,164.77349853515625,140.9989013671875,220.77947998046875,296.0216369628906,172.4851044775775,165.36849975585938,141.35917842740724,224.44221031346072,297.7957464215104,169.99544731866433,162.25,139.07260969193993,217.8632163127484,291.74236167311045,171.1074339208408,164.0,141.2407413681991,219.4756122542055,297.53256612739574,80546200,49032000,24126000,40039000,22566500
2022-03-28,172.800048828125,168.99049377441406,140.78244018554688,222.54115295410156,302.8646240234375,172.92796575635768,169.03750610351562,141.32683456688196,222.98903900145544,302.9620783750849,169.25744513309817,164.89999389648438,139.1462501767931,218.51014815349424,296.65524087861996,169.42473266654576,164.97500610351562,140.23007305677257,221.0880102060458,296.65524087861996,90371900,59854000,35050000,26224100,29578200
2022-03-29,176.10647583007812,169.31500244140625,141.82742309570312,228.78175354003906,307.45587158203125,176.1556665638957,170.8314971923828,143.10930412787826,229.80692071243064,307.8555356124109,173.52824171831267,167.86849975585938,141.36264991460445,224.23318359942581,301.25624506537525,173.87266694795463,170.38400268554688,141.96876091620584,225.0095386805417,305.99369916511864,100589400,66154000,34318000,31417900,30393400
2022-03-30,174.93544006347656,166.30099487304688,141.2631378173828,226.78118896484375,305.94488525390625,176.74609743731983,168.95050048828125,142.041414610686,230.06569690959634,307.98220462024,173.88249413539714,165.5,140.92624749010545,225.64653717604276,303.72238478405603,175.7030016679424,168.50950622558594,141.78215606095287,227.83621420161512,305.8474309093087,92633200,56168000,19884000,25588000,28163600
2022-03-31,171.8258056640625,162.99749755859375,138.40579223632812,221.31695556640625,300.5348815917969,175.19127120838715,166.4949951171875,141.43182173454176,227.41820585668938,307.1926558891614,171.6191475535364,162.95350646972656,138.36299756837354,221.2174185709602,300.12549002106,175.0042983977884,166.44500732421875,141.3770755393763,227.3783849836257,305.98390660172134,103049300,59966000,37524000,24192300,33422100
2022-04-01,171.5305938720703,163.55999755859375,139.48362731933594,223.79527282714844,301.6169128417969,172.09151232886626,165.82699584960938,139.80259792884758,226.21386681906534,302.30899939577387,169.1983887454629,162.3195037841797,137.6493944528036,221.65534900048968,297.8347557615202,171.25505972274473,164.14950561523438,138.83622510765764,223.496677038869,301.5681559167176,78751300,57090000,25942000,19544800,27110500
2022-04-04,175.59475708007812,168.34649658203125,142.2912139892578,232.7928466796875,307.02685546875,175.64396282770502,168.39450073242188,143.02819955507672,233.2506955517742,307.16330937657204,171.65853751770197,163.20550537109375,139.6428799730055,224.80051575683888,301.89949650816396,171.7864694584347,164.125,139.69065571151913,224.91994798989987,302.26991814762334,76468400,49882000,25942000,28054800,24289600
2022-04-05,172.26864624023438,164.05499267578125,139.92205810546875,230.75245666503906,303.0400695800781,175.45698948199342,168.11050415039062,142.31013145949348,235.74891256840743,306.92943814434017,171.6388517127187,163.26600646972656,139.71455405588372,229.9363111054611,302.05553077139234,174.66974256872732,167.7415008544922,142.1892190441835,232.98195450257984,305.3697818354029,73401800,53728000,21418000,29727200,23156700
2022-04-06,169.09014892578125,158.75599670410156,135.89828491210938,222.2525177001953,291.9470520019531,170.86145068243167,162.1999969482422,138.69740254618586,227.9158287214212,299.25791307044943,167.4172586616336,157.25450134277344,134.87218475857597,220.37138417103975,289.2274033550409,169.61169680197753,161.65049743652344,138.08980328110664,225.84558403958047,297.4935609790899,89058800,79056000,32468000,28995100,40110400
2022-04-07,169.39520263671875,157.7845001220703,135.24191284179688,221.90414428710938,293.7698974609375,170.59575076458447,160.07899475097656,136.5118422894148,224.46209577353508,295.99239810286326,167.14172361896223,154.51150512695312,133.58880560045588,217.5347382708939,288.87650501412816,168.4308330803216,158.39999389648438,135.36282523850036,222.87954288007307,289.1786849009009,77594700,68136000,26234000,21037200,31411200
2022-04-08,167.3778839111328,154.4604949951172,132.65328979492188,221.2870635986328,289.4808654785156,169.0409389910171,157.36849975585938,135.0244453490223,224.0739319847606,293.52620278513484,166.5020757053073,154.2310028076172,132.33281575795365,218.99784973905605,288.80826385848826,169.0409389910171,156.75,134.93835487299648,221.3368320887301,292.8633584995333,76575500,46002000,25142000,18375700,24361900
2022-04-11,163.1071014404297,151.1219940185547,128.2105255126953,215.4446258544922,278.06610107421875,166.33480034612657,154.13650512695312,131.46396795737343,219.5751527629034,285.2307192618559,162.8610877127669,150.5345001220703,128.0562642583226,214.21043703786987,277.81264843699853,166.01991058277108,152.71299743652344,131.19625072432203,217.39542328875214,284.4314212677866,72246700,52112000,36884000,20516600,34569300
2022-04-12,164.98660278320312,150.78750610351562,127.1068115234375,213.135498046875,274.9468994140625,167.16135510569546,155.0989990234375,130.97382925450697,220.98848653242345,283.40799667634644,163.98286285679325,150.38299560546875,126.1857162540227,212.13024128563168,273.4164851419655,165.34086305043706,153.6925048828125,130.97382925450697,219.2068898590888,281.9458242566809,79265200,55178000,32710000,20128800,30966700
2022-04-13,167.6829376220703,155.54100036621094,129.2759246826172,213.9815216064453,280.3666687011719,168.3127321148904,156.02499389648438,129.7138334675101,215.5939175844612,281.3024506732569,164.11082878699807,149.60000610351562,127.13316938924753,210.33868643879734,274.2060420766694,164.72093797881234,150.01849365234375,127.39093966649723,210.82639339420786,275.6000023217637,70618900,53390000,27928000,19231800,21907200
2022-04-14,162.65440368652344,151.7064971923828,126.12699890136719,209.19406127929688,272.7731018066406,168.53906192676106,155.89700317382812,129.8586621668281,213.9815108517496,281.03925987078986,162.40838999801636,151.4720001220703,125.99860730059869,209.01491292950467,272.2759834561352,167.89941732735232,155.38999938964844,129.8586621668281,213.8819738659461,280.82480674477745,75329400,51598000,31598000,18379500,28221600
2022-04-18,162.43795776367188,152.78500366210938,127.06898498535156,209.7812957763672,273.4457092285156,163.94356063555975,154.0395050048828,127.60243008197236,212.37905304219174,275.33678781211535,160.96187533903773,150.25050354003906,125.58159694137179,207.3228811720837,271.32069259266757,161.3062855621602,151.52349853515625,126.39570550350903,209.01490354428572,271.87632521472943,69023900,46514000,20808000,16580800,20778000
2022-04-19,164.73077392578125,158.11549377441406,129.39041137695312,216.29061889648438,278.10516357421875,165.14409017149563,158.6490020751953,129.71285968020723,217.40536023272782,278.9532485087538,161.2964321500132,151.55050659179688,126.3952245781442,208.01960267463804,271.3889341815737,162.3887336211493,152.0294952392578,127.08393333342498,209.53247676469104,272.3344734724712,67723800,54926000,26490000,20089900,22297700
2022-04-20,164.56349182128906,153.9980010986328,127.43075561523438,199.4798583984375,279.13836669921875,166.18719136722032,157.6024932861328,130.77378162705162,213.1554116127415,282.39416251169047,163.45152002793873,153.60350036621094,126.89333171577131,197.98689467060916,278.17334270422043,166.06909457220715,157.6024932861328,130.2691902594668,212.60798854176196,282.1017102646242,67929800,59630000,31696000,43036500,22906700
2022-04-21,163.76638793945312,148.29600524902344,124.2206039428711,187.1877899169922,273.7283630371094,168.7949082587247,156.73800659179688,129.47945810187937,202.0178894471708,285.9033732252405,163.2645254279015,147.58949279785156,123.93397230591673,184.70946478807872,272.9972769858195,166.2166896462883,154.71400451660156,128.63499994743174,200.6543208386935,281.3024038192042,87227800,63970000,36446000,49954100,29454600
2022-04-22,159.21022033691406,144.35000610351562,119.06625366210938,183.24635314941406,267.1193542480469,165.1932753547798,149.61500549316406,124.80531812352369,191.81596483389984,276.0581130561113,158.92485105020066,143.69749450683594,118.35913931314636,182.4102971770767,266.48575226772533,163.80576949112535,148.25,124.40523047709615,189.47698244880127,274.57642624284045,84882400,73078000,56884000,36426800,29405800
2022-04-25,160.28285217285156,146.07400512695312,122.48839569091797,186.1128692626953,273.64068603515625,160.5682214607871,146.22149658203125,122.69092625776436,186.30196524986727,274.0208353820041,155.9333317168137,142.30650329589844,117.94711109788153,180.8078695043565,263.94159742532975,158.55090609825874,144.0229949951172,118.53430015780602,181.87284243090534,266.39806604300793,96046400,61874000,46128000,29281100,35678900
2022-04-26,154.29981994628906,139.39100646972656,118.08544158935547,180.10118103027344,263.405517578125,159.75147779014623,144.8560028076172,121.92707556109316,186.31191536521624,271.3402253102722,154.22109374803105,138.92950439453125,117.94710303931359,178.65798585330194,263.19106440979795,159.66291644791357,144.8000030517578,121.71260107377317,185.75454469167235,270.5019273100701,95623200,77530000,73054000,31747400,46518400
2022-04-27,154.07347106933594,138.16700744628906,113.75067138671875,174.12930297851562,276.07763671875,157.24211378977282,141.94850158691406,116.68414126004245,180.359946911876,283.63219386636825,152.9024434257798,135.7834930419922,112.20008592742334,168.20721758614937,272.12002593480327,153.42399128149194,140.19149780273438,113.92483415386953,173.61173805660104,274.9858861228988,88063200,71336000,91820000,71062900,63477700
2022-04-28,161.03074645996094,144.59649658203125,117.95854187011719,204.7649383544922,282.325927734375,161.8967195942573,145.9375,119.08017825241917,207.55180689185846,283.6418885091446,156.3958411813348,140.3000030517578,113.57201255036027,191.99512068773245,274.3619509995726,156.710745963074,142.17799377441406,115.86107166046905,201.96812219345097,277.9978961517353,130216800,117316000,48884000,100890600,33646600
2022-04-29,155.13624572753906,124.28150177001953,113.56654357910156,199.52960205078125,270.5213623046875,163.54991794930683,130.76100158691406,117.35891362880432,211.48325800922478,282.5696776095096,154.7426297819827,121.625,113.27294906445184,198.9622686149811,269.5270958430355,159.25943807460507,129.8489990234375,116.17905335741958,203.50089053975063,281.3316860148559,131747600,272662000,42676000,49193400,37073900
2022-05-02,155.44129943847656,124.5,116.02827453613281,210.13961791992188,277.29608154296875,155.70698341755673,124.66799926757812,116.18999980943521,210.8860997547867,277.75423001648835,150.8260801242461,118.375,112.06422476007553,200.0471841200379,269.25413454359216,154.21123096519486,122.4010009765625,112.86539470993021,200.2263324705438,270.7065493914021,123055300,148788000,35534000,49915300,35151100
2022-05-03,156.93707275390625,124.25350189208984,116.77570343017578,211.03538513183594,274.6739501953125,158.14747110367338,126.22049713134766,117.87843306840782,213.89191736014857,276.9646928393328,153.82747065183054,122.82499694824219,115.48238717008276,207.1138648873915,273.08505147312025,155.62827792248643,124.05349731445312,115.87649904343223,209.46279494721443,276.79896688296844,88966500,79134000,24968000,41556300,25978600
2022-05-04,163.37278747558594,125.92849731445312,121.67926025390625,222.3620147705078,282.6671142578125,163.82544428980776,126.0,122.26993450529203,223.24783928231463,283.5444115470414,156.7205671988061,119.18299865722656,114.56825328439439,205.98918273782917,269.75126101959535,157.12403328379716,123.5999984741211,116.47464340177527,209.6618606437168,275.4634656066809,108256500,110746000,49916000,41375900,33599300
2022-05-05,154.27029418945312,116.40699768066406,115.9511489868164,207.302978515625,270.3556823730469,161.46373326041538,123.4990005493164,120.46307853692151,219.13720312897797,279.1287167621259,152.47930702556806,115.07250213623047,114.45828622672609,205.19292807963836,267.4215802413478,161.23740483289234,123.0,119.63205251164236,217.71391840321272,278.33914604694667,130525300,144392000,45840000,41129200,43260400
2022-05-06,154.9995574951172,114.77249908447266,115.19574737548828,202.8141326904297,267.8017272949219,157.1282427342657,119.05049896240234,117.01206812575884,208.39781715980772,272.20772888488153,151.9444991405495,113.08149719238281,113.47298870444129,200.07703275813088,264.42896194821265,153.74796732614354,114.8499984741211,114.63642503497805,206.36737815973692,267.8796967243855,116124600,124260000,39710000,34747200,37780300
2022-05-09,149.85523986816406,108.78900146484375,111.97564697265625,195.28961181640625,257.90765380859375,153.5705818622736,114.0,114.52943920583498,201.61977851457536,265.4914520308154,149.29351226682695,107.95700073242188,111.46757799921504,194.66256220223283,256.67944945375484,152.68362217522588,111.3125,112.71112905218551,198.90257364463199,263.2494666744855,131577900,128124000,40802000,36303200,47726000
2022-05-10,152.2696990966797,108.85900115966797,113.85067749023438,196.7228546142578,262.70361328125,154.46737635991622,112.64250183105469,115.6968542910652,202.007959151225,266.84643464097286,150.71260627459526,107.1709976196289,112.36328947356759,193.27909333420237,258.38533839168707,153.26506437118704,111.25,114.95788698251471,198.57413030842383,264.8383871382154,115366700,105434000,39900000,34452500,39336400
2022-05-11,144.37583923339844,105.37200164794922,113.06195831298828,187.85462951660156,253.97930908203125,153.19606667734942,110.15599822998047,115.81081721712015,199.72865881096772,264.5166947651642,143.69584140711092,104.42849731445312,112.6977024843236,187.38683306318495,252.76083220148422,151.2743434971103,108.10350036621094,112.6977024843236,195.40902131796477,258.9799429594715,142689800,109704000,37534000,31153400,48975900
2022-05-12,140.49298095703125,106.93049621582031,112.30706787109375,190.34292602539062,248.91046142578125,144.08020299470905,110.78050231933594,113.7511601444871,197.12097886107114,253.32622042112627,136.78750364436277,102.40550231933594,109.30193451554294,183.91322227752548,243.71487425735856,140.6999427258126,102.75,110.84754643399383,186.18252590919263,251.1914465609955,182602000,132026000,53836000,38262200,51033800
2022-05-13,144.97702026367188,113.05500030517578,115.4983139038086,197.6882781982422,254.53492736816406,145.95267144882655,113.18399810791016,117.31413370158947,198.95232494126563,256.40652084056336,141.03501714594583,107.80000305175781,113.06445432012579,190.38271343290788,248.91044911305778,142.49355408899086,109.06900024414062,113.98803256594428,191.67661823238606,250.86001201232125,113990900,93684000,35038000,24549800,34925100
2022-05-16,143.4297637939453,110.81050109863281,113.90044403076172,199.10162353515625,254.9053497314453,145.38106598701418,113.99250030517578,115.61723456489342,204.4066228034296,259.1164127441504,142.08948225415682,110.35399627685547,113.34759099386139,195.01090257076893,249.32959863535496,143.43962842487466,113.0999984741211,114.4085130103672,196.1256590780549,253.40417796573698,86643800,74566000,25990000,27112600,32550900
2022-05-17,147.0761260986328,115.36849975585938,115.91879272460938,201.6695098876953,260.09124755859375,147.5984402531948,115.80000305175781,116.34376289863141,204.4961990624064,261.5631476246742,144.5532317399834,111.27649688720703,114.32342334704686,197.42949890644442,255.84118408639657,146.7016310302499,113.2750015258789,116.2845443739888,201.17185537494336,259.39913116704525,78336300,76448000,23054000,24872700,28828800
2022-05-18,138.77821350097656,107.11250305175781,111.3670654296875,191.33824157714844,248.2493133544922,145.2233813560545,112.85299682617188,114.85091311262987,200.0571444967755,257.5508502985202,137.87153963890293,106.2490005493164,111.02470046541804,190.7311023719334,246.96937793228923,144.72078142086878,111.43949890136719,114.45281484671837,199.0618353201746,256.96461327816115,109742900,108380000,35126000,23960000,31356000
2022-05-19,135.35853576660156,107.31900024414062,109.85877227783203,190.39266967773438,247.33090209960938,139.6060416476657,110.03399658203125,112.4722766682842,194.3739060489008,251.75696064928601,134.6194101946053,106.19300079345703,109.47659675819857,188.7106100681742,246.09982214872184,137.85185149313176,106.28050231933594,110.90128865895407,190.3030955043139,248.0734561306582,136095600,88142000,34144000,24446900,32692300
2022-05-20,135.5950164794922,107.59100341796875,108.38978576660156,192.63211059570312,246.76422119140625,138.65992377824847,109.89800262451172,111.6497051639263,196.98162155597763,252.60700218610816,130.68722797221466,105.0094985961914,105.29309506741203,186.9887099950689,240.78466843805458,137.07326729810367,109.56849670410156,111.418305686061,194.05541046219443,251.3368168478214,137426100,99500000,48962000,31465600,39199300
2022-05-23,141.0349884033203,107.55699920654297,110.95751190185547,195.30947875976562,254.66854858398438,141.18280747509044,108.81900024414062,111.61387396167295,196.06592331161005,255.49904858681893,135.6541486277064,103.94999694824219,108.22358115699089,190.3428966219089,247.61423331558927,135.792118107207,108.46099853515625,109.06605749514745,194.27436409304423,249.62697256957765,117726300,107798000,37184000,25059200,33175400
2022-05-24,138.3248748779297,104.0999984741211,105.46577453613281,180.42962646484375,253.66221618652344,139.91153156082976,105.4000015258789,105.951952644931,182.81836215094546,255.33296663068452,135.3388090457555,101.26000213623047,101.39971155887439,175.28388041051807,247.6826631718346,138.76834717267448,104.0250015258789,105.26871860398441,179.70305509829623,251.97193543806088,104132700,102934000,76780000,50406300,29043900
2022-05-25,138.4825439453125,106.7750015258789,105.30155944824219,182.96768188476562,256.49566650390625,139.7341188389118,108.17500305175781,105.99325219877339,184.58007783920206,258.50839113022187,136.33414488879876,103.6500015258789,103.36232921245352,178.47884310975888,251.229372012258,136.42283633085628,103.65550231933594,104.48595502313039,179.55376362124167,252.2162040206806,92482700,93120000,40258000,28030200,28547900
2022-05-26,141.6953125,111.07749938964844,107.27960968017578,190.7310791015625,259.798095703125,142.24719057579537,112.66549682617188,108.13252659391175,191.92544693032073,260.98032015992106,135.15158738869113,107.45349884033203,104.72432138922662,181.40502292734416,255.43067249294842,135.3979626037819,107.97000122070312,105.1741741646191,182.02212486885114,256.2513925154789,90601500,93002000,37948000,23056500,25002100
2022-05-27,147.47032165527344,115.14649963378906,111.78207397460938,194.21466064453125,266.9696350097656,147.50973506608682,115.18699645996094,111.7835698138087,194.41371941796862,267.0673461571398,143.15382385017716,112.62799835205078,108.61919412203534,188.9096615621262,261.4199877190789,143.28194375102797,113.55000305175781,108.96206020855854,190.46234125703288,262.31888853076333,90978500,93660000,37914000,22562700,26910800
2022-05-31,146.68191528320312,120.20950317382812,113.22069549560547,192.73167419433594,265.6310729980469,148.47553371046925,121.99449920654297,115.18430708649075,196.6731053355779,268.4645173068934,144.71091395436392,115.67500305175781,111.54520378568205,191.10931532736834,262.75853826764757,146.9085912630533,116.27999877929688,112.21002456042172,193.97581070281703,266.2759307760197,103718400,144634000,50012000,26131100,37827700
2022-06-01,146.55381774902344,121.68399810791016,113.35008239746094,187.75509643554688,266.16851806640625,149.53988370849348,125.17900085449219,116.54431425454679,198.59401125850084,271.3175713549136,145.53873817938137,120.62249755859375,112.71113883445743,184.13217214250176,263.8431295434479,147.72655096677192,122.25599670410156,114.30850533505887,195.58817370948535,268.88472142460097,74286600,127528000,36606000,36623500,25292200
2022-06-02,149.01756286621094,125.51100158691406,117.06283569335938,197.9271697998047,268.2789001464844,149.07669050037924,125.61000061035156,117.33851811955124,199.99741456665316,268.34730093627996,144.73062893844732,120.04499816894531,112.40908976134669,186.84937456923174,255.59678544631987,145.68656579095972,121.68399810791016,113.45757440998959,187.56599834187975,258.3813893513853,72348100,100560000,37992000,31951600,44008200
2022-06-03,143.27207946777344,122.3499984741211,113.9959945678711,189.88507080078125,263.8235168457031,145.82452236693706,124.4000015258789,115.76802495065249,195.68772473485097,267.17482718772595,142.36542073655667,121.04650115966797,112.97836071006883,188.88976169072905,262.25047775674227,144.77002952584698,124.19999694824219,115.51025464447159,195.06067513561032,264.1068702171186,88570300,97604000,26136000,19465000,28059000
2022-06-06,144.02108764648438,124.79000091552734,116.2646484375,193.3387908935547,262.58270263671875,146.41586243222446,128.99000549316406,118.77912375848886,195.99626434360303,267.8880873887345,142.79906122963087,123.80999755859375,115.61127043127397,187.5162266373198,261.08781439672373,144.89818276511863,125.25,116.14919546785866,193.08001599733524,265.8167420959057,71598400,135269000,33542000,30574200,22400300
2022-06-07,146.55381774902344,123.0,116.59208679199219,194.7322235107422,266.24658203125,146.83960633947197,124.0999984741211,117.13101415848703,195.60810039740878,266.86212935863284,142.0106588574211,120.62999725341797,114.50457089395813,190.59174910834548,259.83712541433647,142.25703403584302,122.01000213623047,114.93102936741137,191.02967236446682,260.52107351526206,67808200,85156700,31590000,18828700,22860700
2022-06-08,145.814697265625,121.18000030517578,116.63636779785156,195.71759033203125,264.20458984375,147.69699226544608,123.75,118.00632111258021,201.0823060343679,266.7351505141469,145.3219468917094,120.75,116.04519240682265,193.49805518353978,263.4229304866885,146.42570291726497,122.61000061035156,116.20592298566977,193.75683009472488,265.4747453002484,53950200,64926600,26108000,22267200,17372300
2022-06-09,140.5718231201172,116.1500015258789,114.28910064697266,183.13687133789062,258.7135925292969,145.80482957531117,121.30000305175781,117.7361218438542,198.514393638331,266.45182722597934,140.46341743862806,116.0999984741211,114.22988211545837,182.81836514135458,258.5572606402289,144.9474487547002,119.98999786376953,115.77399830108254,193.368647499835,261.6349682995289,69473000,67029800,25798000,23501600,26439700
2022-06-10,135.14169311523438,109.6500015258789,110.632568359375,174.7464141845703,247.18435668945312,138.71904983013044,114.5,112.73999313613125,182.24108998683536,254.60016185798392,135.0727008597942,109.05000305175781,109.84085182107376,174.19899117906937,246.73490627176395,138.24601378405768,113.41999816894531,111.90996185455049,182.18135868760842,254.60016185798392,91437900,87266000,41452000,27450800,31422800
2022-06-13,129.9678192138672,103.66999816894531,105.88626861572266,163.48947143554688,236.70057678222656,133.23967326736573,106.54000091552734,108.27384824703032,171.77045064695062,243.30545685676884,129.5341965596281,101.86000061035156,105.61407143207575,163.2605545891736,235.98733310322459,130.94345514835987,104.19000244140625,106.27839110394777,169.7897800204355,239.4851805295695,122207100,99277700,47252000,31749300,46135800
2022-06-14,130.83505249023438,102.30999755859375,106.20772552490234,162.96194458007812,238.87942504882812,131.9486729653345,104.87999725341797,107.41097248913957,165.96778212800888,240.10073992715505,129.57361294213226,101.43000030517578,105.29658482140374,160.60306701933558,235.9677996446839,131.19969793288186,104.19000244140625,106.02808814729501,165.2511584054928,238.2638775793901,84784300,69728800,33706000,27244300,28651500
2022-06-15,133.46636962890625,107.66999816894531,109.24221801757812,168.55560302734375,245.98257446289062,135.34867981532068,109.05999755859375,110.89332070160148,171.3524191827835,249.4413464461291,130.24379275536234,103.52999877929688,107.1571853080472,163.21078280553314,240.76512103312788,132.34289928892184,103.86000061035156,108.02851540213744,166.41567933900382,242.61174847888114,91533000,85011100,39698000,30008300,33111700
2022-06-16,128.17420959472656,103.66000366210938,105.52897644042969,160.11538696289062,239.34837341308594,130.47042786825955,104.58000183105469,108.13153172918454,164.30564539869255,241.74214726909568,127.16899474112004,102.01000213623047,104.6377371893725,158.8613028318742,237.44312544232827,130.16492507881696,104.47000122070312,106.71082612689229,162.95202427228188,240.33519033418943,108123900,82186300,51684000,26944100,33169200
2022-06-17,129.6524658203125,106.22000122070312,106.63369750976562,162.971923828125,241.9668731689453,131.15043105016284,106.9800033569336,108.18229360105146,165.12178002530368,244.75147677232087,127.92783964673345,102.51000213623047,104.54617406358982,159.14992519347047,238.42995041110007,128.18407944512376,102.80000305175781,105.52897843764345,160.92157424527068,239.08457333039794,134520300,99772100,51376000,31374200,43084800
2022-06-21,133.8999481201172,108.68000030517578,111.01325225830078,156.3133087158203,247.9171142578125,135.07269612109914,111.62999725341797,111.95425661827566,166.9730614578161,248.90393114963194,131.38693387520644,103.55999755859375,108.08326009819567,155.23837298611093,243.78417465701486,131.48547490267777,108.19999694824219,108.41119057692619,165.15164384807628,244.51696346314722,81000500,70901200,47416000,50724900,29928300
2022-06-22,133.3875274658203,108.94999694824219,110.95701599121094,155.11892700195312,247.32113647460938,135.76257275465719,112.12999725341797,112.80716393802025,160.03574112554074,251.26843424817747,131.96840403366457,107.0199966430664,109.85727053284596,154.71084663209396,244.6244638607428,132.8356344352228,107.43000030517578,110.03044617871146,157.63705777251027,246.1095868286238,73409200,60040100,30774000,47267800,25939900
2022-06-23,136.26519775390625,112.44000244140625,111.70792388916016,158.00531005859375,252.9196014404297,136.58055018558431,113.0,112.20604591984649,159.00061909833292,253.41790737395362,133.66347628298064,107.93000030517578,109.97471708378085,153.52641937976747,247.8096398760689,134.83622462315083,110.38999938964844,111.69747579437303,155.53694789245958,249.7051226545584,72433800,64345300,28362000,40499200,25861400
2022-06-24,139.60601806640625,116.45999908447266,117.41365051269531,169.36180114746094,261.5567626953125,139.85239321545572,116.70999908447266,117.51715954815482,169.45137532208366,261.8303359897914,137.74342254109405,111.43000030517578,112.41504945457397,160.54336185948108,255.71398255656243,137.87152739306867,112.37999725341797,112.45735057227827,160.9713374852641,255.80191363508214,89116800,69867600,41164000,68736000,33923200
2022-06-27,139.60601806640625,113.22000122070312,115.28234100341797,168.69493103027344,258.8112487792969,141.40948596195392,117.9800033569336,118.01526949121953,170.94432394491855,262.1429689613932,138.92602024902237,112.69999694824219,114.6314459624472,167.2218627479508,257.2381799786484,140.63093206993196,117.08999633789062,117.71023220229814,170.5163483567806,262.05503788318345,70207900,62133200,36420000,29174600,24615100
2022-06-28,135.44720458984375,107.4000015258789,111.47454071044922,159.92626953125,250.59425354003906,141.34049395514106,114.8499984741211,116.75131444596565,170.49646320334057,260.78489654166776,135.328949330103,107.04000091552734,111.31579952883644,159.85660578696826,250.43792167575154,140.06920480029078,113.5,115.2514813531098,169.103021258367,257.9221419564602,67083400,74942900,35792000,27744500,27295500
2022-06-29,137.2112579345703,108.91999816894531,111.16999816894531,163.1709747314453,254.2875518798828,138.63038134531047,110.98999786376953,112.62205554244028,165.54976285032362,255.95830237758284,134.6883785543866,106.91000366210938,110.3449403751085,159.5679606836343,249.89080316458814,135.46693252662052,107.37999725341797,111.02121152936431,162.80271522785688,251.6788100350008,66242400,66375300,24716000,28595200,20069800
2022-06-30,134.73764038085938,106.20999908447266,108.44453430175781,160.49359130859375,250.9362030029297,136.36371032139607,108.18000030517578,110.3603778852546,164.4549172478533,253.57425481431093,131.83041667995218,102.5199966430664,106.24206665621995,157.7465436782428,247.09639654943996,135.25995448479154,108.11000061035156,109.47660264341167,161.3893634177571,251.1511555936145,98964500,97679400,43170000,35250600,31730900
2022-07-01,136.9156036376953,109.55999755859375,108.22010803222656,159.27931213378906,253.62307739257812,137.02400931509246,109.75,108.73016641639377,159.86654085076404,253.8087196084434,133.69302720857007,105.8499984741211,106.22265397774427,154.27290863624773,248.76714396372097,134.06750724522163,106.29000091552734,107.41943163222562,159.55799746344536,250.50630977578044,71051600,73021200,35476000,31423900,22837700
2022-07-05,139.5074920654297,113.5,112.72407531738281,167.4010467529297,256.81805419921875,139.5567701133716,114.08000183105469,112.83753130607606,167.46076287139942,256.9450756953764,134.94461850939908,106.31999969482422,105.22840975036895,156.28344547718694,248.89416404155705,135.772450617196,107.5999984741211,106.59089908908788,157.39818685452104,250.28157571455267,73353800,76583700,39342000,28618600,22941000
2022-07-06,140.84774780273438,114.33000183105469,114.0268325805664,168.97364807128906,260.1009216308594,142.03034554759492,115.4800033569336,115.03949284975673,170.78510292796037,261.84007244359304,139.03443025811183,112.01000213623047,110.94556355714842,164.6838678255094,256.37835708328197,139.30051963790794,113.20999908447266,112.76287894118538,167.41100532878124,257.6973828261266,74064300,66958900,37432000,23085900,23824400
2022-07-07,144.22802734375,116.33000183105469,118.21780395507812,171.3822784423828,262.2406921386719,144.42512446788226,116.98999786376953,118.62237150865167,171.90979105681865,262.88554989240333,141.20253310502923,113.48999786376953,114.28710302372731,166.99296161309277,258.9382523471021,141.21238269809453,113.8499984741211,114.53242824450783,168.65512600783367,259.03596348868336,66253700,57872300,40936000,24083400,20859900
2022-07-08,144.9080352783203,115.54000091552734,118.78559112548828,170.07843017578125,261.5177001953125,145.41065032513728,116.58000183105469,119.11551098399944,171.59128912909785,261.9476053921388,142.89762020370028,113.69000244140625,116.34525479851375,167.3612252972131,257.2479884069412,143.1538450057202,114.5999984741211,116.69209965966292,169.1826428402313,258.71356617323374,64547800,45719700,38238000,19249200,19658800
2022-07-11,142.7694549560547,111.75,115.12609100341797,162.11593627929688,258.4399719238281,144.51379508007224,114.30000305175781,117.4365476052986,166.70431141922256,260.41360575508605,141.69526300251138,110.87000274658203,114.78173665895066,161.15048532539075,256.16342461352093,143.55785837644726,114.08000183105469,117.4365476052986,166.2862834578215,259.55379543105175,63141600,53487600,31196000,21885600,19455200
2022-07-12,143.7451171875,109.22000122070312,113.47795867919922,162.50411987304688,247.8487548828125,146.29756011597522,113.2300033569336,116.41740394407732,165.1317352711838,259.8371859282168,142.94686411267188,108.33999633789062,113.14903353840538,161.33961005665554,246.25615550734784,143.64656111311933,112.16000366210938,115.66201280608395,164.02694157042103,259.77856519931385,77588800,54280300,29960000,16639700,35868500
2022-07-13,143.38050842285156,110.4000015258789,110.82364654541016,162.7230987548828,246.9205322265625,144.3265807145126,111.77999877929688,113.65261985102296,164.206099671793,247.73148701005059,140.0593606954875,106.01000213623047,110.67236938242495,158.8612943845739,242.4163228297024,140.91675656689353,107.02999877929688,111.169489086317,159.40871745570726,244.44859236387242,71185600,61353800,43722000,16555100,29497400
2022-07-14,146.31729125976562,110.62999725341797,109.84235382080078,157.30860900878906,248.2493133544922,146.79032738889836,111.18000030517578,110.56440377859388,161.82730571844314,249.28498583631665,141.17297636311127,107.58000183105469,107.85734476528513,156.54221673613603,240.29611261211394,141.99094375492155,110.23999786376953,109.68610316058955,160.46373708780524,244.81986703868395,78140700,51163100,37004000,23765200,25102800
2022-07-15,147.9925994873047,113.55000305175781,111.24564361572266,163.92739868164062,250.82872009277344,148.67259719790874,115.58999633789062,112.60216483443524,164.20608400267676,254.3949529263988,146.05116241465439,111.58999633789062,110.37232404487976,159.07030080986016,248.9234722103075,147.60825491664284,112.5,111.46758971888954,159.78690935880238,249.85166836754718,76259900,84317800,46770000,23342800,29774100
2022-07-18,144.93760681152344,113.76000213623047,108.51121520996094,166.44554138183594,248.41543579101562,149.37236031781808,117.23999786376953,113.13909122528293,170.88462677932483,254.85420398035012,144.57296129769512,113.1500015258789,107.85435955238535,164.86300351173682,247.48723950429894,148.5543928665957,115.0,112.10403881377384,165.96779725235947,253.78922102936602,81420900,59115400,43164600,23574300,20975000
2022-07-19,148.8105926513672,118.20999908447266,113.26847076416016,174.9554443359375,253.57424926757812,149.03725358197892,118.94999694824219,113.47747063825159,175.66212052759056,253.75989149262034,144.7798987508147,114.02999877929688,109.03869296718022,168.71485160016243,247.85849034611635,145.77524895701922,115.69999694824219,110.32255584496407,169.57081809213034,251.66898635467277,82982400,60990000,36530900,25933700,25012600
2022-07-20,150.82102966308594,122.7699966430664,113.3580322265625,182.23114013671875,256.2513732910156,151.49117799927419,123.4800033569336,114.85089479075843,182.73875749938003,258.7917140181286,148.18974443892895,118.31999969482422,111.94479082146569,175.87111557208019,252.96849344718146,148.92887000877803,118.62000274658203,112.63150243769348,176.65741826877792,253.93576521951553,64823400,71268300,35600400,24784300,22788300
2022-07-21,153.0975341796875,124.62999725341797,113.79594421386719,182.310791015625,258.7624206542969,153.3143455287886,124.8499984741211,114.00495167460863,182.987609193753,258.8112911394695,149.73697330616696,121.26000213623047,110.58131743938425,178.03095826150494,251.1316477290945,152.25985260020167,123.19999694824219,113.73623213542243,179.78271223745008,253.82832050457455,65086600,60239900,32676200,27195800,22404700
2022-07-22,151.85581970214844,122.41999816894531,107.3865966796875,168.47596740722656,254.3852081298828,154.01406893177526,125.5,111.80546531170556,174.77627552596368,259.2411570700672,151.18568635393427,121.3499984741211,105.99325657695871,167.62000101541054,253.12483269805247,153.13697379217183,125.01000213623047,110.47184488302739,172.25814484053492,259.1532259806783,66675400,51463800,48901200,42583900,21881300
2022-07-25,150.73236083984375,121.13999938964844,106.99845123291016,165.86825561523438,252.8903045654297,152.79205412812468,123.63999938964844,109.3472225583573,169.76988065609982,255.49904599402382,150.07207703612667,120.02999877929688,105.79420953019157,164.03689051423166,250.91667066137012,151.7769893960991,122.69999694824219,107.89417039822348,168.20723807758844,255.01052009346162,53623900,50221300,34690900,26166300,21056000
2022-07-26,149.4019012451172,114.80999755859375,104.52029418945312,158.40342712402344,246.119384765625,150.87028755705626,118.1500015258789,106.68992169386529,165.22130010065143,253.91627020415783,148.61349773507445,114.52999877929688,103.57481748327089,157.20905931736448,243.84286679987292,150.05232023117222,115.79000091552734,106.0927781113769,165.16158398840008,253.89671008175236,55138700,67075100,47991000,28468400,39348000
2022-07-27,154.5166778564453,120.97000122070312,112.52203369140625,168.78453063964844,262.57293701171875,155.04885675783189,121.9000015258789,113.3679952824466,170.06847278481447,263.85287270769817,149.95381896335044,117.16000366210938,107.49606723707197,161.2599957547192,252.90990852840943,150.36772753245657,117.30999755859375,108.74011946731692,161.82731408349076,255.16689619489284,78620700,61582000,59858500,43846600,45994000
2022-07-28,155.06854248046875,122.27999877929688,113.67652130126953,159.96609497070312,270.06689453125,155.3543310693815,122.83999633789062,113.79594545946627,160.75238255206148,271.4640714641904,152.17116799178928,118.08000183105469,110.92965176635761,154.12363485832338,261.72286372035086,154.70389699283152,121.56999969482422,111.83532546250933,160.30449645193517,263.5597258949392,81378700,82245500,32816600,73214300,33459300
2022-07-29,160.15371704101562,134.9499969482422,115.76652526855469,158.3536834716797,274.2975158691406,161.257488076031,137.64999389648438,116.15466896108313,159.38879825060556,275.5286106924797,157.1873652790473,132.41000366210938,112.52203489140882,154.44211082153643,270.28184723835176,158.90214195015406,134.89999389648438,112.54194397943671,156.9502939994109,271.3272998322268,101786900,148892900,37223400,42065400,32152800
2022-08-01,159.16824340820312,135.38999938964844,114.31346893310547,159.17977905273438,271.63018798828125,161.21808706491137,138.8300018310547,116.16461921046162,164.41511470365762,274.8251367286238,158.55723766812045,133.50999450683594,113.79593896680589,154.50182926200065,269.5099724039233,158.6754929629622,134.9600067138672,114.75137773642173,156.5123579214233,271.4445457557554,67829400,76846900,26034300,40596700,21539600
2022-08-02,157.68995666503906,134.16000366210938,114.58218383789062,159.43856811523438,268.5133972167969,160.05516729364513,137.44000244140625,115.79638002904798,161.47895481991452,271.5129535596286,157.31547663627524,134.08999633789062,113.17889687110984,157.26878636687042,266.12938831170163,157.77866315380257,134.72000122070312,113.4575633556852,157.56738213610367,269.66631124641907,59907000,61922400,20236000,27374500,22754200
2022-08-03,163.72122192382812,139.52000427246094,117.51815795898438,168.00819396972656,275.9878845214844,164.17454378554137,140.49000549316406,118.05558946224379,168.744713049021,276.99424690662045,158.4192238049961,136.0500030517578,114.93053070088145,160.81211279299683,270.26234419508773,158.5079152513036,136.2100067138672,115.1594320713057,161.92685422363462,270.4089258514928,82507500,71827800,28499000,31721900,23518900
2022-08-04,163.4058837890625,142.57000732421875,117.62763214111328,169.76986694335938,277.1407165527344,164.76587969298566,143.55999755859375,118.21482116526452,171.34244183125261,277.2872683484146,162.04588788513934,139.5500030517578,116.33381474881479,166.01754768306282,273.7405956239433,163.60298093980023,140.5800018310547,116.92101136605847,167.51051121404862,275.3331648933384,55474100,70585000,21602900,23938200,18098700
2022-08-05,163.1788787841797,140.8000030517578,116.91105651855469,166.32611083984375,276.41778564453125,163.67231353700947,142.86000061035156,117.54801066886964,170.8050019657225,277.1407945849603,160.85972942250632,139.60000610351562,115.44804984442452,165.02225829759746,272.28484493915647,161.0669786444056,140.10000610351562,115.67695880145602,166.20667860306156,272.744060573087,56697000,50686900,19159500,25832700,16774600
2022-08-08,162.70518493652344,139.41000366210938,116.74186706542969,169.4513702392578,273.8871765136719,165.60658394853183,144.22999572753906,119.57830469839134,176.6773086657649,279.3586727325531,162.04398411639912,138.2899932861328,116.32385973549923,166.3460107811244,272.91012468234504,164.18548932563507,142.0500030517578,117.82667699099878,167.2119248175936,277.5315607614773,60276900,52229000,19138300,27299100,18739200
2022-08-09,162.75453186035156,137.8300018310547,116.0750503540039,167.73944091796875,275.8216857910156,163.6427235312398,138.9499969482422,116.7617696373508,168.73475001506094,276.58378493208386,161.10646144310655,136.2100067138672,115.15942970493639,165.81850165044239,271.2393108859861,161.86635524789833,138.0500030517578,116.58262580661216,168.15746891628208,273.2227544817394,63135500,40434700,19086500,18655100,23405200
2022-08-10,167.01780700683594,142.69000244140625,119.13043975830078,177.50341796875,282.5243225097656,167.11648492615134,144.60000610351562,120.34463596242325,179.63337879589918,283.15940026226946,164.70852083002953,141.00999450683594,117.84658452538288,173.13401170798647,280.35526616412074,165.47827786948693,142.89999389648438,118.21481912974991,175.16445073930183,281.5570506992945,70170500,54773800,30930400,30262100,24687800
2022-08-11,166.2776641845703,140.63999938964844,118.27452850341797,176.65740966796875,280.4333801269531,168.74483818248612,144.49000549316406,120.91192071702521,182.2410940749119,284.52722930944947,165.9816002931334,139.75999450683594,117.99586202223843,175.54265319888472,279.9351040144919,167.8270416248752,143.86000061035156,120.70292085614055,178.86699698540363,284.175504994771,57149200,44867300,24293700,24079100,20065900
2022-08-12,169.84024047851562,143.5500030517578,121.10102081298828,179.65330505371094,285.2112121582031,169.90931351048877,143.57000732421875,121.10102081298828,180.60880853858626,285.2112121582031,167.17568088366417,140.1199951171875,118.89158283337814,178.0707671194985,280.35526321914153,167.59017930923486,142.0500030517578,119.6877792993413,179.96184846623143,281.85993143304614,68039400,47643500,19096300,21274000,22619700
2022-08-15,170.9159393310547,143.17999267578125,121.4991226196289,180.0414581298828,286.7353515625,171.1133102288565,143.75999450683594,121.71807703386351,180.58888115906342,287.42904989156733,169.10010297778325,141.49000549316406,120.03611593641816,177.36407428579042,283.4524424832546,169.2678689938365,142.8000030517578,120.55363833935155,178.12051890328047,284.32203277205406,54091700,39014600,19494800,15878700,18085700
2022-08-16,170.75804138183594,144.77999877929688,121.12091827392578,178.6281280517578,285.99285888671875,171.42912052331732,146.57000732421875,121.84744809440268,180.14100215870383,287.29235463676724,169.40603488259293,142.0,120.06596444578726,176.20951900539458,283.7554314604386,170.5113239880509,143.91000366210938,120.9417744547049,178.59826999329016,285.28938031228677,56377100,59102900,19041200,21156700,18102900
2022-08-17,172.2581024169922,142.10000610351562,118.98116302490234,174.02980041503906,285.2388916015625,173.83708484024334,143.3800048828125,120.71288167155528,177.30436063789398,287.2265154763441,170.30410470369227,140.77999877929688,118.81196614417375,173.35298233666936,283.4275031724951,170.50147562429416,142.69000244140625,119.54845056051758,175.9308292341521,283.6918563410664,79542000,48149800,22847000,20118100,18253400
2022-08-18,171.86334228515625,142.3000030517578,119.59819793701172,173.8406982421875,284.1129455566406,172.60349451732048,142.77000427246094,120.24510658589205,174.93552918515033,285.8166148810079,170.8468677576589,140.3800048828125,118.15510045289486,171.05382960946096,283.0456721434277,171.4686004513763,141.32000732421875,118.86172117631767,173.5221920271503,284.132517315576,62290100,37458700,17987700,18844500,17186200
2022-08-19,169.26785278320312,138.22999572753906,116.65229797363281,167.172119140625,280.1767883300781,171.45870417338608,141.11000061035156,118.5830696196713,171.51166732085684,283.21208370807085,169.06060357237703,137.91000366210938,116.20444217204935,166.26638423624556,279.5991078037717,170.75802023609415,140.47000122070312,118.49349390349892,169.40160175176052,282.8693837672335,70346300,47792800,21809500,26240800,20570000
2022-08-22,165.36972045898438,133.22000122070312,113.69641876220703,162.28514099121094,271.95220947265625,167.629644866865,136.32000732421875,115.07980422824266,164.71369746352707,276.5638839382038,164.94535876639668,132.85000610351562,113.30827507565557,161.49883834970646,271.4332739585335,167.4618788678898,135.72000122070312,114.65184995934078,164.71369746352707,276.1918113279742,69026800,50461500,21456600,19499700,25061100
2022-08-23,165.03419494628906,133.6199951171875,113.31822204589844,160.354248046875,270.6695251464844,166.49477276056035,134.99000549316406,114.46275153442912,164.2757682901935,273.0389927321079,164.46180878530728,132.9499969482422,112.89026780559885,159.9461676751728,269.65122599832847,164.88617053329148,133.41000366210938,112.94003292848389,161.7178166398378,270.6695251464844,54147100,36252100,15870400,18111800,17527400
2022-08-24,165.3302459716797,133.8000030517578,113.1490478515625,162.49417114257812,270.0331115722656,165.90263208814247,135.47000122070312,114.23385781853895,164.6838634867741,271.44305510856765,164.0670542175665,132.10000610351562,112.3329498419266,159.0205518266917,269.3672833219495,165.12301180960134,132.75,112.95994947111635,159.8466602679633,269.6610389889987,53841500,38627000,17734600,20891500,18137000
2022-08-25,167.7974395751953,137.27999877929688,116.09495544433594,167.98826599121094,273.0292053222656,167.9059958352742,137.4199981689453,116.1646220653855,168.08780297450062,273.195639956881,166.13950584864693,134.27999877929688,113.56704040567818,163.25060021852258,268.78957434075147,166.56385255540565,135.25999450683594,113.69641910388675,164.40514721374151,271.54091514615766,51218200,37496300,16956800,15550500,16583400
2022-08-26,161.47157287597656,130.75,109.81497955322266,161.02110290527344,262.49383544921875,168.80402064201385,137.8300018310547,114.57224186477183,170.11822735439944,274.4881266505964,161.41236311895443,130.5,109.66569935363755,160.9116182981977,262.3861459525227,168.3303275274042,136.5500030517578,114.17414361532893,167.68967075178267,273.2544185652506,78961000,53322700,37245700,24023600,27549300
2022-08-29,159.26104736328125,129.7899932861328,108.89935302734375,158.42333984375,259.6934814453125,160.76107856277122,131.9499969482422,110.42207172581055,162.28514382198955,261.8181671643971,157.72153294049875,128.77000427246094,108.2823079873906,158.26408675064076,258.3422833999013,159.03405647544307,129.89999389648438,109.46664053448025,159.90635579730952,260.3005345079081,73314000,48101600,21191200,20052700,20338500
2022-08-30,156.823486328125,128.72999572753906,108.42164611816406,156.42279052734375,257.4806823730469,160.4255551389732,132.07000732421875,109.97422092496217,160.90168172720922,261.47550201720145,155.64910883583622,126.8499984741211,107.28707105272045,155.17865408293667,255.2189044329555,160.00120834545757,131.25,109.64578930257257,159.5978291634246,261.1034593568575,77906200,49203000,27513300,19567900,22767100
2022-08-31,155.15562438964844,126.7699966430664,107.705078125,162.1656951904297,256.0119934082031,158.47150652042689,130.58999633789062,110.32256155184113,167.05266623963342,261.53424671982935,155.07667302243541,126.73999786376953,107.61550240684566,161.3794077283267,255.87490146998655,158.2050475383872,129.4499969482422,110.12351621186505,166.28628921082225,259.85017923118824,87991100,53648700,28627000,40953000,24791800
2022-09-01,155.8859100341797,127.81999969482422,109.21783447265625,164.5843048095703,254.96432495117188,156.33986156326952,128.02000427246094,109.92445524897461,166.5749229058703,255.44411686039697,152.6391010050158,123.66000366210938,106.84916169035981,159.59781194573478,250.07849729586817,154.5832350896264,126.0,107.76478233631381,162.81265591884022,253.46626383334169,74229900,56636100,28360900,30145700,23263400
2022-09-02,153.76414489746094,127.51000213623047,107.33682250976562,159.56797790527344,250.71490478515625,158.2544044411162,131.3800048828125,110.2130705944094,167.14226632195155,259.2137080265582,152.93517807481416,126.38999938964844,106.74963351488796,158.47313171264273,249.1580986293186,157.65241340262483,129.5,110.06378281149561,166.66452215935502,256.2371876448455,76957800,57429800,24160700,22634200,22855400
2022-09-06,152.5009307861328,126.11000061035156,106.30177307128906,157.79627990722656,247.96360778808594,155.02731410056845,128.6199951171875,107.51596926896929,160.93151232444234,252.44799078544023,151.6719640845397,124.73999786376953,105.27667524334035,156.95027638172508,246.6809553860228,154.41545987678768,127.91999816894531,106.78944701500801,159.3489746821426,250.85204083793536,73714800,43888600,25068300,19339800,21328200
2022-09-07,153.91220092773438,129.47999572753906,108.92921447753906,159.63763427734375,252.7025604248047,154.61286996329966,129.82000732421875,109.45669902186589,160.2049677838299,253.4271039157159,151.59305117128892,125.4000015258789,106.39135238503752,156.07442569081752,247.93422281842027,152.78717010211398,126.12000274658203,106.55058712829103,157.01996634774872,249.38332474051592,87449600,47900300,23167000,16831200,24126700
2022-09-08,152.43185424804688,129.82000732421875,107.86431121826172,161.2998046875,253.12362670898438,154.30690008588368,130.27999877929688,109.07850751547035,161.46900542711,254.9937608360402,150.67521286115618,127.0999984741211,106.65012251414598,157.00007688975384,249.47149114389362,152.6094835121141,127.72000122070312,107.52593262689165,157.96552801775033,252.13472983048064,84923800,43988500,24238300,22530800,20319900
2022-09-09,155.3036651611328,133.27000427246094,110.12350463867188,168.35653686523438,258.9396057128906,155.74776853082003,133.69000244140625,110.46188319968864,168.74470682674763,259.6935517170331,152.71807161072002,130.75999450683594,108.5012556752909,162.25530209515227,254.85666778097755,153.42861893209738,130.91000366210938,108.55102080160147,162.4842189475287,255.06227583640336,68028800,49387600,23197700,22086800,22084700
2022-09-12,161.28408813476562,136.4499969482422,110.33250427246094,168.1674346923828,261.0838928222656,162.10319169268726,136.49000549316406,111.08889015087576,170.5860285511026,261.8672114032807,157.20832701154205,134.0,109.40692911388913,166.49530748243313,259.62500491841365,157.49451256385936,134.10000610351562,110.46188297027061,166.60479209253228,260.23205814335745,104956000,53826900,22966800,23220400,18747700
2022-09-13,151.8200225830078,126.81999969482422,103.82362365722656,152.4116668701172,246.72987365722656,158.4320461932663,131.39999389648438,107.7846893387219,160.87179308370557,254.9643088767863,151.35619264515168,126.2699966430664,103.59471470362199,151.9538180632449,246.33821443983342,157.80045022276116,131.00999450683594,107.2870684416698,160.78220373445888,253.43687527963175,122656600,72694000,38172900,44444100,33353300
2022-09-14,153.27072143554688,128.5500030517578,104.5003890991211,150.75946044921875,246.95509338378906,155.037226524522,128.83999633789062,104.77905558849064,152.81974225025758,248.92313072711704,151.5930460586156,126.33000183105469,103.16676873054044,148.35081441173244,244.64435605806372,152.75754500619573,127.36000061035156,104.07243482099148,152.61073585815754,248.23774570259533,87965400,45316800,26395100,43064200,23913000
2022-09-15,150.3693084716797,126.27999877929688,102.42033386230469,148.8484649658203,240.2578582763672,153.2016343191028,130.3699951171875,104.76909744622156,153.47664577135723,246.15218396913423,149.39231725485783,125.5,101.86299330961457,148.0024462353754,238.9262467864511,152.6193698403597,127.37999725341797,103.53499978150074,149.09729221745584,244.55621930906506,90481100,52887200,34188300,34606300,31530900
2022-09-16,148.7212371826172,123.52999877929688,102.31085968017578,145.60377502441406,239.63125610351562,149.36271142090462,123.87000274658203,102.639283702151,147.88304157907592,240.17956416663884,146.4218293394224,120.69999694824219,100.45970933191258,143.61315664028953,237.00719116393054,149.22455028716234,122.77999877929688,101.58432982803475,147.35552892225996,239.1612649577464,162278800,115667800,42797200,40122800,39791800
2022-09-19,152.45162963867188,124.66000366210938,102.5795669555664,147.32565307617188,239.4158172607422,152.53058102303027,124.70999908447266,102.83833193685109,147.8830237264863,240.0228704060289,147.14228080189363,121.80000305175781,101.06680283524696,144.41935240866724,235.82242778090065,147.34951500970212,122.16000366210938,101.26584814817858,144.55869507124584,237.40860661356453,81474200,47279700,23036800,22169500,26826900
2022-09-20,154.83982849121094,122.19000244140625,100.65875244140625,145.40469360351562,237.3890380859375,156.00434240653766,124.4000015258789,101.882903164709,148.141793455889,238.4269090035508,151.06999458899193,121.13999938964844,100.04169980785068,144.53877960103583,234.63769708426776,151.3857850189289,123.3499984741211,101.59428213900198,145.09615023192904,237.01698045564265,107689800,47698400,26517100,23217400,26660300
2022-09-21,151.70159912109375,118.54000091552734,98.80760192871094,141.45330810546875,233.96209716796875,156.6556888275703,123.76000213623047,102.39047078999764,148.89823024896384,242.4902891041455,151.5831795854477,118.44999694824219,98.79764738492318,141.3338758871614,233.91313789195507,155.27406232514645,122.48999786376953,101.18622915681169,145.70328172435356,239.17105337813675,101696800,58498900,31487300,38338600,28625600
2022-09-22,150.73446655273438,117.30999755859375,99.66351318359375,142.15005493164062,235.94972229003906,152.44174672656402,118.79000091552734,100.75827764430566,143.90179350464157,238.76960926962832,148.92849339656019,116.26000213623047,98.31993827303401,140.20919000984014,232.61091479132295,150.37919289810281,117.08000183105469,98.34979431212098,140.8860081046165,232.9046405681356,86652500,55229200,34298600,34418500,31061200
2022-09-23,148.4547882080078,113.77999877929688,98.27017211914062,139.75135803222656,232.95358276367188,149.48114103515752,116.05000305175781,99.18580033576465,141.95098269593655,236.09658280757657,146.60934685596038,112.05999755859375,97.00621838807963,138.2384839082262,230.29035968717196,149.20481874902532,116.0,99.15593670389735,140.75661478213078,234.53976160325183,96029900,65126700,31625400,31710700,34176000
2022-09-26,148.79031372070312,115.1500015258789,97.702880859375,135.7303009033203,232.493408203125,151.75092212100176,117.33999633789062,99.40474334217092,141.57277581103185,236.40991123435145,147.67514640455875,113.12999725341797,97.33464627113645,135.5511525501713,231.95488604827668,147.6948880102553,113.30000305175781,97.63321424053862,139.46271013271172,232.10176387611173,93339400,62723300,27072700,30497000,27694200
2022-09-27,149.76730346679688,114.41000366210938,97.03607177734375,133.76954650878906,231.47511291503906,152.68844368705126,118.31999969482422,99.52417618189102,138.76600279967622,236.75259989953264,147.98107215786084,113.05000305175781,96.40907220091097,133.49086115588344,229.60497922142935,150.73444637733243,117.19999694824219,98.95688868137792,137.273039043162,234.9705839342444,84442700,60094700,30072800,30826500,27018700
2022-09-28,147.87254333496094,118.01000213623047,99.5739517211914,140.9457244873047,236.03785705566406,148.66204205913598,118.69999694824219,100.22085285955642,141.36375249344968,237.27155015003342,142.9381951319115,113.80000305175781,96.64793820563632,133.64015922271042,229.83018830583202,145.70143313730634,114.37999725341797,97.18536972439702,133.988508300892,231.86677170466896,146691400,55763800,32466300,32658500,29029700
2022-09-29,140.60919189453125,114.80000305175781,96.95645141601562,135.77011108398438,232.5423583984375,144.79352488091232,116.06999969482422,98.17064759037245,139.18401383382667,234.94121342333523,138.8328234069904,113.05999755859375,95.50339934291237,134.56578045174535,229.51686351062435,144.1816704801514,115.5999984741211,98.17064759037245,138.7062697424971,233.90334255103218,128138200,58969700,31047200,38985400,27484200
2022-09-30,136.38534545898438,113.0,95.19487762451172,135.0435333251953,228.03839111328125,141.2210144615274,116.91999816894531,98.4294134043774,140.32863747887095,235.51891157089977,136.18797459444687,112.83999633789062,95.10530191604596,134.86438497450047,227.87194152137735,139.42490495984325,114.08000183105469,96.58821763291844,135.41180802475446,233.31587853761883,124925300,59479600,32941500,33166400,35694800
2022-10-03,140.57955932617188,115.87999725341797,98.170654296875,137.9597930908203,235.71475219726562,141.19142866488522,116.91000366210938,98.8175630102199,138.9650498008152,236.56658686861817,135.88206585827712,112.44999694824219,96.06073886671564,135.4615727510368,229.76166549682242,136.39524222216883,113.58000183105469,96.29960237487207,136.49668751865056,230.49600985220198,114311700,50941900,27982000,27723100,28880400
2022-10-04,144.181640625,121.08999633789062,101.1563720703125,139.62196350097656,243.684814453125,144.30006014683647,123.0,101.35541738545221,141.7220663721567,245.13391633829488,142.36578929238382,119.79000091552734,99.90236532427448,138.68637048909366,239.86621517346092,143.12568302717952,119.88999938964844,99.96208499329005,139.83098510058932,239.97391960048338,87830100,62812600,28850800,34670700,34888400
2022-10-05,144.47769165039062,120.94999694824219,100.94738006591797,138.3280487060547,243.9981231689453,145.44483462169993,121.75,101.4450009855778,139.55228978287366,245.34932142534083,141.13220458118386,117.69000244140625,98.3298967620206,134.14775369755077,239.00459102796964,142.17829892107557,118.58000183105469,99.35499464162503,137.59152972253636,240.85513801638095,79471000,48217500,22176900,27979300,20347100
2022-10-06,143.5204315185547,120.30000305175781,100.93742370605469,138.41766357421875,241.638427734375,145.60272687269935,121.52999877929688,102.4402409824645,140.78648924286338,245.11432699777998,143.31319734564778,119.5,100.11137117193405,135.959248531512,240.94325684585763,143.8954467664891,120.7699966430664,100.20094688426994,137.0739900226389,242.7546304477217,68402200,42253800,22324000,36231100,20239900
2022-10-07,138.25057983398438,114.55999755859375,98.21046447753906,132.82398986816406,229.35043334960938,141.2210674225479,118.16999816894531,100.0516603517211,137.6412820318744,236.28264582394613,137.6189837955429,113.87999725341797,97.83227531415282,131.81873319367415,228.30276156963245,140.6684077127789,118.0,99.37489560091394,136.11846039825195,235.87139983946656,85925600,54678000,27502800,33214800,37769600
2022-10-10,138.57620239257812,113.66999816894531,97.39436340332031,133.1623992919922,224.46456909179688,140.02690164719857,116.25,98.62846111239529,135.47152371961099,229.66372422317414,136.75050299743356,112.43000030517578,96.54840938978579,131.25140762114134,221.99716811850382,138.57620239257812,115.0999984741211,98.52893845076046,132.9235348251432,228.18524977908294,74899000,42339700,18225100,24024000,29743600
2022-10-11,137.15513610839844,112.20999908447266,96.71759033203125,127.93702697753906,220.70472717285156,139.49402735669463,115.4800033569336,98.77774038186384,132.03771085921403,224.27852999445886,136.40512061529776,110.38999938964844,95.8517273049946,126.39430240523782,219.43186077739125,138.063054355342,112.70999908447266,96.96640076120471,131.0025808746313,222.86858659888884,77033700,56432200,26507100,38481400,30474000
2022-10-12,136.52352905273438,112.9000015258789,97.09577941894531,126.90190887451172,221.03761291503906,138.51700974724292,113.83000183105469,98.28011949121102,129.06172777563606,223.1035686101061,136.3458997629281,111.4000015258789,96.27968151524828,125.65777251299689,219.2849845956559,137.30316442493086,112.48999786376953,96.837022039716,127.71806961752692,220.69491296541872,70433700,45728700,21876400,34605200,21903900
2022-10-13,141.1124725341797,112.52999877929688,98.58865356445312,129.6788330078125,229.35043334960938,141.70458518782445,113.44000244140625,99.30522889923341,130.52485192893832,231.1716079398188,132.60564736672077,105.3499984741211,93.93092148147386,121.9552388436502,214.55584187664203,133.2175166847836,107.87999725341797,94.69726194514989,122.95054807452124,215.260813649644,113224000,86868100,34574500,34325700,42551800
2022-10-14,136.56301879882812,106.9000015258789,96.10054779052734,126.1653823852539,223.78897094726562,142.62239748423457,114.95999908447266,100.21090137017602,131.17177829979363,232.2877899192671,136.37551116721934,106.5999984741211,95.91145700787062,125.92650273623762,223.57356209482342,142.41514824444727,114.0999984741211,99.51422753973247,130.38549080100034,230.62326425216398,88598000,67737300,25410700,23559400,30198600
2022-10-17,140.5401153564453,113.79000091552734,99.49433135986328,133.41122436523438,232.57174682617188,141.0236718643574,114.19000244140625,100.44976264774354,134.1577061862259,233.97190446953263,138.42821483436188,110.08999633789062,98.35975623093717,129.56933065237612,230.2316367945102,139.2177135934962,110.11000061035156,98.38961227226265,129.68877807103863,230.89745009814104,85250900,62782000,28419200,29612200,28142300
2022-10-18,141.8625030517578,116.36000061035156,100.29051208496094,132.17706298828125,233.521484375,144.77376532008952,119.5199966430664,102.977669480451,137.19341460524663,238.83812986679797,138.76373315265158,114.79000091552734,99.49432320685048,130.78362101502597,230.45681608847852,143.57966155321216,119.05999755859375,102.63928332260754,136.44693271546402,238.16254566937874,99136600,65607400,24060700,25445000,26329600
2022-10-19,141.9710693359375,115.06999969482422,99.15594482421875,132.6050262451172,231.5436553955078,143.04675364711534,116.58999633789062,100.53933041676378,136.35734577919754,234.60832380326266,139.64205634508835,113.22000122070312,98.4493240073362,131.59976952830172,229.3993675920163,139.8295639891064,114.70999908447266,99.53414159458751,132.26662479833314,232.0919634303183,61758300,47198100,23811100,30691000,19985700
2022-10-20,141.50723266601562,115.25,99.49433135986328,130.91302490234375,231.2205352783203,143.97440668910568,118.23999786376953,101.83314824517264,136.12845085825867,236.27282763329708,140.77694373414428,113.51000213623047,98.91708925059409,130.69405565158917,229.9672555385192,141.14209572929755,113.83000183105469,99.52418740118877,132.3064517824057,230.848477660121,64522000,48795100,25323200,26356300,21811000
2022-10-21,145.33628845214844,119.31999969482422,100.6488037109375,129.40013122558594,237.06591796875,145.90867462024406,119.58999633789062,100.82794754437543,129.50961583458374,237.92755339567935,140.7769407155068,114.5,97.25503301309253,124.85157651477564,229.60498465550126,140.99405322955806,114.79000091552734,97.38441171770614,125.71749057589625,229.83998021019283,86548600,55660500,32458700,46348600,26299700
2022-10-24,147.48764038085938,119.81999969482422,102.03218841552734,129.11151123046875,242.08885192871094,148.25739736853123,120.38999938964844,102.26109737591833,132.85386837221668,242.6665325599833,144.08294369562876,116.56999969482422,99.50428086547959,123.98566730826468,236.26305645781395,145.25732078304517,119.9800033569336,101.31562068072593,126.6530962802291,238.67169753815492,75981900,49531500,27176400,63563400,24911200
2022-10-25,150.3397216796875,120.5999984741211,103.98286437988281,136.86495971679688,245.4276580810547,150.48776116501867,121.31999969482422,104.3212429399577,137.70103096931584,245.7997156975737,147.39885428402872,118.94999694824219,102.23123672329918,129.97742202159375,240.6984790313292,148.1192649256449,119.6500015258789,102.41038054718946,130.26607018830055,242.0986216482708,74732300,50934600,40611400,38433200,34775500
2022-10-26,147.3889923095703,115.66000366210938,94.47830963134766,129.21102905273438,226.4913787841797,149.9943276549768,119.3499984741211,97.8422243688905,134.91414569618084,233.32567243013398,146.09618038338365,114.76000213623047,94.23945371213154,127.92707186453384,225.2576707603945,148.9778530921607,116.0,95.97117241436078,131.0622893187902,226.34450095549056,88194300,68802300,88114100,82791500,82543200
2022-10-27,142.89874267578125,110.95999908447266,91.78120422363281,97.4805679321289,222.01673889160156,147.09293910929227,114.12000274658203,94.97592963709896,102.01917463725712,228.81187322430617,142.23754175092256,109.7699966430664,91.36320447078887,95.92788069594937,221.06698582548745,146.12581097157454,113.91999816894531,94.07025591284439,97.52038120419559,226.21718131389076,109180200,129605400,60710900,232316600,40424600
2022-10-28,153.69508361816406,103.41000366210938,95.83183288574219,98.73466491699219,230.94639587402344,155.43196876876547,103.95999908447266,96.09059787724979,100.37692653777812,231.66116845947738,145.87907785280416,97.66000366210938,91.6916233939895,97.05259761246906,221.33138836153447,146.25407807739884,97.91000366210938,91.8309566371646,99.11288725495143,221.51742465253554,164762400,223133400,43697300,95928300,40647700
2022-10-31,151.3265838623047,102.44000244140625,94.060302734375,92.7229995727539,227.28443908691406,152.2147755550462,104.87000274658203,95.57306689870097,98.85409969144031,230.01619304269877,149.92523080942135,100.73999786376953,93.53282580597906,92.16562131206909,226.3248852048597,151.1489545588176,103.55999755859375,94.9659688055794,97.75926119813265,228.88040371716804,97943200,99251400,31675000,121361400,28357300
2022-11-01,148.671875,96.79000091552734,90.0395278930664,94.75341796875,223.4071044921875,153.408851320098,104.58000183105469,95.57306993471083,97.032676591161,230.81909305711767,147.17184429440783,96.05999755859375,89.940005230544,93.11116412073285,222.58464250709673,153.04371444627304,103.98999786376953,94.99582786175144,93.8875039602185,229.702890380131,80379300,153370000,47161400,110189600,30592300
2022-11-02,143.12570190429688,92.12000274658203,86.55618286132812,90.11528015136719,215.50559997558594,150.17195049314788,97.73999786376953,90.74615003951523,94.75341626519553,226.47180622330632,143.09609701993313,92.01000213623047,86.46660714853941,90.05556403974357,215.44683987627806,146.9942290649959,97.31999969482422,90.50729412723294,93.76806245537966,224.67021829166623,93604600,135761800,57038300,71821100,38407000
2022-11-03,137.0564727783203,89.30000305175781,83.03302764892578,88.49292755126953,209.77769470214844,140.9250003088778,93.5,86.10832131332283,90.03565195759467,215.80911298730175,136.9281748948541,89.0199966430664,82.94345193423364,87.99527304724108,209.5133265628878,140.19471128840124,92.47000122070312,85.90927598104008,89.65743726823088,215.49578557184125,97918500,136683300,61288000,60664000,36633900
2022-11-04,136.78955078125,90.9800033569336,86.16803741455078,90.3641128540039,216.76864624023438,141.03023754059535,92.44000244140625,86.22774949314112,90.96129678704688,216.96446839951057,132.83552430474884,88.04000091552734,83.3116906968652,87.67677376490204,208.97479880274778,140.456901891493,91.48999786376953,84.99365177935555,89.92617442608974,213.00880699714827,140814800,129101300,51124900,55638100,36789100
2022-11-07,137.32333374023438,90.52999877929688,88.06893920898438,96.26630401611328,223.11338806152344,137.55068603269024,92.0999984741211,88.47699196596784,96.42554953443738,223.642124352485,134.11068732115655,89.04000091552734,86.43674336723429,92.66328209155361,216.66095271783695,135.5341392248018,91.94999694824219,86.86469761800363,94.33540179879155,217.35613859957564,83374600,77495700,34078900,81987300,33498000
2022-11-08,137.8966827392578,89.9800033569336,88.47699737548828,96.01746368408203,224.09249877929688,139.80449340378325,91.72000122070312,89.89023890654045,97.34122652120378,226.81446708596394,135.90978972981833,88.2300033569336,87.17322545658932,94.34534420392964,221.12574904260384,138.79622744381308,90.79000091552734,88.47699737548828,95.47004067817295,223.92604919971197,89908500,88703400,30429000,52088300,28192500
2022-11-09,133.3199005126953,86.13999938964844,86.90451049804688,100.99401092529297,219.82351684570312,136.95761319516816,89.4800033569336,89.01442577049444,104.40792128428883,223.85752509677178,133.04311982943733,85.87000274658203,86.8646999163299,100.26743197467984,219.64728138196077,136.90818484099725,89.47000122070312,88.02913095745633,101.24283818879528,222.62381708948223,74917800,90796200,31769100,107677300,27852900
2022-11-10,145.18197631835938,96.62999725341797,93.4930191040039,111.34523010253906,237.90797424316406,145.18197631835938,98.69000244140625,93.94087488626228,112.22109936387615,238.2506742370908,137.8966866598679,91.6500015258789,91.1741038384967,104.11928401728964,230.0945548202056,139.61669377296678,92.94000244140625,91.81105799655386,106.61751194751989,230.515571727907,118854000,173414900,51620100,80671000,46268000
2022-11-11,147.9794464111328,100.79000091552734,95.95126342773438,112.48983764648438,241.95175170898438,148.28588106740983,101.19000244140625,96.46878581115081,114.36102372260916,242.81338710367922,142.71070401695297,96.66000366210938,93.47310593436431,108.29958700438058,236.87987282694763,144.1440507641814,97.87999725341797,94.23944635528495,108.71762262169742,237.91775861613573,93979700,111590500,33090500,59961700,34620200
2022-11-14,146.5757598876953,98.48999786376953,95.24462890625,113.6842041015625,236.50782775878906,148.5527731206919,100.12000274658203,96.3294463219346,115.72458315525292,238.81856512501489,145.73552323030617,97.29000091552734,94.06029643096562,110.28024887734493,234.21667709082797,147.25783186642536,98.7699966430664,94.63753085381283,110.46935243850882,236.93864547897454,73374100,99533100,30179500,53395000,31123300
2022-11-15,148.31552124023438,98.94000244140625,97.97160339355469,116.53079223632812,236.9190673828125,151.8247226304383,103.79000091552734,99.66351138474529,118.18300140763097,241.84406888595643,146.85253571913623,97.33999633789062,96.2498317707238,113.87331873931102,235.01956096953973,150.47047343692662,103.20999908447266,97.79245956917397,115.52552791061386,240.5320439197712,89868300,111336300,41640800,50670500,31390100
2022-11-16,147.07989501953125,97.12000274658203,98.37965393066406,112.69884490966797,237.35105895996094,148.14748399123684,98.48999786376953,99.16589589196096,115.53547412900373,239.38356811952744,145.5971350727314,95.54000091552734,97.17541222075646,112.13151906580082,236.06479199573343,147.41599873753398,96.8499984741211,97.43417722407897,113.962884037721,238.3918546720114,64218300,87958800,29105200,33287800,24093300
2022-11-17,148.98773193359375,94.8499984741211,97.89198303222656,110.92718505859375,237.30197143554688,149.73899160011717,96.97000122070312,98.80760365631383,111.80306183886447,238.8435381539188,144.47024904717685,94.02999877929688,96.32945372628268,109.28493128279622,233.3253489732536,144.747029718181,95.37000274658203,96.50859755213386,109.8920703805366,233.4726257376434,80389400,82617900,26052600,35093800,23123500
2022-11-18,149.55116271972656,94.13999938964844,96.96641540527344,111.5243911743164,236.85031127929688,150.94496070019653,95.98999786376953,98.42942216465437,113.78373956066838,239.3246657828085,148.246341800127,92.4800033569336,95.91146145604598,110.10109881313593,234.6999806378717,150.5594437144723,95.94999694824219,98.30003586236528,113.26618215369642,239.09882143559938,74829600,72428200,28342300,33357700,27613500
2022-11-21,146.30886840820312,92.45999908447266,95.14511108398438,109.34465789794922,237.665283203125,148.6417447784354,95.0199966430664,97.93179105937274,111.84288585520797,240.23781728148245,146.02220810744817,90.58999633789062,94.90625518678002,108.67780262607081,236.8208614471362,148.43416682216127,93.97000122070312,96.82707209430102,110.99686704869316,237.05650427423635,58724100,84330300,21647400,24351100,26394700
2022-11-22,148.45391845703125,93.19999694824219,96.58822631835938,110.91725158691406,240.59130859375,148.6911654782662,93.3499984741211,96.75741561356259,111.0964075335895,240.86623522743278,145.24127190945183,90.87000274658203,93.60250071461526,107.81188437574178,236.34957268666008,146.42749193221246,92.62000274658203,95.4934541891789,109.34466134316365,239.17739163059406,51804100,62192000,23438500,29029000,19665700
2022-11-23,149.33372497558594,94.12999725341797,97.99150848388672,111.71349334716797,243.09510803222656,150.08498469071404,94.58000183105469,98.2900840665078,112.14147657191677,243.78242458645812,147.62359740352187,92.83000183105469,96.62802445978609,110.2105820454552,239.84507083963527,147.73233375155243,93.23999786376953,96.62802445978609,111.19593594667465,240.66985070471313,58301400,59414700,18868100,21343100,19508500
2022-11-25,146.40774536132812,93.41000366210938,96.99626159667969,110.88739013671875,243.00672912597656,147.1688998342538,94.43000030517578,98.17064718420455,112.20119784095549,244.19480161069367,145.42911818185223,93.06999969482422,96.93654952051315,110.49921260278887,242.26048692164872,146.6054437081691,93.79000091552734,97.77254895921286,110.7779055285652,242.82998203144444,35195900,35088600,9701400,12007600,9200800
2022-11-28,142.5624237060547,93.94999694824219,95.59297943115234,108.26971435546875,237.38050842285156,144.95460787890806,96.4000015258789,97.11569819421372,111.51442389811186,242.18192539702906,141.73208177830335,93.43000030517578,95.1550706024734,107.87158922736934,236.43790722800586,143.47184797217477,93.93000030517578,96.5782667025875,110.26033240236056,241.6222587467849,69246000,74943100,26237500,23309400,24778200
2022-11-29,139.54747009277344,92.41999816894531,94.73707580566406,108.946533203125,235.97642517089844,143.14563338917574,94.41000366210938,95.6626510462463,110.41959401269497,238.39185389431003,138.7369025521412,91.44000244140625,93.66221276632477,108.03085065335205,233.89483375358824,142.63160575157164,94.04000091552734,95.2745073253337,109.02615975361113,237.02703433595315,83763800,65567300,20061700,23899200,17956300
2022-11-30,146.3286590576172,96.54000091552734,100.50947570800781,117.54600524902344,250.51817321777344,147.01073115671917,96.54000091552734,100.5592408394296,117.60572895972089,250.7047337909563,138.93463248466975,91.52999877929688,93.97073683587386,108.8669085301114,235.51496952522623,139.77485420692707,92.47000122070312,94.36883510796933,108.99630357528429,236.21211456463936,111380900,102805800,43647500,43348600,47594200
2022-12-01,146.6054229736328,95.5,100.50947570800781,119.87503051757812,250.07632446289062,147.41600568948158,97.2300033569336,101.763482607526,120.63145996670963,251.480412997738,144.92496463802757,94.91999816894531,99.77299884014163,117.844599040929,246.37461335279977,146.5065813559001,96.98999786376953,100.5393317496237,118.64084176532097,249.27117147020317,71250400,68488000,28687100,36551400,26041500
2022-12-02,146.11117553710938,94.12999725341797,99.96208953857422,122.91072082519531,250.40032958984375,146.2989942268281,95.36000061035156,100.29051356417902,123.45814387740222,251.42148344936865,143.97599740675216,93.77999877929688,98.429416244413,117.05830594650168,245.16688047663357,144.2824471593233,94.4800033569336,98.57870403410195,117.27727516738443,245.2945303274655,65447400,72496400,21480700,39950500,21528500
2022-12-05,144.9447479248047,91.01000213623047,99.00665283203125,121.85569763183594,245.66763305664062,149.18543519719876,94.05999755859375,100.89760608639799,124.08518796674628,249.22206707564106,144.0946315261712,90.81999969482422,98.5289334501006,120.7807619441876,243.56639967850296,146.07164500360574,93.05000305175781,98.92703166952748,121.17888711668026,247.4448425749525,68826400,71535500,24405100,35474900,23435300
2022-12-06,141.26748657226562,88.25,96.51854705810547,113.58467864990234,240.67965698242188,145.60703008872727,91.04000091552734,99.30521936766596,119.98451654689222,247.29756756690452,140.28885957535718,87.9000015258789,95.96120652171987,113.20645632725221,239.3639346203721,145.3796777864446,90.5,98.82750758572617,119.34751932239357,246.2764137142749,64727200,75503600,24910700,43689200,22463700
2022-12-07,139.32012939453125,88.45999908447266,94.48825073242188,113.39556121826172,239.94326782226562,141.72219330934035,89.88999938964844,96.41901449377833,115.336410842834,241.70085061999154,138.39093073198447,87.4800033569336,94.26929634050404,112.35048367050403,237.82240729803337,140.55576270463825,88.33999633789062,95.95125726651678,113.22636050096166,240.39494158070943,69721100,68086900,31045400,29461100,20481500
2022-12-08,141.01048278808594,90.3499984741211,93.26410675048828,114.78899383544922,242.91836547851562,141.87049392300491,90.86000061035156,95.12521162173816,116.78955954594373,244.2341028868354,139.47830938217072,87.87999725341797,93.00534176035212,114.05245967569569,238.65698778008183,140.72382246539036,89.23999786376953,94.92615870890563,115.84401899184564,240.40474204316993,62128300,73305900,32213300,30619400,22611800
2022-12-09,140.52610778808594,89.08999633789062,92.3883056640625,115.3563232421875,240.97422790527344,143.89691905591846,90.30000305175781,93.8115018580551,116.98862951672221,243.81187510910007,139.28057976630063,88.62999725341797,92.30868449121564,113.33584703612352,239.73705813217018,140.7040317435328,88.9000015258789,93.32382786918778,114.759139316266,240.26726946853532,76097000,67398500,28225400,26033400,20609700
2022-12-12,142.829345703125,90.55000305175781,92.86600494384766,114.17190551757812,247.935791015625,142.83922534059286,90.58000183105469,93.11481538049334,115.1771698309824,247.96524636882398,139.43875970806542,87.87000274658203,91.17409701189375,112.60927054023759,242.69252839292668,141.05991017433828,89.20999908447266,92.2688614145164,114.63970200778424,242.96745501103524,70462700,61999800,29420000,24747100,30665100
2022-12-13,143.79808044433594,92.48999786376953,95.17497253417969,119.58639526367188,252.26589965820312,148.24636089095367,96.25,99.05641715165841,122.7216205884405,259.139094447694,142.58222134561697,90.5199966430664,94.57782896066584,118.08347632884896,248.4856365310329,147.7817615043003,95.2300033569336,97.2948424708287,121.5571031179108,256.9494801774457,93886200,100212000,40593700,44701100,42196900
2022-12-14,141.56405639648438,91.58000183105469,94.61764526367188,121.01962280273438,252.56048583984375,144.97440162134333,93.45999908447266,96.4090836855868,123.55766389792424,257.83320401618323,139.53761456960953,89.87000274658203,93.15463848462352,118.8299459472177,249.70319661190592,143.67946020964052,92.5,94.74702397460736,118.8299459472177,252.47211977688755,82291200,70298000,28733600,36922000,35410900
2022-12-15,134.93116760253906,88.44999694824219,90.42767333984375,115.60515594482422,244.4991912841797,140.17025624774567,89.97000122070312,93.19444441414178,118.07351831295361,249.5951770987246,134.46656823635524,87.47000122070312,89.58171930241409,113.47519503296823,242.8594450460343,139.48818419596876,89.88999938964844,92.68686895444695,117.77493013276049,249.1238764690628,98931900,84802900,40107000,34531000,35560400
2022-12-16,132.9640350341797,87.86000061035156,89.83052825927734,118.86976623535156,240.25746154785156,136.06794556798988,89.3499984741211,90.89543669655227,122.73156281350674,245.314163694285,132.1930009902241,86.7300033569336,89.09404384987789,118.26262707625729,239.09882936779724,135.11898755239025,88.2699966430664,90.32814916628604,119.66601655358838,244.0475385389959,160156900,146144100,58011800,67064000,86102000
2022-12-19,130.84861755371094,84.91999816894531,88.0191879272461,113.94298553466797,236.09426879882812,133.6460931216457,87.62999725341797,90.1290957005775,117.24741133926021,240.76805145365768,129.81069766078807,84.51000213623047,87.7902789704508,113.79368765563045,234.3857983171658,133.5571311451233,87.51000213623047,89.83052771403993,116.28196032757056,240.424385676434,79592600,83531500,29493000,29769900,29696400
2022-12-20,130.7794189453125,85.19000244140625,88.59642791748047,116.54074096679688,237.41981506347656,131.71849714656037,86.61000061035156,88.75567026134895,116.77962062248262,238.50970810030006,128.39711455138564,84.33000183105469,87.02395153379007,111.93246248474388,234.10103870258786,129.87987436917055,85.33000183105469,87.69076176428035,112.7287128164845,235.06328188479955,77432800,74348300,23453800,28742500,25150800
2022-12-21,133.89321899414062,86.7699966430664,89.15375518798828,119.1982192993164,240.00216674804688,135.2375886040089,87.2300033569336,89.79070928196998,119.77549280306249,241.17061240909877,131.224254130209,85.20999908447266,87.89974849348417,115.07764025502914,235.76043092550097,131.45160643001654,86.18000030517578,88.65613432749684,116.15256830609113,237.311811174577,85928000,59267200,24745600,20392800,23690600
2022-12-22,130.710205078125,83.79000091552734,87.34242248535156,116.57060241699219,233.87521362304688,133.01342694162034,85.68000030517578,88.11870987437933,118.0635660399852,237.60637998766668,128.80239484896603,82.25,85.909271863705,113.84345006492889,229.63346281298368,132.80584903157887,85.5199966430664,87.74052072393032,116.65022137241151,236.8895930796324,77852100,81431300,27658300,23618100,28651700
2022-12-23,130.344482421875,85.25,88.80542755126953,117.48629760742188,234.40541076660156,130.89804371107982,85.77999877929688,89.12390461779462,117.62564028642494,234.54287407253264,128.14999653723166,82.93000030517578,86.655701657406,114.99802463435789,229.70218803003908,129.41528379353238,83.25,86.69551223985816,115.48572401086862,231.83287676315888,63814900,57433700,23003000,17796600,21207000
2022-12-27,128.53553771972656,83.04000091552734,86.97418212890625,116.33171844482422,232.66748046875,129.89968192747375,85.3499984741211,88.51680998867842,118.04365121718521,234.60178017051703,127.24059622786994,83.0,86.59599297044319,115.50561770862197,231.55794560399602,129.87002793021114,84.97000122070312,88.37747674118715,117.3767959795067,234.37595081143152,69007800,57284000,20097300,21392300,16688600
2022-12-28,124.59137725830078,81.81999969482422,85.61070251464844,115.07764434814453,230.281494140625,129.52402325835672,83.4800033569336,87.62109534883498,117.59577523215174,235.37747982698158,124.42333294025542,81.69000244140625,85.5310889356147,114.96815973635239,229.92801493167607,128.17965363057965,82.80000305175781,86.56614139398224,115.70468636636733,232.5987434032064,85438400,58228600,19523200,19612500,17457100
2022-12-29,128.120361328125,84.18000030517578,88.02912902832031,119.69587707519531,236.6441192626953,128.98035737968635,84.55000305175781,88.42722724367383,120.46226175754701,237.53763828702606,126.26197134070489,82.55000305175781,86.1978878680228,115.22693365236125,231.38121460067237,126.51897766739482,82.87000274658203,86.2078424115069,115.85398325880043,231.38121460067237,75703700,54995900,23333500,22366200,19770700
2022-12-30,128.43667602539062,84.0,87.8101806640625,119.77550506591797,235.4756622314453,128.4564503839377,84.05000305175781,87.87984728103041,119.85513162410622,235.61312552884607,125.9654166682795,82.47000122070312,86.1580757572641,117.187702673652,232.37290211025564,126.93415661096817,83.12000274658203,86.56612850885591,117.60573830733708,233.89482682014858,77034200,62401200,23986300,19583800,21938500
2023-01-03,123.63253021240234,85.81999969482422,88.69595336914062,124.15485382080078,235.24002075195312,129.39551842727084,86.95999908447266,90.61677037760805,125.77721249819784,241.2982496784464,122.74287269172645,84.20999908447266,88.09880220510901,121.70639436944211,233.09950356417312,128.78264911213327,85.45999908447266,89.16371064442977,122.24386218953632,238.67661840759735,112117500,76706000,28131200,35528500,25740000
2023-01-04,124.90769958496094,85.13999938964844,87.66090393066406,126.77252960205078,224.9498748779297,127.18126787275598,86.9800033569336,90.21867518028262,128.44464928350433,228.6515707937887,123.64241229292817,83.36000061035156,86.8547528692259,125.25965543646576,221.86675636636124,125.4316068972832,86.55000305175781,89.92009958818068,126.7824772261883,228.07226219993836,89113600,68885100,34854800,32397100,50623400
2023-01-05,123.58309936523438,83.12000274658203,85.78984069824219,126.34454345703125,218.2828826904297,126.30149268134268,85.41999816894531,87.1533247069017,127.91713370570422,223.42796620859252,123.32609306355886,83.06999969482422,85.4912727120948,123.95580002508343,217.7428428679085,125.66884902202133,85.33000183105469,87.05380204485257,125.53833789766517,223.0843004172486,80962700,67930800,27194400,25447100,39585600
2023-01-06,128.13023376464844,86.08000183105469,86.92440795898438,129.41009521484375,220.8553924560547,128.79253144434853,86.4000015258789,87.2727486345716,129.71863861013483,221.67035882828523,123.45460129199294,81.43000030517578,84.45621275179472,125.44876160115716,215.37648717687478,124.5617315121944,83.02999877929688,86.37702957023193,128.36501760802327,218.9603615409851,87754700,83303400,41381500,27584500,43613600
2023-01-09,128.65414428710938,87.36000061035156,87.60118103027344,128.8626708984375,223.0057373046875,131.87668586554148,89.4800033569336,89.62152828865293,132.3263423276313,227.05111407181693,128.3971379685157,87.08000183105469,87.44194628861791,128.67355973874038,222.30860727948638,128.97047367930062,87.45999908447266,87.93956719506664,130.54474571400232,222.34787609092098,70790800,65266100,29003900,26649100,27369800
2023-01-10,129.2274627685547,89.87000274658203,87.99928283691406,132.36614990234375,224.7043914794922,129.7513700565325,90.19000244140625,88.24809330021212,132.814035916678,227.11982022415233,126.64745995571087,87.29000091552734,85.42161008183072,126.55354137061703,223.21192206293,128.76286346285156,87.56999969482422,85.57089787842811,126.67297359118345,223.6341254274707,63896200,67756600,30467800,28684400,27033900
2023-01-11,131.95578002929688,95.08999633789062,91.08452606201172,132.26663208007812,231.49903869628906,131.97553930551643,95.26000213623047,91.1641472282376,133.22213554460268,231.67577081089505,128.9606055895864,90.93000030517578,88.58647461468658,129.72859071504672,226.92345084138603,129.7415193359335,90.93000030517578,88.75566389809731,130.34569271415705,227.100182955992,69458900,103126200,26862000,25423000,28669300
2023-01-12,131.87667846679688,95.2699966430664,90.69638061523438,136.06871032714844,234.18939208984375,132.71690008626126,97.19000244140625,91.432864998952,137.03414615767494,235.5542116762938,129.92931912019301,93.5,89.32294969329632,131.1419182560742,229.32906420902535,132.34127780837738,96.93000030517578,91.0447213124675,132.8140453994428,230.99826575626707,71379600,85254800,30258100,30757700,27269500
2023-01-13,133.21115112304688,98.12000274658203,91.68167877197266,136.33743286132812,234.8963623046875,133.36931580754018,98.37000274658203,91.75134539532985,136.7455132270694,235.0338256158968,130.14678954891528,94.12000274658203,89.70114209221775,134.20747204800026,230.6644400284827,130.51253218381837,94.18000030517578,90.41771741423032,134.33686708767706,232.7067627824332,57809700,85549400,26329200,22423800,21333300
2023-01-17,134.37759399414062,96.05000305175781,90.85562133789062,134.7250213623047,235.99609375,135.7120688975574,98.88999938964844,91.81105251796343,136.10850020848943,236.54594701807417,132.5883994032112,95.7300033569336,89.6215236794331,133.62022780979677,232.79513868140307,133.28035102906594,98.68000030517578,91.62195415344863,135.54116681172698,233.65920237830696,63646600,72755000,32602400,21147600,29831300
2023-01-18,133.6559600830078,95.45999908447266,90.68643951416016,132.39599609375,231.53831481933594,137.01687588765424,99.31999969482422,92.35844611498095,136.60614855076494,237.9893068890098,133.4780210835041,95.37999725341797,90.2087200883145,132.17702691752618,231.25357474268407,135.24745602728467,97.25,91.70158285357975,135.17290128355762,237.19398238340665,69672800,79570400,29116700,20215500,30028700
2023-01-19,133.71530151367188,93.68000030517578,92.60725402832031,135.51132202148438,227.72860717773438,134.68403382720132,95.44000244140625,93.16458701556465,136.80522683289115,231.25358612173252,132.23254150823482,92.86000061035156,90.19876306253057,131.520138170728,226.50125078588513,132.53897616267878,94.73999786376953,90.28833877439054,131.8685024155259,229.5451006306224,58280400,69002700,37000400,28625200,28623000
2023-01-20,136.28541564941406,97.25,97.55359649658203,138.7162322998047,235.868408203125,136.43370070636414,97.3499984741211,97.83227057478473,139.28356580894655,236.37899258153192,132.67737218152695,93.19999694824219,94.56787113938321,133.9785661816359,230.26183844379997,133.72518688361293,93.86000061035156,94.64749230458399,135.25256068714705,230.60550417553796,80223600,67481500,63191100,28688600,35389800
2023-01-23,139.48817443847656,97.5199966430664,99.315185546875,142.5979461669922,238.18568420410156,141.67278077878365,97.77999877929688,99.56399601043773,143.085637930656,240.728762962326,136.31506144495467,95.86000061035156,97.03608078946915,138.0095703781944,235.30875313249115,136.5325341153351,97.55999755859375,97.48393658664499,138.63660481536394,236.73249848259866,81760300,76501100,40005100,27470100,31934000
2023-01-24,140.89186096191406,96.31999969482422,97.23511505126953,142.4685516357422,237.65545654296875,141.514625019409,98.08999633789062,99.13603042112301,144.31982726888674,239.53086062869244,138.6874952095744,96.0,96.73749418080635,140.6969025573494,236.08444941515683,138.69737484670043,96.93000030517578,97.63321326625847,141.0253564004958,238.1071302689207,66435100,66929500,33078500,21970200,40234400
2023-01-25,140.2295684814453,97.18000030517578,94.76692199707031,140.83624267578125,236.2513885498047,140.79300948686725,97.23999786376953,95.70245168515892,142.49840710963068,238.8926620229458,137.21461987031523,91.5199966430664,93.31386993258523,139.65182237456102,226.71727706998303,139.2707157250627,92.55999755859375,95.1152550959037,140.55755733281322,230.2324277347602,65799300,94261600,42330000,26622000,66526600
2023-01-26,142.30543518066406,99.22000122070312,97.05596923828125,146.60903930664062,243.5074920654297,142.59209549504305,99.48999786376953,97.10573436154094,146.8180457211265,243.81187403333118,140.26909865118563,96.91999816894531,94.92615256394458,142.6278027480745,237.61618177352415,141.52450641893512,98.23999786376953,96.0408260243726,143.72263368935285,239.23628611084743,54105100,68523600,30114000,25482100,33454500
2023-01-27,144.25277709960938,102.23999786376953,98.89718627929688,151.0281982421875,243.6646270751953,145.53783884062292,103.48999786376953,99.84266300827183,152.4713933036214,245.30437350913868,141.43554202324185,99.52999877929688,96.84698288610231,146.6985978706752,242.35871800285938,141.51462437013356,99.52999877929688,96.84698288610231,147.5446166242109,244.47959356315135,70555800,87775600,33879800,35771900,26498900
2023-01-30,141.35646057128906,100.55000305175781,96.4787368774414,146.37014770507812,238.31333923339844,143.8771557170406,101.73999786376953,97.82231171021904,150.4111000524141,241.1509865733433,141.20819059706298,99.01000213623047,95.94130542571196,146.26066310116065,237.81256824363442,143.29394037386407,101.08999633789062,97.01616832917084,148.70913006731004,240.0807204276458,64015300,70691900,27226200,28040100,25867400
2023-01-31,142.63162231445312,103.12999725341797,98.36969757080078,148.27120971679688,243.32093811035156,142.68105066516867,103.3499984741211,98.40950815466127,149.17694471526661,243.45840142159702,140.64472931637368,101.13999938964844,96.35931244094722,146.82801444365583,238.5489760451487,141.05990031223737,101.16000366210938,96.40907756904596,147.2559901010702,239.03991858279355,65874500,66527300,29870700,29842100,26541100
2023-02-01,143.75851440429688,105.1500015258789,99.95213317871094,152.4017333984375,248.17141723632812,144.92496009089808,106.23999786376953,100.70851906446003,152.8595822934471,250.55739043602162,139.69576656602072,101.23999786376953,97.11569559851715,146.3701623314899,241.02329611056416,142.31530314667881,102.52999877929688,98.24031608663826,147.33561342963432,243.50746379667407,77663600,80450100,35531100,55661000,31259900
2023-02-02,149.0865478515625,112.91000366210938,107.22734832763672,187.88449096679688,259.80682373046875,149.44239568829022,114.0,107.33682553198318,196.23513317084434,259.89518980059495,146.46699674727535,108.87999725341797,105.10748604846768,179.31487955986577,252.58996168925287,147.18860222188079,110.25,105.29658441835562,182.51977587056913,254.131528608111,118339000,158154200,69883800,150475700,39940400
2023-02-03,152.72427368164062,103.38999938964844,104.28143310546875,185.65501403808594,253.6699981689453,155.571177590554,108.77999877929688,107.29701450167059,195.8469851742293,259.41403146682933,146.13093629775682,102.5199966430664,102.09190421385664,182.03208934926204,252.4426419072074,146.32863460622823,105.26000213623047,102.44023732028235,182.6093704771839,254.83844372730002,154357300,144374800,65309300,76809700,29077300
2023-02-06,149.98614501953125,102.18000030517578,102.41038513183594,185.1872100830078,252.11863708496094,151.34040970492984,103.94999694824219,103.86343728262108,189.80544373360888,253.6209201533979,149.047066498083,100.6500015258789,101.39523421998128,184.64974984741363,250.16469524140578,150.81650226401393,102.93000030517578,101.9127642202071,185.6550065784378,252.77651331449187,69858300,81945200,31999600,42483800,22518000
2023-02-07,152.8725128173828,102.11000061035156,107.12782287597656,190.72113037109375,262.7131652832031,153.4458483547341,102.41000366210938,107.66525433974004,192.87100173389837,263.90123782031543,148.90860747733967,98.08000183105469,102.62933344338565,183.53499724729815,255.36865421838652,148.90860747733967,101.16999816894531,102.72885610117324,184.7094699164498,255.8105144830151,83322600,119501300,49010200,47080700,50841400
2023-02-08,150.17391967773438,100.05000305175781,98.89718627929688,182.56956481933594,261.898193359375,152.80335083301824,102.66999816894531,102.64924474740924,189.93486223569326,271.74649858000214,149.43253973358082,98.77999877929688,97.57351278425769,182.06196257929298,261.38759398871423,152.11139923515765,102.04000091552734,101.56443476559781,189.10875375210003,268.2509904236017,64120100,75878300,94743500,36139100,54686000
2023-02-09,149.13600158691406,98.23999786376953,94.55792999267578,177.08541870117188,258.84454345703125,152.55624141902396,101.77999877929688,99.55404072276416,185.7744641405874,269.0168886035488,148.6911765868534,97.56999969482422,93.18449138448133,176.43847376807423,258.039390489122,152.0125597152097,101.31999969482422,99.52418468225432,185.25691426899482,268.84012651357125,56007100,64622500,119455000,37118800,42375100
2023-02-10,149.50230407714844,97.61000061035156,94.1200180053711,173.33306884765625,258.333984375,149.8290111554016,98.81999969482422,96.28964546267231,178.05083931725062,259.30604106753316,147.73018216274517,96.2300033569336,93.80154092875313,172.53683373967021,255.938182254322,147.9677914305051,97.55999755859375,94.99582806779736,175.52276095625143,256.7924175253064,57450700,52740100,54980700,33433600,25818500
2023-02-13,152.31396484375,99.54000091552734,94.15982818603516,178.5883026123047,266.40509033203125,152.71985991539307,99.68000030517578,94.74701720884225,180.15094517244654,269.6256724767286,149.41321016170093,96.91000366210938,93.39348774073657,174.99525137947225,262.3106160068339,149.44290943263957,97.8499984741211,94.28920688773186,177.38398711902897,262.79176011403075,62199000,52841500,50076100,31463200,44630900
2023-02-14,151.67042541503906,99.69999694824219,94.2294921875,178.63807678222656,267.2396545410156,152.2347417014366,100.91999816894531,94.39868146803326,180.65855308285208,269.9889205644407,149.35379194828116,97.5199966430664,91.82100889832186,175.05497305900255,264.4019924983087,150.60120648274088,98.41000366210938,93.98068174209502,176.32896751888825,267.730597042681,61707600,56202900,54726100,24034600,37047900
2023-02-15,153.7791748046875,101.16000366210938,96.4787368774414,176.32896423339844,265.1036376953125,153.94747569846558,101.16999816894531,96.65788069468455,177.35413139393586,266.49156688669603,151.3536388197947,98.44999694824219,93.70201150671859,174.50754675346582,262.01278189893924,151.58133825179516,99.08999633789062,94.04039005423793,175.59243003019583,264.11929330764815,65573800,47957600,50169000,25308900,28922400
2023-02-16,152.1753692626953,98.1500015258789,95.0555419921875,171.63108825683594,258.0458984375,154.7692064041291,100.62999725341797,97.21521477469815,175.025095628684,262.56403597864954,151.81896289081203,98.0999984741211,94.28920158994696,170.9841282874727,257.79981231844084,151.97735397330246,99.20999908447266,94.9162087541605,171.93963162023846,259.8866178016932,68167900,56339200,42462600,25827500,29603600
2023-02-17,151.0269317626953,97.19999694824219,93.90106201171875,172.0690460205078,254.01992797851562,151.47243590583543,97.94000244140625,95.10530367470463,172.36762660759723,256.01814602312515,149.34390771836374,95.6500015258789,92.76648697078687,168.90395511245242,251.99218080181078,150.8289315997935,97.80000305175781,94.39868291013072,169.4215201087607,255.3291229276305,59144100,60029400,34284100,24171300,30000100
2023-02-21,146.99755859375,94.58000183105469,91.3532485961914,171.27279663085938,248.71429443359375,149.7894107206676,95.61000061035156,92.65701296526197,177.33422557764814,251.49015281418258,146.92826533516197,94.2699966430664,91.28358197173173,171.07373784262953,247.65120069336206,148.70038717333577,95.33999633789062,92.55749030076139,173.49233173468545,250.4959553706836,58867200,56580400,33629300,34592600,28397400
2023-02-22,147.42324829101562,95.79000091552734,91.21391296386719,170.3173065185547,247.5724639892578,148.4528580195228,97.01000213623047,91.67172328308142,171.94961300936373,250.35816054888014,145.69072073635462,94.80000305175781,90.1788605753032,168.89402164343807,246.42078280013976,147.3836392015876,95.0999984741211,91.26367049827103,170.26755320801132,250.11207443958386,51011300,59534100,30884000,22433200,22491100
2023-02-23,147.9083709716797,95.81999969482422,90.45752716064453,171.2329559326172,250.78143310546875,148.83898834448985,96.43000030517578,91.50253409442122,172.8752249165705,252.8190182527777,145.7699480861059,93.66999816894531,89.33290665311979,168.58544550003143,246.55858711540606,148.591484366889,96.12000274658203,91.48262500616492,171.19315025446542,251.559058591663,48394200,48467000,41206400,20017800,29219100
2023-02-24,145.2452392578125,93.5,88.70590209960938,169.59072875976562,245.31832885742188,145.720442659753,94.13999938964844,89.46228802095382,169.91918260811994,247.07046080416183,144.26511807901926,92.31999969482422,88.15852364572393,166.87353897983232,244.21586786259348,145.64123957502227,93.52999877929688,89.01443223203913,167.8489377133856,246.04674916895038,55469600,57053800,36585100,19791300,24990900
2023-02-27,146.44313049316406,93.76000213623047,89.4423828125,168.74468994140625,246.24362182617188,147.68065020234755,94.77999877929688,89.73100384409955,172.30789816892718,248.86198178076083,145.97782187399574,93.13999938964844,88.91489828317458,168.26694584901335,245.48567236144245,146.23523564162863,94.27999877929688,89.4423828125,171.07372466464466,248.50761716269687,44998500,47470300,27502300,19277000,21190000
2023-02-28,145.93824768066406,94.2300033569336,89.63147735595703,174.119384765625,245.5151824951172,147.59157242356576,94.69000244140625,90.79591607528975,176.717142249163,247.5527826462789,145.36403664496177,92.91999816894531,88.89500052309056,171.0637783916742,244.83598244472995,145.58184135182967,93.13999938964844,88.90495506752045,171.09363645113456,245.17067096137697,50547000,43959300,30142000,46051100,22491000
2023-03-01,143.85919189453125,92.16999816894531,89.9300537109375,172.6065216064453,242.4145050048828,145.7600203967964,94.68000030517578,90.59686392466584,177.01574930998973,247.00153859615037,143.5621841365181,91.58999633789062,89.24333440817962,172.23826205816135,241.9420088680049,145.36402012374026,93.87000274658203,89.55186454339591,173.77103156123624,246.8342018468034,55479000,52299500,31111200,30998400,27565300
2023-03-02,144.45323181152344,92.12999725341797,91.56224822998047,173.7113037109375,247.17872619628906,145.24524759786468,92.2300033569336,91.84091472708995,174.18904784770294,247.46417946735576,142.46329007120497,90.38999938964844,89.16371177840199,170.6258392892335,241.76483192375827,142.93850860687647,91.41000366210938,89.23338599577193,171.57139512593176,242.69011807533903,52238100,55509400,32204400,17352000,24808200
2023-03-03,149.52210998535156,94.9000015258789,93.20439147949219,184.38101196289062,251.29327392578125,149.6013130753249,94.94000244140625,93.28401264189694,185.74458057876782,251.61810937843563,145.85905393614254,92.66000366210938,92.01009682269682,176.21948032775157,247.4543367942358,146.56195681168307,92.73999786376953,92.03996045341758,178.08070349683496,248.24181531401277,70732300,55759600,35160100,45877700,30760100
2023-03-06,152.29417419433594,93.75,94.67735290527344,184.0326385498047,252.84854125976562,154.73951510110595,96.55000305175781,95.51335999397993,188.77031938056356,256.0476605602481,151.92787308169673,93.73999786376953,93.55273236671877,183.77386366240117,251.97247534442963,152.25456509183923,95.19000244140625,93.5726338624318,187.1181027011441,252.41542732051573,87558000,52112400,32639300,33209400,24109800
2023-03-07,150.08641052246094,93.55000305175781,93.41339874267578,183.6444854736328,250.171142578125,152.49214181283335,95.08999633789062,95.21478402463518,189.46705006569852,253.6557304344605,149.62110185942342,92.77999877929688,93.08496711653402,183.1468308995148,249.42304618349874,152.16543476603405,94.05999755859375,94.52807232544816,188.11342901660902,252.28747719365353,56182000,49100700,27835500,36701500,21473200
2023-03-08,151.34373474121094,93.91999816894531,93.8015365600586,184.1023406982422,249.72816467285156,151.93775035888638,94.16999816894531,95.503399070826,184.39097367878765,250.55501034221174,150.31412479121082,92.18000030517578,93.55272611825472,180.48936350593286,246.88341003286706,151.28433620073233,93.5999984741211,93.67215786383373,182.01218534014973,250.06283815522548,47204800,44899100,34103300,19432400,17340200
2023-03-09,149.0864715576172,92.25,91.88072204589844,180.83770751953125,248.36978149414062,152.99703083776646,96.20999908447266,95.07544729094798,188.0437354729427,255.49642520187024,148.7300652752538,92.18000030517578,91.46272231509023,179.45422851848588,247.6413612448282,152.02681961050465,93.68000030517578,93.60249368912125,185.4758514347984,251.81498682862087,53833600,56218700,28813500,26582800,26653400
2023-03-10,147.01736450195312,90.7300033569336,90.1987533569336,178.6679229736328,244.69818115234375,149.43300577006005,93.56999969482422,92.3484790931476,183.90325832210254,248.83242480341704,146.13625093512175,90.25,89.96985201598534,177.96126204950804,243.72368976781968,148.7102983763868,92.66999816894531,91.73142650002876,180.16088655594882,247.14920421929136,68572400,69827500,35941000,25665000,28333900
2023-03-13,148.96768188476562,92.43000030517578,90.67648315429688,180.05142211914062,249.94473266601562,151.61102231566625,94.0199966430664,92.1295353055602,182.91791737815754,253.87227229864152,146.2253338291279,88.12000274658203,88.99452204264824,173.99995575243568,241.8829494842542,146.33423617376167,89.97000122070312,89.66133224210813,177.12522592730892,243.52680285893817,84457100,72397100,37335600,24728000,33339700
2023-03-14,151.06654357910156,94.87999725341797,93.52287292480469,193.10987854003906,256.7071838378906,151.86845415267095,95.06999969482422,93.91101661837747,193.40847431166495,256.98279906760126,148.60141331315802,92.70999908447266,92.00015418954344,185.68486586763575,251.85435814781437,149.76962498664284,93.83000183105469,92.11957834566286,186.70008541627902,252.7304240608025,73695900,60912700,36050200,41642600,33620300
2023-03-15,151.46253967285156,96.19999694824219,95.6526870727539,196.82237243652344,261.284423828125,151.71993837140982,96.66999816894531,96.46878502000881,196.85223049422967,262.3081505872303,148.42318357477492,93.06999969482422,92.1991969177425,189.94478298357055,255.1519463716988,149.68050801163758,93.22000122070312,92.77643896638652,192.04488576977488,255.9099109124936,77167900,70731800,50622100,42123600,46028000
2023-03-16,154.29400634765625,100.04000091552734,99.84265899658203,203.96868896484375,271.87591552734375,154.8979167381579,100.98999786376953,100.70852211278338,204.79479734999595,272.23026506647096,150.12603215969472,95.61000061035156,95.04559373185006,195.17016006260434,259.1581735865581,150.64084473187137,95.75,95.74225996804023,197.32997901246466,261.0579509308683,76161100,84446900,65492000,50447100,54768800
2023-03-17,153.45249938964844,98.94999694824219,101.13646697998047,194.69241333007812,275.0553283691406,155.17513288563387,100.66000366210938,102.3506555081078,200.95290087614472,278.89426524045854,152.73968657106462,97.45999908447266,99.62369530357599,194.5132497950303,271.9940319281041,154.5217186175242,99.79000091552734,99.78293762449931,199.61919032932525,273.90366232764774,98944600,87300200,61028500,50141100,69527400
2023-03-20,155.8284912109375,97.70999908447266,100.7383804321289,196.88209533691406,267.9680480957031,156.24431116818113,98.4800033569336,101.26585739333697,198.42482751615233,273.1358554487767,152.61093964757077,95.69999694824219,99.39480546444764,192.7316581133867,265.6253039559413,153.52176753764005,98.41000366210938,99.64361592487353,197.54895062735395,272.64368331991255,73641400,62388900,32960400,25186300,43466600
2023-03-21,157.6897735595703,100.61000061035156,104.42076873779297,201.21168518066406,269.4938049316406,157.80857066531217,100.8499984741211,104.59991256706779,202.59516418009426,270.6947062847507,154.97712382903063,98.0,100.73837708314564,197.02142731474626,265.30048823245505,155.74935033569636,98.13999938964844,100.76823312250937,202.24679993080582,270.57658976474096,73938300,58597300,42110300,31827000,34558700
2023-03-22,156.25421142578125,98.69999694824219,102.87814331054688,198.87271118164062,268.02716064453125,160.52117754091816,102.0999984741211,106.08281539474726,206.39724563624534,276.64017464446556,156.2344068779623,98.61000061035156,102.8383327290355,198.73336851348913,267.91886713354575,157.70953600837723,100.44999694824219,103.773854818731,201.55009512210543,269.1197685728432,75701800,57475400,43427400,28477800,34873300
2023-03-23,157.3432159423828,98.70999908447266,105.0975341796875,203.32174682617188,273.31304931640625,159.93706781022715,101.05999755859375,105.79420800627038,206.90486575081258,276.65981401873677,156.10569609721924,97.62000274658203,103.96295911766454,201.20173353015846,270.89157068422304,157.24422341863578,100.43000030517578,104.56010268824097,201.88849925631558,273.58866452624983,67622100,57559300,40797800,27389700,36610900
2023-03-24,158.65003967285156,98.12999725341797,104.93830108642578,205.04360961914062,276.1775207519531,158.73913747364256,98.30000305175781,104.98805862211833,206.60625209994325,276.2365790138879,156.2740076797667,96.4000015258789,103.34590808241246,202.5951578884906,270.9703303661151,157.27391824812167,98.06999969482422,104.49043770663731,204.21750129445783,272.8996370155353,59196500,56095400,30393300,27716400,28172000
2023-03-27,156.69972229003906,98.04000091552734,101.97247314453125,201.88848876953125,272.0530700683594,159.1648674270664,99.33999633789062,104.2615323044318,204.89432642311226,277.0535256674426,156.29381212775743,97.08000183105469,101.44499620942092,200.41543559356643,271.20651838815945,158.34315238139064,99.06999969482422,104.12219906093443,203.84924885877598,276.10856359356126,52390300,46721300,31120900,18527200,26840200
2023-03-28,156.0760040283203,97.23999786376953,100.54928588867188,199.73861694335938,270.921142578125,156.9076288835252,98.44000244140625,101.9625275354681,200.08698119285827,271.8168996614657,154.42267925169685,96.29000091552734,99.26542295271996,196.97165894282725,267.79090429530686,156.3928163743877,98.11000061035156,101.95258058369826,199.21110435106297,271.4723730848255,45992200,38720100,32057900,19127300,21878600
2023-03-29,159.1648406982422,100.25,100.9075698852539,204.38673400878906,276.1184997558594,159.4420439072871,100.41999816894531,102.00233439427095,204.75499352353694,276.7386416296784,157.7590201076739,98.55999755859375,100.1710930472741,201.58990262238925,274.0513701897331,157.77880954657576,98.69000244140625,101.793334518348,202.60512217791344,274.5927476771371,51305700,49783300,28779600,18851100,25087000
2023-03-30,160.7389678955078,102.0,100.40995025634766,206.8650360107422,279.60296630859375,160.84787023912273,103.04000091552734,100.6786698096316,207.1138632813057,280.0065510473712,159.65985428560523,101.01000213623047,99.3052311886087,201.86859535261925,277.0732244696159,159.91725295849392,101.55000305175781,100.42985934560198,202.42596600872767,279.78017110011206,49501700,53633400,33086200,22608300,25053400
2023-03-31,163.2536163330078,103.29000091552734,103.23643493652344,210.94581604003906,283.7865295410156,163.35262396586768,103.48999786376953,103.39566967562425,211.17473288382774,284.7413449823245,160.29347845168977,101.94999694824219,100.55923207299183,205.80006974339463,278.5695152986965,160.8181856716707,102.16000366210938,100.81799706625952,206.26786624192704,279.2880976542589,68749800,56750300,36863400,25440300,32766000
2023-04-03,164.51095581054688,102.41000366210938,103.86343383789062,212.0705108642578,282.7332458496094,164.62975289569243,103.29000091552734,104.0326231198909,212.4885388512506,283.7569423716875,162.58042764470542,101.43000030517578,101.44499598386052,207.22334536538006,279.5045974988717,162.62993146566447,102.30000305175781,101.90280629620425,207.8603425627802,282.0343397141944,56976200,41135700,25035400,17924600,24883300
2023-04-04,163.97634887695312,103.94999694824219,104.22172546386719,213.7127685546875,282.6839904785156,165.17425973324032,104.19999694824219,105.07763404356551,215.22564262061434,285.9028155833691,163.46153634610226,102.11000061035156,103.54496071696833,211.5429868458595,281.1976510040957,164.9366655701128,102.75,103.83358175831708,212.38900564540293,282.7332257176792,46278300,48662500,24420100,21026400,25824300
2023-04-05,162.125,101.0999984741211,103.97290802001953,210.4879608154297,279.888427734375,163.40212898364032,103.91000366210938,105.59514935745837,214.18056419915374,282.65443254812493,160.1845772758085,100.75,103.1667646231396,208.95519150856262,278.49067578511693,163.0952264685397,103.91000366210938,105.27667229755957,213.14543424703638,281.3747970971364,51511700,45175400,28290500,19396600,22064800
2023-04-06,163.0160369873047,102.05999755859375,107.90412139892578,215.0863037109375,287.0348205566406,163.3130448064106,102.37999725341797,108.65055279918359,215.92235971438376,287.5072866226031,160.38259082111486,99.80000305175781,103.8335858075378,207.6712387273477,277.614637849039,160.80829044689202,100.75,104.75916104758119,208.26843026535886,278.77615698093774,45390100,43808000,48711500,26104400,29770300
2023-04-10,160.41229248046875,102.16999816894531,105.93354034423828,213.74264526367188,284.8594665527344,160.41229248046875,102.19999694824219,107.07806234756984,214.64838025756657,285.0661704846128,158.48176428720794,99.56999969482422,104.61982146300264,209.67183438413997,280.2527115064888,159.80838211165943,100.95999908447266,106.47097183107455,213.70283957905806,284.68226171417155,47716900,37261200,27067400,16106100,23103000
2023-04-11,159.19459533691406,99.91999816894531,104.84871673583984,212.84686279296875,278.402099609375,160.73901806921322,101.0,106.22215520900343,215.00668177517124,281.5028083472433,158.90748220210756,99.01000213623047,104.18190658636902,212.40892434732177,277.230757468165,160.72912334632053,100.80000305175781,106.04301139046436,214.469206341982,281.27639833215596,47644200,60417800,26311800,16710100,27276600
2023-04-12,158.50155639648438,97.83000183105469,104.14210510253906,212.99612426757812,279.0517578125,160.441979159197,100.51000213623047,106.24206598376391,215.8227981596567,282.5166689965512,158.18474404786926,97.70999908447266,103.84352951452797,211.58278732153883,277.5457122252791,159.61036940374873,100.4000015258789,106.07287669400085,213.83218017584758,280.3314234347205,50133100,56735000,24370300,18972200,27403400
2023-04-13,163.90704345703125,102.4000015258789,106.91883087158203,219.3163604736328,285.3023681640625,164.14465273087802,102.56999969482422,106.97854295202298,220.11259558285633,285.3614264229886,159.80837789845614,98.70999908447266,105.33639240206342,214.67821654507077,278.73680804839455,160.01628790137767,98.94999694824219,105.33639240206342,214.71802222564747,279.15021586087715,68445600,67925100,24843600,23310400,24222700
2023-04-14,163.56056213378906,102.51000213623047,108.35197448730469,220.45101928710938,281.66033935546875,164.65948057952454,103.19999694824219,108.42164110764425,221.06810607273064,283.96370179651217,162.18444039601638,101.11000061035156,106.33162731127321,216.52949898072916,279.24868340268176,162.94674189589546,102.06999969482422,106.38139243712666,216.85795280807292,282.5068611754226,49386500,51450500,26578000,21591200,20987900
2023-04-17,163.580322265625,102.73999786376953,105.46577453613281,217.83335876464844,284.2786560058594,163.73872843453088,103.7300033569336,105.65487290751938,219.9434092793781,287.0348384011463,162.39230621171848,101.58999633789062,104.02266937335287,216.11147820663248,281.68000236209434,163.4417206444433,103.16000366210938,104.16201021070087,218.75898897403798,285.3909700049731,41516200,39919500,37571200,15481900,23836200
2023-04-18,164.80796813964844,102.30000305175781,104.00276947021484,216.86790466308594,283.8553466796875,165.73858561594125,104.19999694824219,106.03306368013463,219.40594596956302,287.1922881076277,163.99614775175192,101.5199966430664,103.57481518685294,215.19579262276017,282.5166529182572,164.44166704612937,103.94999694824219,105.98329855224205,218.8784333482308,287.00526029686864,49923000,39790500,26596400,12281000,20161800
2023-04-19,165.9563751220703,104.30000305175781,103.68428802490234,214.6881561279297,283.93414306640625,166.48108235627174,105.12000274658203,104.48048447908047,216.31051471727406,284.52472565141113,163.8872303481945,101.38999938964844,102.57956905144894,211.9311458445043,280.08535300849246,164.14464415802902,101.58000183105469,103.0871444808148,212.46862122903303,281.51263430866226,47720200,58398900,20905700,15898100,17150300
2023-04-20,164.98614501953125,103.80999755859375,104.78900909423828,212.0705108642578,281.63079833984375,166.19396563576217,105.25,105.74444030250633,215.7332409525059,284.50509757761904,163.90703130539762,103.20999908447266,103.37576757324341,211.77191510577404,280.6169246781258,164.43173852810273,103.52999877929688,103.41557815605778,212.47857604073408,280.78427646531526,52456400,57696900,27820800,16475400,23244400
2023-04-21,163.3724365234375,106.95999908447266,104.90843963623047,211.89137268066406,281.2862548828125,164.78815208279067,108.1500015258789,105.49562864153211,212.40893771146614,281.78825008105144,162.8477292777316,105.08000183105469,104.2814324554801,208.59690169437602,278.6285130858529,163.40213579346278,106.0999984741211,104.9681517132192,209.2239513434783,280.54799661030216,58337300,86774200,25800100,17717200,21676400
2023-04-24,163.67933654785156,106.20999908447266,105.46577453613281,211.79180908203125,277.3587341308594,163.94664508043508,109.2300033569336,106.12263017432495,212.91651318444914,280.4889724167193,162.25371118266517,105.06999969482422,104.20181320069477,209.72157959330661,274.3564954739549,163.35262947612597,107.66000366210938,104.98805513219027,212.67763354165274,277.67373157493995,41949600,69575600,23542800,15750900,26611000
2023-04-25,162.13491821289062,102.56999969482422,103.3558578491211,206.57640075683594,271.10809326171875,164.64955210777222,105.44999694824219,106.1823484668057,210.2689889060037,277.19133321894157,162.09530911482935,102.44999694824219,103.34590330520571,206.1583727694138,271.05885802775094,163.5407390651718,104.91000366210938,105.32643992429568,209.8310656719504,275.1340574420737,48714100,65026800,46664100,19198200,45772200
2023-04-26,162.125,104.9800033569336,103.21652221679688,208.41770935058594,290.74578857421875,163.6298284131595,106.62000274658203,105.84395986079909,213.10562166645425,294.8800468988335,161.1745931859106,104.0999984741211,102.14165929158905,207.90015957849502,288.1471350865969,161.43199188421733,105.04000091552734,104.42076383754022,211.50317348573273,292.05498339426265,45498800,73803800,53347600,41992700,64599200
2023-04-27,166.7285919189453,109.81999969482422,107.07806396484375,237.44093322753906,300.05767822265625,166.87708827078586,110.86000061035156,107.85435896406044,240.55625552795624,300.4219108695134,163.54073931024718,106.80000305175781,103.04733914233148,235.65933664521174,290.62767246567086,163.54073931024718,108.16000366210938,103.95300525177885,238.7646961349494,291.3364016068915,64902300,149961200,50089200,71196500,46462600
2023-04-28,167.98590087890625,105.44999694824219,106.82925415039062,239.19268798828125,302.4496765136719,168.15421688581486,109.4800033569336,106.83920869473445,239.302157408545,304.0935148750173,166.2038842356674,104.33000183105469,104.5899600378611,234.64411815351386,298.5615040334557,166.80779457565893,107.7300033569336,106.53068615790889,237.88882032208997,299.2505571443168,55209200,130565000,36139800,39554000,36446700
2023-05-01,167.89682006835938,102.05000305175781,106.6899185180664,242.03924560546875,300.7762756347656,168.74823448461532,105.2300033569336,107.47616045562452,242.85540630997818,303.7686910534892,166.95630783220886,101.81999969482422,106.31172936546945,235.35078281375567,300.3726908217299,167.58991750664728,104.94999694824219,106.33163086061985,237.5006388027442,302.1642048581886,52472900,74728100,26681700,29143900,21294100
2023-05-02,166.85726928710938,103.62999725341797,104.81886291503906,238.11773681640625,300.6286315917969,168.64921071415353,103.9000015258789,106.68991470916808,243.7710847934838,304.33959922450805,165.8672534099648,101.1500015258789,103.21652305785557,237.86890955993888,299.1521149683054,168.39179691797213,101.47000122070312,106.63020263275621,242.03924162107515,302.9418469765617,48425700,73469400,30997200,24350100,26404400
2023-05-03,165.7781524658203,103.6500015258789,104.90843963623047,235.9181365966797,299.6343688964844,169.21350870294293,105.95999908447266,106.97853676712556,240.61599719853191,303.77844957321037,165.49105451372273,103.27999877929688,104.46057627953847,231.6582144693208,299.3292245972362,167.80768799680482,103.73999786376953,105.02786379020792,238.34669345544214,301.8196142251719,65136000,65051900,21795400,34463900,22360800
2023-05-04,164.13473510742188,104.0,104.19186401367188,232.42457580566406,300.6286315917969,165.3722550253471,105.38999938964844,105.09753008189718,237.08261491383803,302.9418469765617,162.66951575440282,103.30999755859375,103.47528871968271,231.83733191833227,298.65008970357985,163.24372680909343,104.04000091552734,104.98805287903261,234.9526541341907,301.44562423928016,81235400,45345500,23419500,17889400,22519900
2023-05-05,171.83709716796875,105.66000366210938,105.06767272949219,231.6880340576172,305.78656005859375,172.5598046719848,105.76000213623047,105.37619524656543,233.579115133768,307.08590178354325,169.0551393113796,103.55000305175781,103.61462066511625,228.77178589877687,299.50643842780966,169.27294405611536,104.2699966430664,104.32124140643722,231.15057386548511,300.93374972200786,113316400,56912900,26625100,26978900,28181200
2023-05-08,171.7677764892578,105.83000183105469,107.2572021484375,232.17576599121094,303.81793212890625,172.11428813282294,106.0999984741211,107.44630051441501,234.51473334429355,305.34368416903175,170.3916548495959,104.69999694824219,104.65962811592014,229.18983858856006,301.29801254398035,170.7579559365768,105.04000091552734,104.67952961034783,230.3344380180247,305.2747728426147,55962800,49430900,26511400,16400500,21318600
2023-05-09,170.0550537109375,106.62000274658203,106.8392105102539,232.27525329589844,302.1937561035156,171.80737116626167,106.79000091552734,109.62589071265951,234.77348857157287,305.1861717412248,169.88675280256177,105.16000366210938,106.67997576350962,229.99600239941836,301.51455600745976,171.3222729910744,105.4800033569336,107.87426293991619,230.37422467415692,303.1781005859375,45326900,44089400,36360100,16865600,21340800
2023-05-10,171.8271484375,110.19000244140625,111.21827697753906,231.98666381835938,307.4206237792969,172.2924570953219,110.66999816894531,112.40261721138486,235.63944666006466,308.09982387729104,170.18371850163723,108.05000305175781,107.41645340605741,229.6377335630662,302.8532809885263,171.2925465255573,108.0999984741211,107.45626399131446,235.06216551737595,303.7883902256099,53724500,78627600,63153400,19119000,30078000
2023-05-11,172.01528930664062,112.18000030517578,116.01533508300781,234.68392944335938,305.2550048828125,172.8468991660868,113.27999877929688,117.35890998003737,237.09259086537824,306.2492022660023,170.45106212923693,110.48999786376953,113.86561676637899,231.21031035330682,301.46530325501186,172.11429695457542,111.02999877929688,114.85090401178836,231.95679218923837,305.24518186660805,49514700,74924800,78900000,20449000,31680200
2023-05-12,171.0833740234375,110.26000213623047,116.95086669921875,232.71322631835938,304.1329040527344,172.5605284867848,112.63999938964844,117.46838909715726,235.84845920450806,305.78659550903757,169.52689179090092,109.31999969482422,115.55752665279486,230.36429615334117,301.8000125269122,172.1243165202818,112.16000366210938,116.12481417824908,235.62948997993087,305.68815505667965,45497800,49810100,41073800,16155300,19758100
2023-05-15,170.5876922607422,111.19999694824219,115.95562744140625,237.73953247070312,304.61517333984375,171.71787100649163,112.29000091552734,117.91625505636303,239.13295913720881,305.0482872274539,169.99285497252012,109.25,115.45800652768493,234.22609255917436,302.7744543374023,171.6682987112497,111.1500015258789,115.55752919181069,235.8086303848226,304.26082381714644,37266700,53011100,36266800,20653200,16336500
2023-05-16,170.5876922607422,113.4000015258789,118.94135284423828,237.69973754882812,306.8594970703125,171.64846676768477,114.79000091552734,120.1754505833764,238.51588315123632,308.79865663517415,170.3200139683082,111.05000305175781,115.87600619542154,234.41521432943026,304.9793957630767,170.5083796138232,111.05000305175781,115.93571827523857,234.68393686407012,304.9793957630767,42110300,71472900,45035600,18163800,26730300
2023-05-17,171.2023468017578,115.5,120.26502227783203,241.3524932861328,309.75982666015625,171.44026961578084,115.83000183105469,121.09107484095293,242.6961513706199,310.1840128280389,168.9518977126324,114.22000122070312,118.32430369516756,237.0228929104052,306.54383920821226,170.23079334736886,114.88999938964844,119.04087904664145,237.33143628120126,308.07292647953415,57951600,65655200,33323600,21193100,24315000
2023-05-18,173.54200744628906,118.1500015258789,122.24554443359375,245.6920623779297,314.21875,173.73037308197308,118.5999984741211,122.72325621543935,245.93092684694426,314.73174727715974,171.0932844370763,116.33999633789062,120.25506095868938,240.05860911308702,309.48358041459244,171.50966446616422,116.69000244140625,120.37448510760484,240.16809372378933,310.28263990581155,65496700,73174100,35234200,22943300,27276000
2023-05-19,173.65106201171875,116.25,122.17588806152344,244.48773193359375,314.041259765625,174.8704617599002,118.30999755859375,125.37061339548771,247.52342779081425,314.4457269015129,173.43295602393476,115.69999694824219,121.56878994331822,242.26819684565072,312.09786065710466,174.8704617599002,118.16000366210938,122.96213001121694,246.30914944792605,312.462859507533,55772400,54990200,41330300,21599800,27529500
2023-05-22,172.69931030273438,115.01000213623047,124.45498657226562,247.15518188476562,316.84283447265625,173.20492646986477,116.7699966430664,125.82841748352126,252.3805550589894,318.2337976929915,171.95577135327312,114.25,122.15597291663258,243.970180371659,313.7156584548846,172.48120433403864,116.7699966430664,122.35502582680218,244.25882853755053,314.29768758586613,43570900,70741100,35253000,27738500,24115700
2023-05-23,170.08206176757812,114.98999786376953,121.97683715820312,245.58258056640625,311.0028381347656,171.88639029719062,117.13999938964844,124.03698745783406,250.4297311767593,318.36209222067146,169.80447509030535,113.77999877929688,121.62850403374236,245.49299120229273,310.9929635378551,171.6385439691014,114.2699966430664,123.56923017246825,245.6522443082589,315.7084147228856,50747300,67576300,34046300,17748100,30797200
2023-05-24,170.35964965820312,116.75,120.32473754882812,248.04098510742188,309.61181640625,170.93465495874622,117.33999633789062,121.32993391302894,248.41919223447994,312.2260251295259,169.0510289027881,115.0199966430664,119.28968514492404,243.80095866239202,308.38854073338916,169.61611066863975,115.3499984741211,120.54369196410875,244.12941248469795,310.4799378174826,45143500,63487900,34182600,17724300,23384900
2023-05-25,171.49977111816406,115.0,122.89246368408203,251.50466918945312,321.5188903808594,172.40192036340346,116.87000274658203,124.72370499429998,254.42091768179606,322.4856374964896,170.21096703266915,114.30999755859375,121.37969186050914,248.00117676182518,315.6788189832587,170.92476575302507,116.62999725341797,123.92750849840978,252.21133017450006,318.87505739171115,56058300,66496700,42317000,22371400,43301700
2023-05-26,173.918701171875,120.11000061035156,124.01708221435547,260.8107604980469,328.39471435546875,174.25578364207266,121.5,124.66399090771507,261.07948297433165,328.89780691493297,171.6186953371014,116.0199966430664,121.86735626591603,251.52452635953597,319.50637450410005,171.82689288847826,116.04000091552734,122.58393158206252,251.74348035188353,319.64446830879535,54835000,96779900,35635900,25727200,36630600
2023-05-30,175.77259826660156,121.66000366210938,123.08155059814453,261.2885437011719,326.7373962402344,177.44804166812344,122.91999816894531,125.06208723131287,267.3897935706732,331.20622279832344,175.0488913092159,119.86000061035156,121.41949862779474,260.0643329023369,326.05671145740513,175.43553093054112,122.37000274658203,125.04217814334058,264.0057485798782,330.70313021071354,55964400,64314800,35076700,23816500,29503100
2023-05-31,175.72305297851562,120.58000183105469,122.28535461425781,263.4782409667969,323.9555358886719,177.80496826079084,122.04000091552734,123.4696871146494,263.75692631547395,331.4035709455312,175.23726871202743,119.16999816894531,121.91711243909198,257.23766349405014,322.9098221088515,175.80236562165695,121.44999694824219,122.16592287264116,258.78038053593673,327.8028654551653,99625300,72800800,37325800,25473700,45950600
2023-06-01,178.53857421875,122.7699966430664,123.13130950927734,271.3312072753906,328.08892822265625,178.56831456742498,123.48999786376953,123.82797569129428,272.71470154543596,329.02611175560344,175.4057930547119,119.93000030517578,122.03654511192563,264.6427590830665,320.3350817076628,176.16916396782793,120.69000244140625,122.23559042304707,264.6526915197554,321.52873380846023,68901800,54375100,30772700,25609500,26773900
2023-06-02,179.3911590576172,124.25,124.07678985595703,271.3312072753906,330.870849609375,180.21401063542314,126.38999938964844,125.54975101903904,274.0583749454534,332.94249783924806,177.7157155545107,124.0199966430664,123.17112379211459,269.84820639191184,328.0593291620814,179.47047169338217,124.91999816894531,123.40002514747484,271.3809909565315,329.73638489709236,61945900,61215000,26963100,19405300,25864000
2023-06-05,178.032958984375,125.30000305175781,125.4104232788086,270.116943359375,331.40350341796875,183.35669275593358,125.80000305175781,126.82366483426891,274.2773279863085,333.98811839226124,176.50621727974132,123.02999877929688,123.2507427687404,268.295510749762,330.14078960970863,181.05668691999816,123.36000061035156,123.41993964810082,269.0320297424895,330.6932250192304,121946500,47950100,32305500,20742900,21307100
2023-06-06,177.66616821289062,126.61000061035156,126.70423126220703,269.84820556640625,329.174072265625,178.56831734898336,127.4000015258789,127.67956397510677,275.2726524565986,330.8412533912164,175.90148844243106,125.0,124.76351278739155,268.42492080511124,327.68448335101743,178.41961560329207,125.06999969482422,125.41042147669415,268.8728220618882,330.8017851103892,64848400,45695200,26638300,19419000,20396200
2023-06-07,176.28814697265625,121.2300033569336,121.91712188720703,262.3634948730469,319.0131530761719,179.64894264257165,127.37000274658203,128.42599665134557,272.9635311187251,329.9731116515835,175.79245430672572,120.62999725341797,121.53893273241714,261.5672293379274,318.1450315839659,176.90280103766142,127.01000213623047,126.36585399872072,270.3956469072227,327.17146599385774,61944600,95663300,52539000,26163600,40717100
2023-06-08,179.01446533203125,124.25,121.558837890625,263.3388977050781,320.8677673339844,179.2821284929526,125.62999725341797,122.64365544606527,266.39450427298254,322.2291369225087,175.93125619506344,122.26000213623047,120.66311871482401,257.665653426529,318.98355595766924,176.367453055308,123.01000213623047,121.64841360475143,259.39748173400665,319.5655851097024,50214900,62159300,29389200,20899400,23277700
2023-06-09,179.40109252929688,123.43000030517578,121.64840698242188,263.7071533203125,322.37713623046875,180.6601409825454,125.80000305175781,123.17112570184304,266.69308056511954,325.53390634602147,179.0739335613958,123.19000244140625,121.3299299142625,260.47239880510483,320.0292702055803,179.93643394119178,124.08000183105469,121.66830847720398,261.2487386737778,320.6014248165846,48870700,51330000,23762500,16938500,22514900
2023-06-12,182.20669555664062,126.56999969482422,123.05168914794922,269.7785339355469,327.3687438964844,182.30584013644759,126.77999877929688,123.45974190942171,270.4752624928421,327.6153679268259,179.4109969086846,123.52999877929688,121.08111473851741,264.0853643619349,320.7690824361064,179.70841552076647,124.0199966430664,122.20573518054296,265.9167599340666,324.14288231211435,54274900,51338000,28306400,15442500,24260300
2023-06-13,181.73085021972656,126.66000366210938,123.24079132080078,270.0472717285156,329.77581787109375,182.56361030209754,128.41000366210938,124.56446470926541,274.42662568433303,332.4294950152336,180.86834978636662,125.18000030517578,122.59388264580667,267.82772150543565,325.928488773513,181.22524912557424,128.1199951171875,124.38532088531461,273.5905696870389,329.95337995894954,54929100,50564800,22278300,16164000,22951300
2023-06-14,182.36534118652344,126.41999816894531,123.08155059814453,272.0677490234375,332.78460693359375,182.8015531826157,126.94999694824219,123.45974733869542,273.70004015551854,334.4616624272819,180.45197462688512,124.12000274658203,120.87211260494071,267.06134545688445,328.3157805876422,181.79033583961464,126.69999694824219,122.5142630804105,270.61460623980014,329.82511848977225,57462900,52422500,30592300,19175100,26003800
2023-06-15,184.4075927734375,127.11000061035156,124.49478912353516,280.5079650878906,343.39935302734375,184.91320900884034,127.69000244140625,124.86303131123523,282.6578365022489,345.1158468804941,182.19680756750913,124.31999969482422,121.81759393072211,270.14682353972785,332.6465498488754,182.3752648056927,125.20999908447266,122.55407071303016,271.02267007942214,332.92276759657176,65433200,60458500,35246300,25973500,38899100
2023-06-16,183.3269805908203,125.48999786376953,122.94221496582031,279.681884765625,337.7072448730469,185.37915556544473,127.9000015258789,125.5099405617093,286.4997588499214,346.72383496475805,182.68258615200966,125.30000305175781,122.69340452264717,278.81597062287807,337.3324015901357,185.12138568804832,127.70999908447266,125.33079673890096,283.4142942598282,346.57586654973045,101235600,84188100,45514000,43102500,46533600
2023-06-20,183.41616821289062,125.77999877929688,122.51426696777344,282.9962158203125,333.48504638671875,184.4967895647453,127.25,123.97727366337496,283.4640123003581,337.46062508330874,182.82134617640602,124.5,121.55883572827894,274.92427380491404,331.3246171835482,182.82134617640602,124.97000122070312,122.34507768010195,277.4225093020109,334.72804129963237,49799100,56930100,26097500,20701600,26375400
2023-06-21,182.37527465820312,124.83000183105469,119.97639465332031,280.3188781738281,329.0556945800781,183.8127805401231,126.7300033569336,122.07635532970119,282.6677931427556,333.1693972869812,181.0170663004923,123.8499984741211,119.52853131499121,277.05423506540825,327.5858247663164,183.3071642774052,125.63999938964844,121.8175903515394,282.19999663631,331.82774670017375,49515700,52137700,30306300,20556200,25117800
2023-06-22,185.38906860351562,130.14999389648438,122.56402587890625,283.5436706542969,335.12261962890625,185.43864089866383,130.3300018310547,122.65359399380323,283.9218929847252,335.52708668833833,182.08775342754114,125.13999938964844,118.2645817227319,276.4869325466224,328.838643577594,182.15715766621673,125.30999755859375,119.4290127749455,277.77085945854066,329.6081094184592,51245300,90354600,26952200,17563100,23556800
2023-06-23,185.07180786132812,129.3300018310547,121.75788116455078,287.3756103515625,330.4959411621094,185.94423180057566,130.83999633789062,122.20574454143095,288.3112033451979,333.396242355337,183.41619616013958,128.27999877929688,120.48397284408658,277.64148846781046,328.9471650313448,183.95155271461957,129.11000061035156,120.80244992420262,280.1894773602233,329.8448500671527,53079300,71855200,34885300,50988400,23084700
2023-06-26,183.67398071289062,127.33000183105469,117.77691650390625,277.1636962890625,324.16265869140625,186.4300309660094,131.49000549316406,121.41950530782552,288.4306013712839,331.571224712544,183.63431682484148,127.0999984741211,117.70724987835497,276.2977823257052,324.05412845410723,185.22053954530654,129.3300018310547,120.1854075438775,287.34571821465306,329.2135144395698,48088700,59989300,33969900,24232700,21520600
2023-06-27,186.43992614746094,129.17999267578125,117.7669677734375,285.70343017578125,330.05206298828125,186.767085127622,130.08999633789062,118.51339914725075,287.99265905136053,331.61071384237505,184.07051577054278,127.55000305175781,115.54757514767203,279.33345878721445,324.85320839821026,184.28862175731683,128.6300048828125,116.52291548374876,280.6870947928959,327.37863643109444,50730800,46801000,39535900,26108300,24354100
2023-06-28,187.61968994140625,129.0399932861328,119.60816192626953,283.95172119140625,331.3147888183594,188.2640844107442,131.47999572753906,119.81716179676539,288.19171699740065,333.41603075704074,185.9839100562617,128.44000244140625,116.2940048517799,282.7274801517933,329.3023279341392,186.31105393141783,128.94000244140625,116.53286076190481,283.4839247331237,330.1408558113541,51216800,52149500,27091400,16722100,20259500
2023-06-29,187.95672607421875,127.9000015258789,118.53329467773438,280.2093811035156,330.5255432128906,188.43260188630063,129.25999450683594,119.48872587696212,285.2257476763586,331.57122678735186,187.3123317121149,127.26000213623047,117.73710580825735,279.37332507044584,328.1283646472187,187.4511250421375,128.77000427246094,118.67262791972016,283.16545046570934,330.19013811405165,46347300,40761000,24090900,15395700,16997000
2023-06-30,192.2990264892578,130.36000061035156,119.13043975830078,285.6337585449219,335.9414367675781,192.80462759541973,131.25,120.50387829421939,287.6940248796728,338.1018659336961,189.6123654098311,128.9499969482422,119.12049280738276,283.08577019544134,332.64654295071426,189.97918829297507,129.47000122070312,119.59820461658656,283.4241715759049,333.18910383853483,85069600,54310500,29519700,19676000,26823800
2023-07-03,190.80203247070312,130.22000122070312,119.3294906616211,284.6783142089844,333.42584228515625,192.20979786240994,131.85000610351562,119.61811168831736,288.04246402024535,336.2965498508415,190.1080506189076,130.07000732421875,118.25462771939205,283.5138195047325,332.0250345348407,192.11065327577057,130.82000732421875,118.67262744367262,285.3551475204468,334.60964977189394,31458200,28264800,14467900,8629300,12508700
2023-07-05,189.6817626953125,130.3800048828125,121.17069244384766,292.9891662597656,333.5837097167969,191.31754248795588,131.39999389648438,122.02660102256166,296.72157578416954,337.0364466828848,188.97787243386384,129.63999938964844,118.66268638063181,285.0167297958224,330.2099093118582,189.91970062749374,130.24000549316406,118.67263333187572,286.3006871770568,330.5650335205982,46920300,35895400,27584800,33865500,18172400
2023-07-06,190.1575927734375,128.36000061035156,119.53848266601562,290.62030029296875,336.6615295410156,190.36579032144616,128.72999572753906,119.7275810211328,296.72155005981983,338.3583041195477,187.57007679659148,127.37000274658203,117.83662024923598,289.94349738108144,330.969457605854,188.2045627194373,128.25,119.22996016500689,294.5020301613624,332.74513862980643,45094300,40639900,24745200,47600500,28161200
2023-07-07,189.03733825683594,129.77999877929688,118.91149139404297,289.1671447753906,332.6662292480469,191.01020041329645,130.97000122070312,120.47402068726721,294.8105606037905,337.1745238292714,188.60114143984475,128.1300048828125,118.83187022918119,287.30592166227655,332.44919889321517,189.76106040417397,128.58999633789062,119.52853643899117,290.80939867670173,334.7378771613544,46778000,41928700,21692600,25546200,21185300
2023-07-10,186.98519897460938,127.12999725341797,115.89590454101562,292.72039794921875,327.3489990234375,188.35331565327752,129.27999877929688,117.74705489595593,296.73149220943253,330.7031099646927,185.42871665150543,125.91999816894531,115.58738201288969,285.7034509156094,323.1662650474364,187.62959342704087,129.07000732421875,117.73710794498514,294.16357784839363,330.08161258316045,59922200,61889300,35315200,37058300,32791400
2023-07-11,186.45974731445312,128.77999877929688,116.5826187133789,296.8907470703125,327.9804382324219,187.66923857945199,129.77000427246094,117.14990621068708,298.77186539304495,328.36515614884536,184.9925013196807,127.3499984741211,114.80113505861661,290.530707617368,322.5843020670204,187.53044524382943,127.75,115.73666473923052,292.5213257310525,326.5894747851635,46638100,49951500,23078800,27585900,26698200
2023-07-12,188.1351776123047,130.8000030517578,118.36410522460938,307.8888854980469,332.64654541015625,190.04854382758512,131.25999450683594,119.75744523552781,307.9983852838418,337.03643563123427,186.84637379962285,128.8300018310547,117.8465828398585,298.6922399657728,331.1372073615491,188.04594144564376,130.30999755859375,118.2347265266947,300.33449375733306,332.0546416428547,60750200,54022800,30404400,36677100,29995300
2023-07-13,188.89852905273438,134.3000030517578,123.94741821289062,311.9398193359375,338.0328063964844,189.54293850811612,134.6699981689453,124.23603925428093,314.7565306398543,339.09820909301106,188.14508174776947,132.7100067138672,119.87687518656348,308.8344598968248,334.4419456196633,188.85888030082575,134.0399932861328,120.3545946051284,312.148825735841,334.9746620206647,41342300,61170900,44297900,30281000,20567200
2023-07-14,189.04727172851562,134.67999267578125,124.82322692871094,307.421142578125,340.57794189453125,189.53304086059518,136.64999389648438,126.17675640796054,313.40296048942173,346.684355842652,187.99640569502964,134.05999755859375,122.90240991720911,305.91821599156407,339.66050764457793,188.59122781892412,134.05999755859375,124.20618186143912,310.32745875803425,342.8962140090438,41573900,54388100,33266800,22576000,28302200
2023-07-17,192.31884765625,133.55999755859375,124.05689239501953,309.16290283203125,341.0613708496094,192.64600663390738,135.6199951171875,126.49523177773591,310.2477860887302,342.3043356947929,190.15761974766676,133.2100067138672,123.60902902733594,303.2806225002827,337.57904017391905,190.24684079775338,134.55999755859375,125.34075523343135,306.09736421786033,341.0120279721599,50520200,48450200,25716200,25323100,20363900
2023-07-18,192.06106567382812,132.8300018310547,123.1711196899414,310.586181640625,354.635498046875,192.65590289157154,133.86000061035156,124.08674026707224,312.7261204303064,361.8270635461225,190.76235338000512,131.35000610351562,122.37492326185865,306.17696977172506,337.5494072854083,191.68434955477355,132.7100067138672,124.0071191056456,309.4216870440371,341.1599567699789,48353800,54969100,26226400,20764600,64872700
2023-07-19,193.41929626464844,135.36000061035156,121.44935607910156,314.52764892578125,350.2850341796875,196.52232225877913,135.99000549316406,124.5843692790778,317.18510730194566,357.56538046892035,190.99038994943103,132.52999877929688,121.22045471640399,309.06338112949766,347.6807000395438,191.43652547824442,133.38999938964844,124.00712721064436,311.56161677383153,356.86497664298207,80507300,54531000,37224000,21763700,39732900
2023-07-20,191.4662628173828,129.9600067138672,118.63282012939453,301.10089111328125,342.1859130859375,194.77748634801802,134.7899932861328,123.49955194883329,314.05983473863796,353.1360263193054,190.84168518874347,129.3300018310547,117.65748741253887,300.8023105398768,340.7061688680628,193.40936968617578,134.07000732421875,120.84225815158732,312.0293957162204,348.7954493013007,59581200,59820600,37906800,23836900,33778400
2023-07-21,190.2864990234375,130.0,119.44892120361328,292.8796691894531,339.1277770996094,193.29039530573385,131.3699951171875,120.41430699448074,304.02711302576523,345.56959587744933,189.58260879656223,128.4199981689453,118.16506592367423,289.834025734893,335.2409797862232,192.42789492586837,131.33999633789062,120.04607237662714,303.14130371026374,344.43513130446024,71917800,133265000,72937900,42089700,69368900
2023-07-24,191.0895233154297,128.8000030517578,120.95173645019531,290.2420654296875,340.4497375488281,193.230919269526,131.66000366210938,122.41474313178708,296.1243457210145,342.2353236218042,190.5938306479448,128.35000610351562,120.40435800830701,286.9475948140285,337.68755983819176,191.7438412670713,130.30999755859375,121.08112274560483,294.3925176464592,341.17976531237275,45377800,45591100,29686100,24915700,26678100
2023-07-25,191.9520263671875,129.1300048828125,121.62850189208984,293.08868408203125,346.240478515625,192.7649696142135,129.5800018310547,122.56403163253377,296.90070472883343,347.1381937516986,191.25805964859208,128.52999877929688,120.44416169668466,290.4909114282854,340.41028183220885,191.66453127210508,129.30999755859375,120.78254786384007,293.8053078788138,342.42271258678073,37283200,39236700,52509600,19585600,41637700
2023-07-26,192.824462890625,128.14999389648438,128.6549072265625,297.1694641113281,333.2088317871094,193.9546416567155,129.0800018310547,130.35676214061976,300.35443520853624,340.01568008356725,191.65463536403175,126.11000061035156,127.70943058695467,290.5307386288225,328.611755590644,192.001611182289,126.51000213623047,129.45110367587904,299.7771692586956,336.82928631733375,47471900,53910100,61682100,47256900,58383700
2023-07-27,191.5554656982422,128.25,128.78428649902344,310.2477722167969,326.2540588378906,195.50117489112708,132.6300048828125,132.60602666094323,323.8238020961345,336.72077017189247,190.89123937354253,127.79000091552734,128.1771883763532,308.38654917272476,324.6065967639276,194.33134751765755,131.0,131.04348970124676,323.5948700822437,335.8822723979397,47460200,52610700,44952100,64229200,39635300
2023-07-28,194.14300537109375,132.2100067138672,131.94915771484375,323.95318603515625,333.8007507324219,194.93611671931453,133.00999450683594,133.1036418304535,324.66980973407146,335.418619127257,192.46756161890426,129.3300018310547,129.94872719345616,312.7758549689372,328.67098799700807,192.99299467254062,129.69000244140625,130.15771946410177,315.3935225132305,329.16423615072927,48291400,46317400,36591200,39220300,28484900
2023-07-31,194.7576446533203,133.67999267578125,132.0885009765625,317.10546875,331.3838806152344,194.7973085377491,133.8699951171875,132.89464445399818,324.1323481985344,333.13984298542726,193.57789369266726,132.3800048828125,131.15297119764708,316.10019689176113,328.8584221594872,194.37100498050742,133.1999969482422,132.0984479281434,322.1715881591069,332.37037700535353,38824100,41901500,28055500,25799600,25446000
2023-08-01,193.92486572265625,131.69000244140625,130.92405700683594,321.1961975097656,331.79815673828125,195.0352123410956,133.69000244140625,131.99891993360347,322.61951263548195,333.96846060651745,193.59770678100793,131.6199951171875,130.05818634611023,313.1839712460445,329.1938222018752,194.54944325919743,133.5500030517578,130.15771659691958,316.05046637065453,330.66369203212577,35175100,42098500,23166800,22817900,18311900
2023-08-02,190.9209747314453,128.2100067138672,127.76914978027344,312.8356018066406,323.0775146484375,193.49856732490423,130.22999572753906,129.47100478913018,316.89647995750096,329.12474134255,190.19726772902345,126.81999969482422,126.95304419806331,309.1927668438837,321.9528944979642,193.35977399392826,130.14999389648438,128.83405063143312,316.5082948275176,329.12474134255,50389300,51027600,26273300,20461100,27761300
2023-08-03,189.5231475830078,128.91000366210938,127.83879089355469,311.7208557128906,322.24884033203125,190.71280705310875,129.83999633789062,128.77432050353036,314.4679185156936,325.4253591822319,189.04728682043563,126.41000366210938,126.81369317696847,308.47613836606814,321.5484364855866,189.91971082460205,127.4800033569336,127.3610791387822,308.47613836606814,321.5977492515645,61235200,88585200,20089500,15180200,18253700
2023-08-04,180.42222595214844,139.57000732421875,127.50042724609375,309.27239990234375,323.3537292480469,185.76579240309633,143.6300048828125,130.88424328208276,316.916366310776,330.61435706998384,180.35282171627148,139.32000732421875,127.30138192389168,308.74488730741234,322.82101286060225,183.92181504025928,141.05999755859375,128.6648583264697,313.48253785122665,327.39836976439574,115799700,152938700,26130000,17600200,23727700
2023-08-07,177.3092803955078,142.22000122070312,130.90414428710938,315.0750427246094,325.6522216796875,181.5524085909385,142.5399932861328,130.9837654483107,315.5826600797192,326.6387178056162,175.82220233279125,138.9499969482422,128.4060929974258,309.00365120796704,323.09720032618895,180.56102321579414,140.99000549316406,128.54542623298215,311.760676823609,323.93572805432285,97576100,71213100,22746300,16236500,17741500
2023-08-08,178.25108337402344,139.94000244140625,130.77476501464844,311.1734313964844,321.6470642089844,178.71703568412062,140.83999633789062,130.88424221889798,316.3988038321548,324.3106159103617,176.05020675575068,138.4199981689453,128.92361467945548,308.65527037756453,318.6382629324619,178.14203038384454,140.6199951171875,129.998477634037,312.92515464412173,322.54477933640453,67823000,51710500,23535200,15183500,22327600
2023-08-09,176.65496826171875,137.85000610351562,129.04306030273438,303.7783203125,317.8786926269531,179.37135459798415,140.32000732421875,131.41172554952155,312.1588373587852,322.69276896492516,175.48512561412892,137.10000610351562,128.3861970452602,301.4294051192526,316.7146041895466,179.3118738938821,139.97000122070312,131.0335439778547,311.4123554394084,322.0614270294025,60378500,50017300,24912900,19955800,22373300
2023-08-10,176.43682861328125,138.55999755859375,129.07290649414062,304.3057861328125,318.5691833496094,179.19287831156532,140.41000366210938,131.4216776590085,310.87483208676855,323.82722450423125,176.07002092304583,137.49000549316406,128.83404300432582,302.44456302698313,316.8428151475033,177.93381484794008,139.07000732421875,130.6951554251583,306.495478242272,321.6174527338143,54686900,58928400,20857800,14358900,20113700
2023-08-11,176.4964141845703,138.41000366210938,128.9435272216797,300.2250671386719,316.6751403808594,177.32037701982404,139.3300018310547,129.3117618339363,303.29060596157103,318.05622897689796,175.26544597344693,137.0,127.56014170520349,298.95104226487763,314.8994292384039,176.02984778529373,137.39999389648438,128.04781566195854,301.15069736001476,315.93526826453797,51988100,42832100,19569200,13967800,24342600
2023-08-14,178.15426635742188,140.57000732421875,130.70509338378906,304.75372314453125,319.66424560546875,178.38258864969947,140.58999633789062,130.74489636959453,304.7736183935267,319.6839646920239,176.01990054114177,137.75,128.3463754306011,296.850965750425,315.7576988733088,176.6751020557822,138.3000030517578,128.77432206928793,299.56817077238907,317.0500366268224,43675600,47148700,24695600,15641900,18836100
2023-08-15,176.15887451171875,137.6699981689453,129.16249084472656,300.5335998535156,317.5136413574219,178.174103062697,141.27999877929688,130.7946869315138,305.788830773249,320.70003480975896,175.76179096239193,137.22999572753906,128.66486990136232,298.62259298523816,316.56661346813354,177.57847773870674,140.0500030517578,130.47621742457744,304.70394748127944,318.63826143664926,43622600,42781500,19770700,11623600,16966300
2023-08-16,175.28529357910156,135.07000732421875,128.08761596679688,292.9095153808594,316.74261474609375,177.24094603057796,137.27000427246094,129.66009982508598,299.6676421119351,320.716745588524,175.2157956243564,135.00999450683594,127.26157104777742,292.8995525703216,316.1494577370067,175.84121662599503,137.19000244140625,128.08761596679688,298.7917956428592,317.1380426957456,46964900,41675900,25216100,18547700,20698900
2023-08-17,172.73399353027344,133.97999572753906,129.3018035888672,283.752685546875,313.2627258300781,176.218449670705,136.08999633789062,131.36196125693914,294.6612654651381,318.19575384888253,172.21777275650916,133.52999877929688,128.6747964401177,283.61335805879924,312.6003608039464,175.85114660071363,135.4600067138672,129.18237944098485,291.6753379770627,316.8809494670175,66062900,48354100,33446300,23950100,21257200
2023-08-18,173.22042846679688,133.22000122070312,126.85352325439453,281.92132568359375,312.8673400878906,173.82599075554495,134.07000732421875,128.6350070484808,284.3498825166121,314.74564524442695,170.70883778094841,131.14999389648438,125.77866025129904,273.0929381028541,307.9935939126714,171.04636032936088,131.6199951171875,127.89852262427131,277.72111972233336,310.90003574711136,61114200,48469400,30491300,34061200,24744800
2023-08-21,174.5605926513672,134.67999267578125,127.75917053222656,288.5400695800781,318.2057189941406,174.84849110751958,135.19000244140625,128.11745814708254,289.137261047832,319.08554388527233,172.47588124297116,132.7100067138672,125.95778550810007,280.52784437550855,313.42097159988043,173.79620604217206,133.74000549316406,126.5748380877057,282.1203448313788,314.30079649101214,46311900,41442500,25248700,20181500,24040000
2023-08-22,175.94046020507812,134.25,128.4658203125,286.2508850097656,318.779052734375,176.3871829499476,135.64999389648438,129.66010749983826,291.5260107541378,322.357724957099,174.96759498215445,133.72999572753906,127.70944197062904,285.4048662537456,317.7904679139887,175.77169895247258,135.0800018310547,127.89852516645765,291.17764651643296,321.7843590357293,42084200,32935100,22067500,12999900,16102000
2023-08-23,179.80218505859375,135.52000427246094,131.74014282226562,292.8597412109375,323.2672424316406,180.2290643006026,135.9499969482422,132.77520272479933,296.0049216263318,325.44214114565574,177.032491470534,133.22000122070312,129.25203849949906,286.320583478428,319.76764365334907,177.2211114741355,134.5,129.56056100573272,287.14667667048064,320.1235498834675,52722800,42801000,27819700,18287000,21166400
2023-08-24,175.09666442871094,131.83999633789062,129.16249084472656,285.4048767089844,316.3175048828125,179.78232293288016,136.77999877929688,133.61122329329774,298.0552465231389,329.1790038104103,174.72934624726201,131.8300018310547,128.95349855277775,285.2954072906671,316.3076093798751,179.35544373491686,136.39999389648438,133.31264769004198,297.09975831780935,329.05048294908903,54945800,43646300,28500700,18360900,23281400
2023-08-25,177.31044006347656,133.25999450683594,129.26199340820312,284.1607666015625,319.29315185546875,177.84650437604776,133.8699951171875,130.1377957542412,287.0372246680765,321.64595850158366,174.54074667761984,130.5800018310547,126.64450294743214,274.73518759423246,315.16084417438077,176.08939374478845,132.47000122070312,128.92359969772878,284.78781623540743,317.8003790491066,51449600,44147500,26762900,23701400,21684100
2023-08-28,178.87893676757812,133.13999938964844,130.38661193847656,288.8984375,320.0049133300781,179.27602030133252,133.9499969482422,131.90933055130816,290.08285779345016,322.42692799992096,177.25087004275977,131.85000610351562,129.52075650385797,284.4593369151262,318.0475045559713,178.7796583102566,133.77999877929688,130.6851874909537,286.6490291486704,321.9425310997952,43820700,34108400,20543300,14239300,14808500
2023-08-29,182.7803497314453,134.91000366210938,133.92970275878906,296.5921936035156,324.6611633300781,183.55467328918405,135.13999938964844,135.92018645455218,297.7467559781193,325.2246639510212,178.19396940518234,133.25,131.6107874308828,286.8282122937407,318.20570528498234,178.39251118833664,133.3800048828125,131.6107874308828,287.2263299187421,318.20570528498234,53003900,38646100,43075600,20844500,19284600
2023-08-30,186.28466796875,135.07000732421875,135.23345947265625,293.7157287597656,325.036865234375,186.48322490340712,135.67999267578125,135.6315501147355,296.89076729736024,326.0452110568184,183.39585240180426,133.9199981689453,133.43207426004315,292.0535491568498,322.72357999284986,183.59439418869403,134.92999267578125,134.1386874276615,295.77602593765755,324.91823986340745,60813900,36137000,28315800,17717000,15222100
2023-08-31,186.50308227539062,138.00999450683594,135.52206420898438,294.50201416015625,324.0185852050781,187.74398746995786,138.7899932861328,137.34335839261985,299.68756588991215,327.13262149789296,186.11592046059639,135.0,135.1438674929622,294.2730821401518,323.0497611758668,186.4733017625425,135.05999755859375,135.36282188790307,294.41240961471203,325.4421498250876,60794500,58781300,30053800,17229900,26411000
2023-09-01,188.08151245117188,138.1199951171875,135.01451110839844,294.9897155761719,324.90826416015625,188.53815704908098,139.9600067138672,136.80594945032874,300.32455776626847,328.2002380688031,186.91009015003394,136.8800048828125,134.20836765107612,293.0886715524434,323.04972002250327,188.11129296200212,139.4600067138672,136.80594945032874,297.96568006190887,327.5280076864386,45732600,40948300,21524600,12819800,14931200
2023-09-05,188.31976318359375,137.27000427246094,135.1239776611328,298.7420349121094,329.74249267578125,188.59772472633045,137.8000030517578,135.77087872900177,299.97623891112556,331.0276711915423,186.24497340110617,135.82000732421875,133.93963753997775,294.1238162567697,324.9083280364007,186.91009674606673,137.72999572753906,134.7955460588322,295.62671241672155,325.24444329366247,45280000,40636700,19403100,14956000,18553900
2023-09-06,181.5791778564453,135.36000061035156,133.82022094726562,297.76666259765625,329.08013916015625,187.47596172928527,137.4499969482422,135.88036360473524,301.8772640221094,330.64208999362666,180.14965265723944,134.61000061035156,133.03397141020704,294.2731176343078,326.41094792069816,187.02922374370715,136.32000732421875,135.37279574679286,300.294726060996,329.5744315993732,81755800,41785500,18684500,15418100,17535800
2023-09-07,176.26809692382812,137.85000610351562,134.6164093017578,297.26898193359375,326.1440124511719,176.9133767073295,138.02999877929688,134.93489398818454,305.60964666787106,329.2778093480337,172.27734161590178,133.16000366210938,132.31740302153798,290.84922609591115,325.27405300686524,173.90540860928058,133.89999389648438,132.95435720820575,296.60211147258366,327.50826429163334,112488800,48498900,18844300,33748700,18381000
2023-09-08,176.88356018066406,138.22999572753906,135.7310791015625,296.49261474609375,330.4542541503906,178.92858440411607,138.85000610351562,136.00974558565406,303.81807445964967,332.32269403883413,176.4963984153427,136.75,134.2083603898534,295.38780595336004,325.699163331797,177.05233659559462,136.86000061035156,134.2680724669895,297.8163623609764,326.3219766279449,65551300,38348200,23558300,17548000,19530100
2023-09-11,178.05499267578125,143.10000610351562,136.2685089111328,306.1172790527344,334.0823974609375,178.98815574028976,143.6199951171875,136.825841903566,307.5903475262006,334.556929093658,176.04968578063105,138.63999938964844,135.143880788854,299.8667388198271,331.60103960424,178.75983344187836,138.75,135.8903121579024,299.9961338689429,333.3903759343724,58953100,56764500,20763400,19489300,16583300
2023-09-12,175.0172576904297,141.22999572753906,134.69602966308594,300.2449645996094,327.9827880859375,178.81939272059032,143.0,136.21874849371267,307.21212871378674,332.94550339059816,173.5480302988034,140.61000061035156,134.54674945858747,298.82167979186084,327.69612019842117,178.18404991763566,142.32000732421875,135.61165035177623,304.8930413632468,331.9865748697913,90370200,42668500,18405500,13480400,17565500
2023-09-13,172.94244384765625,144.85000610351562,136.0595245361328,303.6289978027344,332.22381591796875,176.0099571796133,144.97999572753906,136.2486077375473,305.73904827782064,333.0048063818992,172.71410643559972,140.8699951171875,133.5116925587083,299.9065514127019,327.38965178199726,175.2256967861003,140.9499969482422,134.4472223587194,300.9416510282082,327.52803797035625,84267900,60465200,20749500,13210900,16544400
2023-09-14,174.4613494873047,144.72000122070312,137.44288635253906,310.25775146484375,334.83367919921875,174.81873079113439,145.86000061035156,138.04002226738112,311.4023508460972,336.9689957887937,172.31706166432645,142.9499969482422,135.59173616278034,303.59913120744346,332.7279887772519,172.73400399416633,145.0800018310547,136.94526549707902,305.3011012504276,335.2785242515413,60895800,64033600,24751000,19343100,20267000
2023-09-15,173.73663330078125,140.38999938964844,136.7462158203125,298.9012756347656,326.45050048828125,175.2157976120051,143.57000732421875,137.86089695130053,310.5364415310595,333.54853269059,172.55530438661506,140.08999633789062,135.83059519619755,297.3485958570642,325.88699986571044,175.1959388893145,142.69000244140625,137.32345788063844,310.14825639942245,333.07403125618623,109205100,102861700,38908400,28106400,37666900
2023-09-18,176.6750946044922,139.97999572753906,137.55238342285156,301.1307678222656,325.3037109375,178.0748391046168,141.75,138.497860147599,302.17586064275775,326.62841094537885,174.88818834345716,139.22000122070312,135.95999038082445,296.4030494125245,322.6345199175024,175.1959303652364,140.47999572753906,135.95999038082445,296.79123455641644,324.0580844389393,67257600,42823500,21861300,14234200,16834200
2023-09-19,177.76710510253906,137.6300048828125,137.3831787109375,303.6389465332031,324.8984069824219,178.32302815377042,138.83999633789062,137.75142852316634,304.7337925896252,325.6299802911353,175.84121799808253,135.55999755859375,135.96993710197103,298.40361108349,320.8056813654168,176.22837977645918,138.6999969482422,136.7661336216356,301.0610996761498,322.44673584714667,51826900,61482500,20353700,15924400,16505900
2023-09-20,174.21315002441406,135.2899932861328,133.10365295410156,298.2642822265625,317.1083679199219,178.3925098170354,139.3699951171875,137.42299901850853,306.6149095251009,325.827693989748,174.1237933470795,135.1999969482422,132.98421360328075,298.02538739527154,316.8513563606588,177.95570880879336,138.5500030517578,137.42299901850853,303.61901950604306,325.7486204721018,58436200,46263700,29927500,19379500,21436500
2023-09-21,172.6645050048828,129.3300018310547,129.8193359375,294.3427429199219,315.88250732421875,175.01727155266988,132.24000549316406,131.60081198310746,298.85149149662203,321.6360782353787,172.59502219087378,129.30999755859375,129.4511013506065,291.8942608985676,311.40421928226147,173.28000428145347,131.94000244140625,130.81457768472256,294.3128848647551,315.6156002828941,63047900,70234800,31488700,21300500,35529500
2023-09-22,173.5182342529297,129.1199951171875,129.6302490234375,297.67706298828125,313.3913269042969,175.79158086544706,132.02999877929688,131.4017782750434,303.94752919014746,317.7806465273566,172.7836281326413,128.52000427246094,128.9833479050883,296.8708649640226,312.5411281531975,173.39911221131908,131.11000061035156,130.1378168923183,297.8960322278593,317.6521256558587,56725400,59904300,26397300,25369600,21447900
2023-09-25,174.79885864257812,131.27000427246094,130.48614501953125,299.4188232421875,313.915283203125,175.6823824720043,131.77999877929688,130.54585709408724,299.5382858487245,314.0438040776846,172.88289328236814,128.77000427246094,128.34638135496135,292.3222948724247,311.4042689048914,172.93253251615403,129.36000061035156,129.21223680839083,294.2531969567264,312.97611540381934,46172700,46017800,20094600,18987000,17836000
2023-09-26,170.7088165283203,125.9800033569336,127.95823669433594,297.55755615234375,308.576904296875,173.92523242084695,130.38999938964844,129.7397127116054,298.89126650473963,312.27420215829727,170.41099631477684,125.27999877929688,126.61465428248435,294.62141296497106,306.4810789726441,173.5480076216062,130.1199951171875,129.15252373476866,296.26366666291426,311.5327634853885,64588900,73048200,25718700,19417200,26297600
2023-09-27,169.18994140625,125.9800033569336,129.9188690185547,296.3432922363281,309.219482421875,171.78095161168793,127.4800033569336,130.27715670469198,299.8865898499154,310.71222512078947,167.81999260813018,124.12999725341797,127.95825647590418,285.444676900089,306.15486316727345,171.36400935593267,125.76000213623047,127.95825647590418,299.0406014986061,308.73505530094553,66921800,66553400,22746500,36429800,19410100
2023-09-28,169.44805908203125,125.9800033569336,131.68045043945312,302.5341491699219,310.05975341796875,170.77830558378838,126.58000183105469,132.66574536563317,304.8930269053858,311.8787458429494,166.4003891832915,123.04000091552734,129.1724366549313,295.30822567161914,305.9175806621763,168.10787564587397,124.04000091552734,129.2222017860651,297.537708362619,307.43997954346224,56294400,54555000,22513100,22167100,19683600
2023-09-29,169.9642791748047,127.12000274658203,130.2373504638672,298.8017272949219,312.14569091796875,171.81074638236362,129.14999389648438,133.412174428442,309.18282397593697,315.8232280557425,169.10059901226265,126.31999969482422,129.7397295336501,297.95570851083454,311.3844913845662,170.7683831744606,128.1999969482422,132.6458339437757,305.9381066890614,314.1228607733478,51814200,62377600,30848100,25356600,24140300
2023-10-02,172.48580932617188,129.4600067138672,133.53160095214844,305.3807373046875,318.1266174316406,173.03181060107437,130.47000122070312,133.78041142165446,305.7390339915228,318.21561662397966,169.6863201427267,126.54000091552734,130.5458753180762,300.2150807818553,311.5821900421662,169.97421860938772,127.27999877929688,130.58569349746125,301.31985927401985,312.66963949567804,52164500,48029700,22288000,16265600,20570000
2023-10-03,171.1456298828125,124.72000122070312,131.7998809814453,299.5283508300781,309.8126220703125,172.366691440067,128.52000427246094,133.62117552851467,305.3309900577834,317.7213009072656,169.57713912474932,124.25,131.21269188974273,298.23446102955893,307.657484158639,171.0066491138284,128.05999755859375,133.302706008986,302.8327846391416,317.1676656330005,49594600,51565000,22989400,17362300,21033500
2023-10-04,172.39646911621094,127.0,134.5965118408203,304.1465759277344,315.3190002441406,172.94247039530038,127.36000061035156,134.9249434701971,305.4603913786874,316.38668872589204,169.7260388902924,125.68000030517578,131.8993997738575,297.09980006481413,310.4156280697813,169.8451609338146,126.05999755859375,132.15815718510046,297.32873211858566,310.44528440709587,53020300,44203900,26752300,16880500,20720100
2023-10-05,173.63735961914062,125.95999908447266,134.42730712890625,303.3602600097656,315.7144470214844,174.17342391765436,126.7300033569336,134.8453068312004,304.77358187976694,316.3273949780159,171.42357417816774,124.33000183105469,132.81500520727624,298.0950665235925,311.30536698470246,172.5254984313363,126.70999908447266,134.42730712890625,303.20100691360363,315.4475399696837,48527900,39660600,19832600,19130000,16965600
2023-10-06,176.1986083984375,127.95999908447266,136.92535400390625,313.9503479003906,323.5242614746094,176.69497045530053,128.4499969482422,137.50259600843535,314.82622478441607,325.4322228400408,171.91995474415313,124.12999725341797,133.37233386900715,299.4984704372424,312.6893506739022,172.53545399514545,124.16000366210938,133.37233386900715,300.02598305497264,312.93649686639475,57224100,46795900,27583200,21784000,25645500
2023-10-09,177.68768310546875,128.25999450683594,137.76136779785156,316.8666076660156,326.0550842285156,177.74724412480685,128.7899932861328,138.27889778472175,318.8273679142384,326.529585679886,174.52089096334598,124.76000213623047,134.96474077645817,310.3573076688873,319.49086590519653,175.52353680032698,126.22000122070312,136.28841418957376,311.034110603699,321.0429514638944,42390800,38773700,19278100,22503700,19891200
2023-10-10,177.092041015625,129.47999572753906,137.403076171875,320.3302917480469,324.64141845703125,178.41236580749592,130.74000549316406,139.05518115278088,323.1370708282648,327.3204751601556,176.6552400140717,128.0500030517578,136.67655393277659,316.6675613824087,323.92963610326484,176.80415770883764,128.82000732421875,137.8409849799401,317.6230496572654,327.1820587892371,43698000,42178600,27786600,19038000,20557100
2023-10-11,178.4917755126953,131.8300018310547,139.88125610351562,326.2822265625,328.6253967285156,178.54141474149296,132.0500030517578,140.43858915374793,327.2974308789376,329.020824643838,176.30778577549145,129.61000061035156,137.920628289257,321.4350762523211,325.3828395521265,176.90341107776567,129.74000549316406,137.920628289257,321.49479236655725,327.42918731045415,47551100,40741800,25884300,22036300,20063200
2023-10-12,179.39517211914062,132.3300018310547,138.3087615966797,322.639404296875,327.3797912597656,181.01330204161414,134.47999572753906,140.5480557670691,328.9894812698115,329.82159726019745,177.73730960362397,131.22999572753906,137.6021331987685,321.176298692219,324.9676416006663,178.75982932462722,132.1699981689453,140.37886647431526,326.4613876290649,326.79652976741545,56743100,55528600,24765500,20530500,19313100
2023-10-13,177.54869079589844,129.7899932861328,136.7064208984375,313.2138366699219,323.9889221191406,180.60626734000098,133.30999755859375,139.33385877066547,323.52522481264265,330.01926553838706,176.84385010145385,128.9499969482422,135.96993646362293,310.904712168084,322.63453553932317,180.09998356079097,132.97999572753906,138.71681368426044,322.012365849934,328.58583561463803,51427100,45786600,23420500,21341000,21072400
2023-10-16,177.41966247558594,132.5500030517578,138.43812561035156,319.64349365234375,328.8428955078125,177.77704377786506,133.07000732421875,138.96560249289772,320.31036407708376,332.3029426566613,175.22573542452864,130.42999267578125,137.3334067233584,314.03989887039273,326.82617386510276,175.4639946753042,130.69000244140625,137.51254293878173,317.14528860458284,327.2710189684246,52517000,42832900,28501900,16536100,22158000
2023-10-17,175.86106872558594,131.47000122070312,139.05519104003906,322.4801025390625,328.26947021484375,177.12183257732815,132.5800018310547,139.23432728179327,322.87822004756026,329.653482917614,173.5281761730158,128.7100067138672,136.5272682632598,315.8115203676538,323.6725568735075,175.36470667426025,130.38999938964844,137.97038107958892,316.6873971110003,325.827664522765,57549400,49344600,23515800,16387800,18338500
2023-10-18,174.5605926513672,128.1300048828125,137.30355834960938,315.4831237792969,326.3417053222656,176.28793794498117,130.6699981689453,140.050420109336,324.4110475402622,331.75916074567095,173.83590833900334,127.51000213623047,136.72631631294968,314.07973431610037,324.55236929454276,174.30248985254676,129.89999389648438,138.78645883619868,319.88240332612423,328.6945419118804,54764400,42699500,23375000,16851000,23153600
2023-10-19,174.18338012695312,128.39999389648438,137.09457397460938,311.3426513671875,327.5379638671875,176.54605322348112,132.24000549316406,138.99548967948655,320.3800754178104,333.0344936244933,173.91534037415258,127.47000122070312,136.72633932514654,310.2876261029342,327.13264042852785,174.75914678442408,130.57000732421875,137.8410054118577,318.3794943155827,328.35847607866697,59302900,60961400,26066000,18709200,25052100
2023-10-20,171.6221466064453,125.16999816894531,134.9547882080078,307.2021484375,322.9410705566406,174.14365914589465,128.1699981689453,137.213976060409,313.8209478947954,328.1311417316229,171.38388737014972,124.97000122070312,134.43725824267983,305.03238188372967,321.73499566730453,174.03445888939677,128.0500030517578,136.6765521940106,312.66641606529106,327.93341266679295,64189300,56343300,26315200,22287400,25012600
2023-10-23,171.74127197265625,126.55999755859375,135.85049438476562,312.5369873046875,325.560791015625,172.7439178760632,127.87999725341797,137.00497842129087,315.8712481390941,328.9318691915997,168.69360166729962,123.9800033569336,133.31262496891244,305.8186515870419,320.68707463176605,169.66648220683237,124.62999725341797,134.39743479587233,308.0481340164906,321.7547330640911,55980100,48260000,26317900,17796800,24374700
2023-10-24,172.17807006835938,128.55999755859375,138.14952087402344,311.0838623046875,326.7569885253906,172.4063923696406,128.8000030517578,138.69690693710234,316.85667359232696,328.0520324209601,170.20254365913797,126.33999633789062,136.7661352888889,309.1728857486877,323.8604418074662,171.7909082758531,127.73999786376953,137.1741880982919,315.294030938864,327.51818809043544,43816600,46477400,44814300,19525500,31153600
2023-10-25,169.8551025390625,121.38999938964844,125.01232147216797,298.12493896484375,336.78118896484375,171.80083332633419,126.33999633789062,127.69947125982357,309.42170353150215,342.24806157017446,169.4083645680371,120.79000091552734,124.4748899960184,297.43817324331945,333.765987296064,170.62942613878033,126.04000091552734,127.55019106624778,308.5458266475626,341.08150860571766,57157000,74577500,84366200,42192500,55053800
2023-10-26,165.6757354736328,119.56999969482422,121.69817352294922,286.99737548828125,324.1471252441406,170.1330724325947,121.63999938964844,123.73842237481327,293.6161747076541,337.7302724471152,164.46461077917579,118.3499984741211,120.69297711748168,278.0893471906022,323.20795749855927,169.13041133026712,120.62999725341797,122.68346083906891,293.6161747076541,336.6527185001531,70625300,100419500,57061100,66684100,37828500
2023-10-27,166.99603271484375,127.73999786376953,121.58869171142578,295.33807373046875,326.045166015625,167.73065392902063,130.02000427246094,122.72326678236502,297.9059577876648,332.8762909295408,165.61614695891157,125.5199966430664,119.63801864923039,291.59570187635046,324.65125776087774,165.69556669674958,126.19999694824219,122.29531249468846,293.09862830435657,326.6580837937659,58499100,125309300,44566500,29596300,29856500
2023-10-30,169.0509796142578,132.7100067138672,123.8677978515625,301.2402648925781,333.45953369140625,169.92458166587582,133.0,124.80332760609076,307.94863870811275,335.5751196269722,167.64131321590813,128.55999755859375,122.16593522517718,297.6471831390327,328.0420781717034,167.7902309189435,129.72000122070312,122.6237455580271,297.68700400906636,329.60405903742685,51131000,72485500,28940100,28435100,22828100
2023-10-31,169.52749633789062,133.08999633789062,123.48960876464844,299.8567199707031,334.2503967285156,169.6565401685357,133.57000732421875,124.77347164354663,302.2554182134435,335.1302516935357,166.67836791176023,131.7100067138672,122.10622322082405,295.467403804469,330.86945356194263,168.11782995408234,132.75,124.46494151125496,301.88715875750415,334.9819700053902,44846000,51589400,26292300,19434200,20265300
2023-11-01,172.70419311523438,137.0,125.84832000732422,310.38714599609375,342.1195373535156,172.96229589848681,137.35000610351562,125.88813058968375,311.27295529207805,343.45413282201713,168.88219970872248,133.7100067138672,123.13131420084254,300.4340550895294,335.77280987868386,169.75580166398598,133.9600067138672,123.47964730512324,300.4340550895294,335.911226227204,56934900,61529400,30082400,20434600,28158800
2023-11-02,176.27801513671875,138.07000732421875,126.88337707519531,309.4117126464844,344.3438415527344,176.48647870246754,138.80999755859375,128.36628525589762,317.3244315681375,344.84799925166664,174.18336680542194,136.47000122070312,126.32604408767605,306.883619210755,340.8343476478999,174.2429278242073,138.72999572753906,127.80895226837836,315.8115424060848,343.27615314598364,77334800,52236700,27124600,21631800,24348100
2023-11-03,175.36471557617188,138.60000610351562,128.48573303222656,313.124267578125,348.7726745605469,175.53349201222565,139.49000549316406,128.91367975208917,314.0697930547671,350.34455080259016,172.0887379893404,137.4499969482422,127.25162763160075,309.5610437782957,343.3651149755006,172.9722618796391,138.99000549316406,127.41086997739491,311.0838655769867,345.6388779161569,79763700,44007200,26380100,16754100,23624000
2023-11-06,177.92593383789062,139.74000549316406,129.6302490234375,314.3185729980469,352.46014404296875,178.1244756256995,140.72999572753906,129.7198171439132,316.8367035766862,353.4586243635472,174.92791800211177,138.36000061035156,128.0577651016171,312.9749301349818,349.31645156155355,175.09667927913767,138.75999450683594,128.43596185853923,314.4977517042866,349.4153160772212,63841300,44970400,19052700,12887700,23828300
2023-11-07,180.49708557128906,142.7100067138672,130.34681701660156,317.3244934082031,356.4144592285156,181.11256960611928,143.3699951171875,131.28234671869467,319.4942602220292,358.3224205581765,177.66781610245852,140.5,129.26200712212525,313.6418371374931,353.5475694831932,177.87627966042598,140.5500030517578,130.08805962107587,315.5727394578857,355.2973536323188,70530000,53553500,29757300,14055600,25833900
2023-11-08,181.5592803955078,142.0800018310547,131.21267700195312,318.2799072265625,359.05401611328125,182.11520337708598,143.1199951171875,131.580926799427,319.8226240094495,359.7163510431648,180.2687362466927,141.22000122070312,130.15772310979614,313.40289925627934,356.43424222372255,181.02321613406178,142.97000122070312,130.34682148408558,316.64761627961303,357.55134788937477,49340300,44521700,26425800,13609700,26767800
2023-11-09,181.08279418945312,140.60000610351562,129.6202850341797,319.0462951660156,356.5727233886719,182.78034380026955,142.64999389648438,131.9192909413078,322.6592717793352,360.6259278921103,180.48715371155149,139.83999633789062,129.45109576679184,317.3045043758031,356.2464734463561,181.62879543623518,142.02000427246094,131.33210198045876,317.92162148456333,358.1643307455067,53763500,36235400,23747800,16103100,24847300
2023-11-10,185.2875518798828,143.55999755859375,131.95912170410156,327.227783203125,365.4502258300781,185.4565506612299,143.64999389648438,132.16812918791848,327.5562522372138,365.87531013435387,182.43468499907056,139.91000366210938,128.79425970763396,317.96145730803715,356.948388898465,182.87206148972973,140.4600067138672,129.4809790579356,318.4392166419731,357.3635776987093,66133400,49287800,26913300,19096200,28042100
2023-11-13,183.69711303710938,142.58999633789062,131.4614715576172,327.6457824707031,362.4942932128906,184.91976812620925,143.22999572753906,131.95909240401852,330.77103703454463,364.2638685791425,183.11063780884533,140.6699981689453,130.6254721803469,324.17216367099354,361.7231982203745,184.7110299042217,142.0800018310547,131.15294906263765,324.6698181866847,364.0167223614231,43627500,35680600,18324800,16908900,19986500
2023-11-14,186.32135009765625,145.8000030517578,132.9842071533203,334.7324523925781,366.0433349609375,186.987349680322,147.25999450683594,135.0543119616439,336.51406446000107,367.7041805891428,185.18815428767326,144.67999267578125,132.68564675621332,331.7664198843217,363.1566838302052,186.579792942837,145.0,133.55150228019363,332.9707659498458,366.77490833178183,60108400,56674600,32395200,17179400,27683900
2023-11-15,186.887939453125,143.1999969482422,133.97946166992188,331.1492614746094,366.19195556640625,188.36905250310778,147.2899932861328,134.38751449955015,336.8125723298676,369.6193935277106,186.65931635404164,142.58999633789062,132.93446980864985,328.4718777328685,363.6560136358565,186.72890587030213,147.05999755859375,134.22827214854598,336.34477586710636,367.7867932943984,53790500,63875700,23861500,14531200,26860100
2023-11-16,188.5778045654297,142.8300018310547,136.2784423828125,332.6223449707031,372.6307678222656,189.82034448090351,143.32000732421875,136.56707098789275,333.0104997184818,372.8090670130161,187.52411797622008,139.52000427246094,133.68087605419174,324.84898346025403,366.6971049772861,188.43864070160558,140.91000366210938,134.54673149706534,327.82494789944064,367.4697650343208,54412900,49653500,28013200,18932600,27182300
2023-11-17,188.55792236328125,145.17999267578125,134.66616821289062,333.4684143066406,366.3702087402344,189.24380683321974,145.22999572753906,135.41259957777135,333.92624804949924,370.84767066024057,187.44461143684416,142.5399932861328,133.01406314727024,327.80510233450565,363.5470174090878,189.11457782649978,142.66000366210938,135.35288749837048,328.71083738249223,370.09481157714856,50922700,49636700,37240600,14494400,40157000
2023-11-20,190.30740356445312,146.1300048828125,135.6016845703125,338.375244140625,373.8887634277344,190.76466491067268,146.6300048828125,136.0097373208595,340.2663254015602,375.30530165844715,188.7467813740569,144.72999572753906,132.98419398288115,332.6223586182126,367.50935336596496,188.75671623264228,145.1300048828125,133.0538681927624,333.31908715486327,367.7272846499551,46505100,41951200,27815500,16960500,52465100
2023-11-21,189.50225830078125,143.89999389648438,136.31825256347656,335.3992614746094,369.5599365234375,190.37701130719432,144.0500030517578,136.52724480962092,338.30554695046993,372.6802933507884,188.60763557529475,141.5,135.3130639452131,334.32431066891235,367.62827122388927,190.26766718139268,143.91000366210938,135.64148033201138,336.7429044200972,372.13548017935176,38134500,71226000,22635300,12027900,28423100
2023-11-22,190.16824340820312,146.7100067138672,137.83103942871094,339.8880615234375,374.294921875,191.77857025832532,147.74000549316406,138.75660699373168,341.31137648148615,376.21667138013174,189.6911123355231,144.57000732421875,136.81588856208788,336.9917086814065,371.44201414653855,190.34717704028523,144.57000732421875,136.81588856208788,337.618758212851,374.44350452118096,39617700,45669100,17813900,10702700,23345300
2023-11-24,188.83624267578125,146.74000549316406,136.0395965576172,336.6434020996094,373.87890625,189.76068506922263,147.1999969482422,137.4727471002464,340.25634855661747,374.4138340725339,188.1205384889839,145.32000732421875,135.3429303733346,335.1902289687512,371.61047370141006,189.73086532541635,146.6999969482422,137.3732168512701,338.5344832825469,373.7798410635381,24048300,22378400,12514300,5467500,10176600
2023-11-27,188.65731811523438,147.72999572753906,135.76092529296875,333.12994384765625,375.04779052734375,189.53207108953595,149.25999450683594,137.76135566285393,338.30553256901203,377.05872006421737,187.77263028176083,146.8800048828125,135.35287254722326,332.632289333617,372.6604918874323,188.78654712309,147.52999877929688,135.38272858362578,334.60298176958304,373.23502159050327,40552600,53762400,23436500,15684500,22179200
2023-11-28,189.26368713378906,147.02999877929688,136.54718017578125,337.39984130859375,379.0993347167969,189.9396367824376,147.60000610351562,136.59694530602604,337.7880264594292,379.3965000397917,188.2696551316836,145.52999877929688,134.7756508796034,331.83606676759354,374.6020413692927,188.64739214615557,146.97999572753906,135.43251415198907,331.83606676759354,374.7902561506727,38415400,42711700,18730000,12637200,20453100
2023-11-29,188.2398223876953,146.32000732421875,134.34768676757812,330.6416931152344,375.2855224609375,190.9435904601538,148.5399932861328,137.63197233173457,338.3055549129589,380.6842269423362,187.84221568139642,145.97000122070312,134.19839139618142,329.2283408372704,373.88878509131484,189.76069003248776,147.85000610351562,136.91541225652824,338.0965485080961,380.1493294028235,43014200,40610900,23967200,16024500,28963400
2023-11-30,188.8163604736328,146.08999633789062,131.89938354492188,325.6153869628906,375.344970703125,189.1841625986753,146.92999267578125,134.90501778252556,331.9356062298584,376.5138612366037,187.06686975200412,144.3300018310547,130.6553313986171,320.8876684333799,371.9373340529728,188.70701635554832,144.75999450683594,134.40739692400365,330.3331730553694,374.92890903622725,48794400,65814000,38988300,23146400,30554400
2023-12-01,190.0986785888672,147.02999877929688,131.2325897216797,323.29632568359375,370.98638916015625,190.41676093068807,147.25,131.48140018185381,325.32673448183385,374.6020416682448,188.1006646303825,145.5500030517578,130.04824950146127,319.2553729609138,367.8164846369156,189.19410585978827,146.0,131.2325897216797,323.95323336811543,373.21521977574577,45679300,39924600,31431200,15264700,33020400
2023-12-04,188.29946899414062,144.83999633789062,128.6549072265625,318.5188293457031,365.6669006347656,188.91577913023963,145.35000610351562,129.41128550101195,319.35488540277703,366.0432999492324,186.33128993843854,142.80999755859375,127.29142327486284,312.1886776102471,359.4855901354516,188.84618961175903,145.25,129.26200531072064,315.8016547538193,365.6272685167618,43389500,48294200,36669900,19037100,32063300
2023-12-05,192.26565551757812,146.8800048828125,130.36672973632812,316.7969665527344,369.0150451660156,193.23980256929687,148.57000732421875,131.51125173964408,320.3701228543676,369.5697738529902,189.0449865799245,143.1300048828125,127.63976171874135,313.9105760134032,362.17997152044285,189.07482149235318,143.5500030517578,128.33642794624606,317.48373231503643,363.0021791950114,66628400,46822400,27384800,16952100,23065000
2023-12-06,191.1722412109375,144.52000427246094,129.40135192871094,315.96087646484375,365.330078125,193.59766654612127,147.85000610351562,131.21268423164344,320.7383478517337,370.65946442979055,190.9634878174767,144.27999877929688,129.26201867463922,315.5527961011568,364.5673336677576,193.2895190534562,147.5800018310547,130.8145935589201,320.4198416594284,370.0255016850389,41089700,39679000,23576200,11294300,21182100
2023-12-07,193.110595703125,146.8800048828125,136.2784423828125,325.0579528808594,367.45989990234375,193.83623479668313,147.9199981689453,137.90069125733066,326.7002066065437,367.95519561310016,192.43464607405332,145.33999633789062,134.05905758383045,316.27932047523444,362.8734567838674,192.4744158469115,146.14999389648438,134.39743612631167,316.27932047523444,364.76549002661096,47477700,52352800,56767100,15905100,23118900
2023-12-08,194.5419921875,147.4199981689453,134.34768676757812,331.1890869140625,370.708984375,194.8203199094653,147.83999633789062,135.7509660671318,331.6071300804727,370.93680102116286,192.5141585929263,145.39999389648438,133.39224802366363,321.48482366113353,364.765436714598,193.04099429291227,145.47999572753906,133.56143729563297,321.5743978308453,365.7263114622475,53377300,41858000,32233900,14077500,20144800
2023-12-11,192.02706909179688,145.88999938964844,132.65576171875,323.754150390625,367.80657958984375,192.3352317119437,146.19000244140625,132.70552684181484,328.3425412434348,368.10377515204266,190.27757846347603,143.63999938964844,130.73495249515162,318.4989194349257,362.6555223800224,191.957494748212,145.66000366210938,131.75010329817715,327.85481911844187,365.01313478005966,60943700,50907300,31138000,25802500,27708800
2023-12-12,193.5479736328125,147.47999572753906,131.8894500732422,332.6522216796875,370.8575439453125,193.5579084922386,147.5,132.3671618941117,332.90104896445854,370.897176058441,190.5758125501861,145.3000030517578,130.63543566245536,323.0375317512035,366.9744130807321,191.92769665062553,145.52000427246094,131.18282170000637,323.0773526216057,367.3607581652339,52696900,44944300,29032800,18485500,24838300
2023-12-13,196.778564453125,148.83999633789062,131.939208984375,333.1697692871094,370.8476867675781,196.8183190559037,149.4600067138672,132.86477654283303,336.7827462979258,374.086939898613,193.68712459255818,146.82000732421875,130.94396721251857,331.07964440843716,367.28155178547297,193.925682544677,148.1199951171875,132.74535238978922,332.36357131975313,372.48215648382853,70404200,52766200,30104800,16353300,30955500
2023-12-14,196.9276580810547,147.4199981689453,131.3122100830078,331.6071472167969,362.48712158203125,198.42864077264184,150.5399932861328,133.0837393336483,333.1299689294354,370.2434695547166,194.98929893159502,145.52000427246094,129.0729159552244,327.0983981951085,360.70406906648043,196.83819885132337,149.92999267578125,132.74536075457883,332.2839501169866,369.79769131060294,66831600,58400800,38722400,19607300,43277500
2023-12-15,196.39089965820312,149.97000122070312,131.9690704345703,333.34893798828125,367.241943359375,197.2159328291742,150.57000732421875,132.87472894259986,337.0713843119748,368.8962139906386,195.82429416614897,147.8800048828125,130.5558136967356,329.6662821591047,362.8337997442001,196.3511298862745,148.3800048828125,130.99372252410018,330.43265923327004,363.39844407099264,128256700,110039100,50815200,30001600,78478200
2023-12-18,194.7209014892578,154.07000732421875,135.15383911132812,343.0033874511719,369.14385986328125,195.45649052996882,154.85000610351562,136.4974064259798,345.929598381487,369.4905728812435,193.2298536912898,150.0500030517578,131.79986392780293,335.43903287195195,365.2112110016812,194.9197048287757,150.55999755859375,131.99892443621175,335.89689688784983,365.9739856872879,55751900,62512800,32258000,18993900,21802900
2023-12-19,195.7646484375,153.7899932861328,135.99977111816406,348.7164611816406,369.7481384277344,195.77458329630363,155.1199951171875,136.81587659485692,351.9412831305354,369.7481384277344,194.72091188963017,152.69000244140625,135.43249125061917,343.50105152427335,366.3603026960237,194.98930475456203,154.39999389648438,136.1888694694067,343.95888517850096,367.9947723838569,40714100,43171300,25476800,17729400,20603700
2023-12-20,193.66725158691406,152.1199951171875,137.68173217773438,347.6415710449219,367.13299560546875,196.50023361616374,155.6300048828125,141.02574487397254,353.29491960262146,372.49209893738356,193.66725158691406,151.55999755859375,137.4130278546512,346.1585701638808,367.0438460032924,195.72488988877126,152.89999389648438,138.30873930396123,347.0145214343162,371.47179096076275,52242800,50322100,49107200,16369900,26316700
2023-12-21,193.51812744140625,153.83999633789062,139.75184631347656,352.4289855957031,370.0254821777344,195.90381315665195,153.97000122070312,140.02056584118617,354.7381099321862,370.8872917707244,192.34517705306277,152.10000610351562,138.51774106231403,347.5718724653155,366.5584126323143,194.92966611931476,153.3000030517578,138.82627876474274,351.324207105706,369.0546918220557,46482500,36305700,27488300,15289600,17708000
2023-12-22,192.44459533691406,153.4199981689453,140.81675720214844,351.7322692871094,371.0556640625,194.24379077463595,154.35000610351562,141.3143780648777,355.5243942247528,371.65002486970394,191.8183503425399,152.7100067138672,140.0404698711855,349.5724353481685,369.20326322723065,194.01515250091973,153.77000427246094,140.10018194492363,353.91196809724534,370.1641379669173,37122800,29480100,26514600,11764200,17091100
2023-12-26,191.8978729248047,153.41000366210938,140.84661865234375,353.1654968261719,371.1349792480469,192.73285613100865,153.97999572753906,142.00108755674717,355.3054355830845,373.3935264411523,191.67918468017166,153.02999877929688,140.51818704797742,351.79199585176616,369.9858895911405,192.45452839560733,153.55999755859375,140.91627767898768,353.32474991909316,371.4717766979323,28919300,25067200,16780300,9898600,12673100
2023-12-27,191.99725341796875,153.33999633789062,139.70208740234375,356.1514587402344,370.5505065917969,192.3451706464339,154.77999877929688,141.40395757196106,357.3159838070823,371.53118233613856,189.94955015213438,153.1199951171875,139.2243755877538,353.643290624348,369.3023518404904,191.34120389827206,153.55999755859375,140.91628362015615,354.3997352959561,370.17407704899347,48087700,31434700,19628600,13207900,14905400
2023-12-28,192.42471313476562,153.3800048828125,139.56275939941406,356.6391906738281,371.7491455078125,193.4982694967864,154.0800018310547,140.46843312127822,360.2023841535624,372.91803612376333,192.01715638138543,152.9499969482422,139.08504756687975,356.1315732750495,370.63968795840486,192.98136861854135,153.72000122070312,140.11014545033115,358.0127221944581,371.8382951076273,34049900,27057000,16045700,11798800,14327000
2023-12-29,191.38096618652344,151.94000244140625,139.02532958984375,352.29962158203125,372.50201416015625,193.23980104114617,153.88999938964844,139.6921397740678,358.3112974100839,373.61147173786514,190.58573760932344,151.02999877929688,138.11965590639036,350.1696757754612,369.9661024881211,192.7427850763616,153.10000610351562,138.9656175115826,357.3060254392007,372.46238203796617,42628800,39789000,18727200,14980500,18723000
2024-01-02,184.53208923339844,149.92999267578125,137.51255798339844,344.6656188964844,367.3805847167969,187.31538170646215,152.3800048828125,138.78646627528045,351.5033879930597,372.3632576668665,182.79253333369908,148.38999938964844,135.83059690794266,338.4150785617212,363.3191544056819,186.03307200647276,151.5399932861328,137.89075472780192,349.67202277628337,370.3424429826701,82488700,47339400,23711200,19042200,25258600
2024-01-03,183.150390625,148.47000122070312,138.2589874267578,342.8541564941406,367.1131591796875,184.77066759112085,151.0500030517578,138.96561577846637,346.3178433959891,369.7481357898977,182.3352771284137,148.3300018310547,136.42774618072553,341.57019913944475,365.04282689247566,183.1205708792931,149.1999969482422,136.59693546241698,343.36177389878395,365.5381225658885,58414500,49425500,24212100,15451100,23083500
2024-01-04,180.82435607910156,144.57000732421875,135.7410430908203,345.49169921875,364.4781799316406,181.99730650228184,147.3800048828125,138.49786742539402,346.5168664043291,369.5896348719219,179.80050438167336,144.0500030517578,135.70124009646156,341.7891480522502,363.71543548306664,181.06291404030495,145.58999633789062,137.7613829471732,342.8839941665638,367.1825051718643,71983600,56039800,27137700,12099900,20901500
2024-01-05,180.09869384765625,145.24000549316406,135.08416748046875,350.2990417480469,364.28997802734375,181.6692660827433,146.58999633789062,136.50737117465926,351.8417586673994,368.559424433647,179.09472708075188,144.52999877929688,134.50692540464604,344.6357306708017,363.0517388090319,180.90387243418792,144.69000244140625,136.09931838527314,345.3622868572737,365.4985007136341,62303300,45124800,22506000,13920700,20987000
2024-01-08,184.45254516601562,149.10000610351562,138.1793670654297,356.97760009765625,371.1646728515625,184.49231493340258,149.39999389648438,138.3485563481057,357.2961063304307,371.66988411040546,180.41677833640054,146.14999389648438,135.61164141398862,350.3985905134255,365.53812127674354,181.00325347972012,146.74000549316406,135.6414974529206,353.0361841839577,365.8253710003868,59144500,46757100,21404000,13890200,23134000
2024-01-09,184.0350799560547,151.3699951171875,140.2793426513672,355.7532958984375,372.25433349609375,184.04501481546237,151.7100067138672,140.81678178118554,358.9482597237445,372.4524336286839,181.63945924679223,148.2100067138672,137.49266229644218,353.69299893619376,367.6976072202341,182.8223597284498,148.3300018310547,137.84100303562764,354.72812882232535,368.509899386066,42841800,43812600,24759600,13463900,20830000
2024-01-10,185.0787811279297,153.72999572753906,141.60299682617188,368.7321472167969,379.16864013671875,185.28751930959103,154.4199981689453,142.31957211043382,371.19056180026377,380.5554922110054,182.8223247210693,151.8800048828125,140.23952047042707,357.39556248845037,372.7793440678221,183.24976627734006,152.05999755859375,140.32908858441377,358.48047608905665,372.8288615431399,46792900,44421800,21320200,22117200,25514200
2024-01-11,184.4823760986328,155.17999267578125,141.40396118164062,367.9359130859375,381.01116943359375,185.93366934185158,157.1699981689453,144.5290199237723,371.031309678701,387.00423522356067,182.524132048394,153.1199951171875,139.97081051510136,361.2275093758464,376.8011560453087,185.42670336710847,155.0399932861328,142.80725580814243,370.3843648654452,382.3682747948277,49128400,49072700,24008700,17205400,27850800
2024-01-12,184.8104248046875,154.6199951171875,141.9712371826172,372.7333068847656,384.81500244140625,185.62553831277884,156.1999969482422,142.51862321173218,375.29125864223346,385.0230181492978,184.08478570270393,154.00999450683594,141.14519984962567,367.8065449091673,381.03093643070736,184.94958867585868,155.38999938964844,141.9911462708172,368.42363171070525,381.8630294927209,40444700,40460300,18768600,19295700,21645700
2024-01-16,182.53408813476562,153.16000366210938,141.81201171875,365.73626708984375,386.59808349609375,183.16031793652851,154.99000549316406,143.66316210251998,373.84803004042226,390.32271672497956,179.85018978995151,152.14999389648438,140.77695172665017,365.5073654404121,383.9730224089054,181.07285998444632,153.52999877929688,141.3243377622621,371.89723274281795,389.9562027545636,65603000,41384600,22670500,15306900,27202300
2024-01-17,181.58975219726562,151.7100067138672,140.796875,366.64202880859375,385.8056335449219,181.83826018866833,152.14999389648438,141.16510964915355,366.811244729802,386.4395963207224,179.2239664331644,149.91000366210938,138.23909598780784,356.92780172958845,381.1894739959276,180.18817865322478,151.49000549316406,140.67745082972024,364.5817315665266,384.32966203351646,47317400,34953400,20968600,12724800,22234100
2024-01-18,187.50424194335938,153.5,142.79730224609375,374.3656005859375,390.16424560546875,188.01119275141858,153.77999877929688,143.5238397604635,375.08222432217764,390.2831117413872,184.72094959289208,151.82000732421875,141.31440154789604,369.2099069589327,386.4495277057587,184.979392426226,152.77000427246094,141.37411363155687,369.74735198029634,388.03448005572534,78005800,37850200,25746400,16354300,23392100
2024-01-19,190.416748046875,155.33999633789062,145.68350219726562,381.6512756347656,394.91900634765625,190.80441988057507,155.75999450683594,145.75316122771846,382.5569801603824,394.91900634765625,187.69311035236996,152.74000549316406,143.69301856100813,376.19697098789175,389.7976365507904,188.2000611602168,153.8300018310547,144.05130622298188,377.2221381166091,392.03638233280395,68741000,51033700,33300700,21470100,29272000
2024-01-22,192.7328338623047,154.77999877929688,145.29534912109375,379.98907470703125,392.77935791015625,194.16424214625192,157.0500030517578,147.68392325601644,388.51888025937745,396.85067355830614,191.1125571009308,153.89999389648438,145.1460537462961,379.37198797735385,389.88681807260593,191.15232686866392,156.88999938964844,146.40006807538688,386.13014469715955,396.256312744514,60133900,43687500,32200400,17680500,27016900
2024-01-23,194.01515197753906,156.02000427246094,146.34034729003906,383.39306640625,395.1468811035156,194.58175747905844,156.2100067138672,146.479680534306,386.5581419630543,395.6223758316309,192.67321792314553,153.92999267578125,144.80768160310274,380.2876765893463,390.22364091426874,193.8561183903394,154.85000610351562,145.19582529685954,382.81577013523196,392.02652441578425,42355600,37986000,21636100,15506100,20525900
2024-01-24,193.33921813964844,156.8699951171875,147.99244689941406,388.8672790527344,398.7724304199219,195.20800309667513,158.50999450683594,149.1369840368619,394.2916954444642,401.8135529594447,193.1801693842155,156.47999572753906,147.39531095421805,385.99082116267186,396.6822972921996,194.25372573180164,157.8000030517578,147.83320457288815,388.17055053021846,397.7620381791371,53631300,48547300,25233500,15698500,24867000
2024-01-25,193.01116943359375,157.75,151.14735412597656,391.3356018066406,401.0607604980469,195.0986424607324,158.50999450683594,152.32174724438246,393.63476326348916,403.18064073795176,191.95749806154728,154.5500030517578,148.82843911184986,383.8508887463011,398.7427801039566,194.0549059471631,156.9499969482422,149.35593119114108,388.3397422451109,400.5159472859716,54822100,43638600,29149100,15091100,21021200
2024-01-26,191.27162170410156,159.1199951171875,151.46585083007812,392.2911376953125,400.1295471191406,193.59765277461963,160.72000122070312,151.8141763457417,394.92870069805593,402.34849224643625,190.79449062577763,157.91000366210938,150.29145761811435,389.7530813016205,398.6436601299057,193.11058683739938,158.4199981689453,150.38104092093948,392.5001440985125,400.5654097210854,44594000,51047400,26115500,13163700,17803300
2024-01-29,190.58572387695312,161.25999450683594,152.77955627441406,399.1388244628906,405.8650817871094,191.05292006360537,161.2899932861328,153.04827580027492,401.0398683941151,406.1226452071924,188.448561449459,158.89999389648438,150.70945160260163,391.25599379327485,400.52577999660826,190.8640515837601,159.33999633789062,151.33645876754892,393.13711210386117,402.23951388406,47145600,45270400,27784300,18742400,24510200
2024-01-30,186.91775512695312,159.0,150.7393341064453,398.183349609375,404.7457275390625,190.65532484477694,161.72999572753906,152.88904491564426,404.4537846871412,409.16375662074074,186.35116482109103,158.49000549316406,150.470614560476,397.69565787815975,402.6258777098208,189.80045678886228,160.6999969482422,152.0729545126579,401.6967894599853,408.3812111979871,55859400,45207400,36331800,18614700,33477600
2024-01-31,183.29949951171875,155.1999969482422,139.43338012695312,388.3099365234375,393.83929443359375,185.98339811587047,159.00999450683594,143.314817013255,396.1330520674575,411.41240548584386,183.24981004460298,154.80999755859375,139.20446358239303,385.28418812340976,393.47278047208044,185.92374345342654,157.0,142.93662027544656,387.17526948301753,403.1310461052013,55467800,50284400,71910000,20180800,47871100
2024-02-01,185.74481201171875,159.27999877929688,140.48834228515625,392.9281311035156,399.9809875488281,185.83427124755644,159.75999450683594,142.37929571349378,398.6213004548262,404.161284395668,182.72296153753896,155.6199951171875,140.12009247642374,391.20623540021666,398.01960572688716,182.8919451500293,155.8699951171875,141.44376595073413,392.0920750920618,398.0493222591689,64885400,76542400,40466500,29727100,30657700
2024-02-02,184.7408447265625,171.80999755859375,141.70252990722656,472.7618713378906,407.35101318359375,186.21200777158808,172.5,141.94137821596175,483.68041364889706,408.7675516875465,178.18022776276848,167.3300018310547,135.8505033642639,450.88499622048204,399.7630791252122,178.78658786144558,169.19000244140625,138.5973652180094,457.44407970616504,400.01072698522285,102518000,117154900,62470600,84615500,28245000
2024-02-05,186.55990600585938,170.30999755859375,142.99635314941406,457.25494384765625,401.8334045410156,188.120543422021,170.5500030517578,144.77784470758604,469.68634442176597,407.2915729534139,184.73089088840356,167.6999969482422,142.10064148728722,457.065832694256,400.189019151807,187.02710222804,170.1999969482422,142.14045966873405,467.6758310336014,406.0434180871643,69668800,55081300,38505400,40832400,25352300
2024-02-06,188.1702423095703,169.14999389648438,143.41433715820312,452.5869445800781,401.67486572265625,188.180177168222,170.7100067138672,144.6683362516594,464.9287710564939,404.13154308563696,185.65534280788862,167.64999389648438,142.50866355317078,450.8750117531467,399.11915341177513,185.74480203892318,169.38999938964844,143.96170795232408,461.823411597042,402.0612108490808,43490800,42505500,29128200,21655200,18382600
2024-02-07,188.27960205078125,170.52999877929688,144.8474884033203,467.3871765136719,410.1543273925781,189.9098139006124,170.8800048828125,144.9271095715937,469.3081157041575,410.4019752246544,187.48437342868021,168.94000244140625,143.24514845900856,454.04007841203037,403.5669011054383,189.5022571462235,169.47999572753906,144.07120099538642,455.85154818594935,403.60653322309605,53439000,47174100,25208900,23066000,22340500
2024-02-08,187.19610595703125,169.83999633789062,145.21572875976562,467.7952575683594,410.2137756347656,188.40881099372643,171.42999267578125,145.6337284763745,468.38248626803585,411.65014520614363,186.23189374257132,168.8800048828125,144.40958536443537,462.84857033186177,408.6486545795197,188.25971226684047,169.64999389648438,145.13610759667097,466.1231456396784,410.1543425713037,40962000,42316500,22563800,18815100,21225300
2024-02-09,187.9624786376953,174.4499969482422,148.29104614257812,465.91412353515625,416.5931396484375,189.0971204380579,175.0,148.72895501735275,471.3684282830897,416.86061863442,187.11646725876852,170.5800018310547,145.48445663762422,465.27714151226303,411.18451986779826,187.76340641648085,170.89999389648438,145.9820775978342,470.7314462601965,411.34301809604267,45155200,56986000,26829500,18413100,22032800
2024-02-12,186.27044677734375,172.33999633789062,146.82801818847656,466.7004089355469,411.3529968261719,187.78330749959082,175.38999938964844,148.62940337557924,476.9023267300807,416.7814183822025,185.91213805857674,171.5399932861328,146.66877585942618,464.39128464243504,410.8477855354943,187.53448242231033,174.8000030517578,147.71378276281595,465.99374801266606,416.6031191844753,41781900,51050400,21564100,19382000,21202900
2024-02-13,184.17037963867188,168.63999938964844,144.4493865966797,457.9615783691406,402.4970703125,185.3348944732297,170.9499969482422,145.97210525516456,465.69514884260815,406.21178774325523,182.64757123911642,165.75,143.00628910032142,452.9551752468965,399.59464501524405,184.89695986657188,167.72999572753906,144.23043219737744,454.7268240757076,401.1300494611104,56529500,56345100,27837700,20916600,27824900
2024-02-14,183.28456115722656,170.97999572753906,145.24559020996094,471.05987548828125,406.38739013671875,184.65808055839094,171.2100067138672,145.82283227426896,471.8859686517295,406.7347443342126,181.5826059912504,168.27999877929688,143.40438681197526,463.9036008442123,401.5046846687993,184.44907598078342,169.2100067138672,145.38492345402256,465.7349658882902,404.9781660710295,54630500,42815500,22704200,16858400,20401200
2024-02-15,182.99594116210938,169.8000030517578,142.09068298339844,481.75946044921875,403.4795837402344,183.62298530484992,171.1699981689453,142.83711436988335,486.32792555423873,406.03011869599004,180.49774250244775,167.58999633789062,139.7916767428146,470.00486245718605,401.22679392364836,182.6874004528496,170.5800018310547,142.4589176078183,473.05050586053267,405.0476293953427,65434500,49855200,37590700,24212300,21825500
2024-02-16,181.4532012939453,169.50999450683594,139.85137939453125,471.0997009277344,400.99853515625,183.98127264473297,170.4199981689453,142.5086731289085,476.71322834295097,405.19649639829663,180.816209688257,167.1699981689453,139.47318265796596,467.00896481517003,400.3832375883185,182.5579852711476,168.74000549316406,142.30962780983683,475.86720955025993,404.86897976610464,49701400,48074600,31451100,23306500,22281100
2024-02-20,180.70672607421875,167.0800018310547,140.44851684570312,469.5370788574219,399.7381591796875,181.5726325042779,168.7100067138672,141.40395564806843,473.9462909832218,401.4252604899609,179.15405998428736,165.74000549316406,138.82628305113792,464.3714220781939,394.9943773768075,180.93564089848354,167.8300018310547,138.99547233345777,467.5166025523552,400.1847314590158,53665600,41980300,25144700,18015500,24307900
2024-02-21,181.46316528320312,168.58999633789062,141.87173461914062,466.3287658691406,399.13275146484375,182.03047857973698,170.22999572753906,142.01106787645267,467.2952412517482,399.24193376469594,179.8109630738625,167.13999938964844,140.01062195610365,460.11145725084464,394.21034092041026,181.08494629412857,168.94000244140625,140.776962464413,464.8043284518988,397.1380014467668,41529700,44575600,23315700,12977100,18631100
2024-02-22,183.50350952148438,174.5800018310547,143.40438842773438,484.3630065917969,408.5310363769531,184.09074823448796,174.8000030517578,144.31006211743158,488.20896156578334,409.70208857639847,181.60249751065342,171.77000427246094,142.1205331777144,474.3296019984396,405.47438600636866,182.61769287128237,173.10000610351562,144.2403879015234,478.49440112549854,407.08210687109107,52292200,55392400,27191900,21625800,27009900
2024-02-23,181.6622314453125,174.99000549316406,143.2750244140625,482.2706298828125,407.23095703125,184.1703774935557,175.75,143.99158457980388,492.5630686643995,412.70912252547726,181.37358582743232,173.6999969482422,142.7475322585676,480.5967437022228,405.87134201034183,184.14051969682032,174.27999877929688,142.98639577127176,486.27600690207765,412.5205899694505,45119700,59715200,19493800,18374300,16295900
2024-02-26,180.30862426757812,174.72999572753906,136.9154052734375,479.9889221191406,404.4521484375,181.90109579673225,176.3699951171875,141.762227397812,484.3729529627836,409.0371386513167,179.80101134340092,174.25999450683594,136.73625387413543,478.8530816963061,404.2734892487182,181.38355052297356,175.6999969482422,141.4636518564305,481.71264471932983,408.34243031561954,40867400,44368600,53641800,12101400,16193500
2024-02-27,181.77171325683594,173.5399932861328,138.2191925048828,485.27960205078125,404.39263916015625,183.05564406470424,174.6199951171875,138.5874271285175,485.4988035855503,405.22627106063214,178.71613380047907,172.86000061035156,136.43770109534037,478.1755445426965,400.7901378959309,180.24890489042258,174.0800018310547,137.36328390942444,478.2353240152109,404.898754425873,54318900,31141700,33099200,10809600,14835800
2024-02-28,180.56739807128906,173.16000366210938,135.7310791015625,482.2606201171875,404.63079833984375,182.25940572629614,174.0500030517578,137.35331287977036,489.26506548655226,406.1988137086949,179.28346722817705,172.27000427246094,134.76569335803654,480.99524739875187,402.24898865810695,181.65227187035535,172.44000244140625,137.24383567629263,483.2370688521899,405.0873045429746,48953900,28180500,37328600,12715500,13183100
2024-02-29,179.90054321289062,176.75999450683594,137.80117797851562,488.34844970703125,410.5059814453125,181.71199718953457,177.22000122070312,138.19926859997335,489.91275027049954,411.06173606105705,178.6862755375109,172.85000610351562,135.75096723807542,480.8557644127886,402.84447248671415,180.41810366151438,173.00999450683594,136.62678482870294,486.66459019212726,405.5438650287684,136682600,53805400,42133000,17732000,31947300
2024-03-01,178.815673828125,178.22000122070312,136.48745727539062,500.4742126464844,412.3518371582031,179.6815803178056,178.72999572753906,138.20922130484942,502.4171368903274,412.71902889421233,176.54639012704013,176.07000732421875,136.26850286861733,490.06221486567847,407.76684684717014,178.7061901764464,176.75,137.7713124913028,490.3212491333128,408.153876143975,73488000,31956200,31119500,16273600,17800300
2024-03-04,174.27708435058594,177.5800018310547,132.7154998779297,496.3791198730469,411.7762451171875,176.0686126971914,180.13999938964844,135.01450600221577,502.5864852457727,414.18782621068357,172.97322823226915,177.49000549316406,131.28234925858652,494.6155646341102,409.19593875466035,175.32213749041347,177.52999877929688,135.01450600221577,501.171633458277,410.307447886493,81510100,37381500,55999400,12324100,17596000
2024-03-05,169.3205108642578,174.1199951171875,132.0387420654297,488.4381103515625,399.5992126464844,171.23148594158673,176.92999267578125,132.60603724215898,493.7786127996676,411.1113283199567,168.8228606299405,173.3000030517578,130.048258250132,486.11659300084636,397.60446252322527,169.95750255670077,176.92999267578125,131.2525076403091,493.20073440898324,410.8235170993726,95132400,37228300,40194800,15325300,26919200
2024-03-06,168.32518005371094,173.50999450683594,130.77476501464844,494.2867736816406,399.0434265136719,170.43522699407845,176.4600067138672,132.94440001172532,501.14177064094855,402.09017289690905,167.88724549652,173.25999450683594,130.22739417958527,492.49332861034173,395.37147897743796,170.256065044738,175.5399932861328,132.4865821068133,495.82118449566786,399.9167637441042,68587700,32090900,35318600,11757900,22344100
2024-03-07,168.2057647705078,176.82000732421875,133.7406005859375,510.3282470703125,406.0400390625,169.92763018116116,177.99000549316406,134.29793357515936,517.9603770393106,406.67517415608603,167.6981670423948,173.72000122070312,130.98377649333827,499.55754268597104,399.19229481283145,168.35505375316498,174.8300018310547,132.1581545511722,501.45063030973444,403.04290164123864,71765100,34063300,37738200,18586400,18718500
2024-03-08,169.92764282226562,175.35000610351562,134.7657012939453,504.1109619140625,403.14215087890625,172.88368639540985,178.7899932861328,137.43294213765384,521.666911065442,407.3103404061873,168.1460616860156,174.3300018310547,133.36240665387308,497.5349458152221,401.2664565057241,168.20577728352077,176.44000244140625,133.57141412234174,512.32100105428,404.8689575439801,76114600,37853500,39343100,18575200,17971700
2024-03-11,171.93814086914062,171.9600067138672,137.01495361328125,481.8321838378906,401.4550476074219,173.56048535052068,174.47000122070312,138.4381574589102,495.5122872886625,402.6062622273282,171.2414336396481,171.47000122070312,135.48228773494432,474.269776553824,398.21976836345937,172.12725037151972,174.30999755859375,135.48228773494432,495.2034165473883,400.700826521959,60139500,28484800,32437800,20428300,16120800
2024-03-12,172.41586303710938,175.38999938964844,137.8409881591797,497.9335021972656,412.13348388671875,173.2121062975323,176.75999450683594,138.7168057955102,500.48419464342277,412.4212950799544,170.20629520329734,171.97999572753906,136.37798151039325,482.96810803510033,403.70782104780903,172.3362371923594,173.5,136.37798151039325,491.4671018638421,404.5315189350478,59825400,36610600,27563400,15448200,22457000
2024-03-13,170.3257598876953,176.55999755859375,139.12484741210938,493.7686767578125,411.95489501953125,172.37607625258147,177.6199951171875,140.4186648160553,499.1590157815925,415.0115452878592,169.95748841772314,175.5500030517578,138.3286661046211,489.24517053555513,408.3325562328795,171.9580519129805,175.89999389648438,138.33861305579995,493.5893383312873,414.9321647542621,52488700,30772600,23347200,12090700,17115900
2024-03-14,172.18695068359375,178.75,142.41909790039062,490.042236328125,421.9981994628906,173.49079163745046,179.52999877929688,142.90675662983335,499.52765159020504,424.5785058716351,171.24141844268888,176.47000122070312,139.7916603357875,486.3855934196416,414.8229687362819,172.0973773021251,177.69000244140625,140.5181825478973,498.4416172742984,417.05592096351893,72913500,43705800,42753400,12620000,34157300
2024-03-15,171.80874633789062,174.4199981689453,140.50823974609375,482.3403625488281,413.264892578125,171.80874633789062,177.92999267578125,142.49872348366935,490.04224549611934,419.39806083838096,169.48969463541124,173.89999389648438,139.36371767146207,479.5505219579901,409.6623914264508,170.3655638276482,176.63999938964844,141.8219663022628,487.2325189558485,416.1131423873529,121664700,72115500,49460600,29141700,45049800
2024-03-18,172.90357971191406,174.47999572753906,146.97731018066406,495.173583984375,414.1580505371094,176.87483361469177,176.69000244140625,151.4260424972047,495.6119871013144,417.54221722990445,172.70452267737835,174.27999877929688,146.46974230052322,485.04053660448955,410.6448639845401,174.7448914522954,175.8000030517578,147.9028930046686,490.12200516417676,411.111304092611,75604200,31250700,69273700,11755300,20106000
2024-03-19,175.25250244140625,175.89999389648438,146.3303985595703,494.43621826171875,418.2170715332031,175.78001045706262,176.08999633789062,148.08201863565114,494.8248152543735,418.4751112612702,172.21683307682196,173.52000427246094,145.38492190024363,479.5306045549658,412.40145573236146,173.52067421691896,174.22000122070312,147.45502663716707,486.3955748386632,414.6641794557911,55215200,26880900,24070400,10903100,19837900
2024-03-20,177.83030700683594,178.14999389648438,148.03225708007812,503.6824645996094,422.00811767578125,177.83030700683594,178.52999877929688,148.15168122543136,506.3527461246765,422.7325672103819,174.2671300256647,174.63999938964844,146.04177366454698,493.3701103406964,417.472736496582,174.89417408943874,176.13999938964844,147.29577274930563,497.6843577607781,418.8025799169323,53423100,29947200,21311500,11711100,17860100
2024-03-21,170.5646209716797,178.14999389648438,146.897705078125,505.91436767578125,426.11676025390625,176.65586961417029,181.4199981689453,149.6545141050477,513.1678741926243,427.55578606152034,170.03711298613993,178.14999389648438,146.20102362495862,504.1707286998775,423.9235133811952,176.2179350177799,179.99000549316406,148.75880250267042,512.8391174856022,426.57326646256405,106181300,32824300,24755600,9712500,21296200
2024-03-22,171.4703369140625,178.8699951171875,150.0526123046875,507.72772216796875,425.49151611328125,172.23672240837217,179.25999450683594,150.85875574292584,508.1163191581985,426.6030252593982,169.26076900158964,176.75,148.2711209562635,502.5067786929755,422.8417631107263,170.95277649830084,177.75,148.41045420254932,505.1571135489534,426.44426419825527,71106600,27964100,29175700,8117000,17636500
2024-03-25,170.0470733642578,179.7100067138672,149.35594177246094,501.1915588378906,419.65606689453125,171.13194711675717,180.99000549316406,149.6644642956251,505.3763043970238,424.1716107025241,168.65364374159117,177.24000549316406,147.11664775908744,498.42166509172904,418.41553787360243,169.76839047714014,178.00999450683594,149.22655548099812,503.95150960962997,422.0180389961963,54288300,29815500,19229300,8380600,18060500
2024-03-26,168.9124298095703,178.3000030517578,149.9530792236328,494.0875244140625,418.4552307128906,170.61438491064948,180.4499969482422,151.53551003081748,508.1462219597566,422.76234370981615,168.78303590364706,177.9499969482422,149.26635995623974,493.40997300906133,418.1575158713517,169.20106023000122,180.14999389648438,149.505223453737,503.2939285876756,422.3852180529654,57388400,29659000,22149100,11205400,16725600
2024-03-27,172.49549865722656,179.8300018310547,150.15211486816406,492.06488037109375,418.2369079589844,172.78414425918754,180.0,150.91845525200065,498.07299144024375,421.23404544961727,169.31054062211945,177.30999755859375,148.19148744617945,486.29594802208385,415.83526074059097,169.609133760084,179.8800048828125,150.46063737451573,497.48510924151634,421.2241115258407,60273300,33272600,22879200,9989700,16705000
2024-03-28,170.67410278320312,180.3800048828125,150.2118377685547,483.8149719238281,417.53228759765625,171.4205780589011,181.6999969482422,150.70945866916398,491.0984290807041,418.6735682140503,169.70866021166748,179.25999450683594,149.45545946665504,483.38654221067395,415.94440442920035,170.94283813483634,180.1699981689453,150.13223178829975,491.04859257964944,417.7704594727013,65672700,38051600,24485400,15212800,21871200
2024-04-01,169.23092651367188,180.97000122070312,154.75015258789062,489.5639953613281,421.3531188964844,170.4451942217802,183.0,154.99896303730998,495.62188175816783,424.64797113919235,168.68350825393796,179.9499969482422,149.89336775564567,480.0287741074697,419.0209183546172,170.38547862745995,180.7899932861328,149.972988921802,485.4290862996602,420.7378213676411,46240500,29174500,31730800,9247000,16316000
2024-04-02,168.0465087890625,180.69000244140625,153.82455444335938,495.5621337890625,418.2468566894531,168.54415896803064,180.7899932861328,153.96388767365946,495.72155586314705,419.17973696688534,167.43937496323824,178.3800048828125,151.42601830602345,482.8883677625335,414.6741269340057,168.28538634231538,179.07000732421875,152.7696006730611,483.3367442463119,416.9269168072685,49329500,32611500,24586000,11081000,17912000
2024-04-03,168.85269165039062,182.41000366210938,154.18284606933594,504.8980712890625,417.26434326171875,169.8778497555363,182.8699951171875,154.3420883898699,505.3962538689054,420.0530500088036,167.78772821512752,179.8000030517578,152.0032642638509,496.9371233933013,415.91463197146663,167.99673277562965,179.89999389648438,152.8691348903896,497.1164618244484,416.54979735190346,47691700,31046600,24705000,12099200,16502300
2024-04-04,168.02662658691406,180.0,149.81375122070312,509.0628967285156,414.71380615234375,171.1120488206033,185.10000610351562,154.03358204033015,528.0735304456318,425.4220608182633,168.02662658691406,180.0,149.73413005208545,508.7241058190558,414.4061573873391,169.4897042530356,184.0,152.7696206660751,514.5428746566774,421.76992047315406,53704400,41624300,34724700,26476300,19370900
2024-04-05,168.78302001953125,185.07000732421875,151.7743682861328,525.4231567382812,422.2959289550781,169.58921080070664,186.27000427246094,152.6899888823038,528.7709286124164,423.2784485638512,168.15597599547186,181.97000122070312,148.8881732587718,512.5401035058015,415.1504997519638,168.7929675547899,182.3800048828125,149.31611992588236,514.9812099690105,416.8276974614869,42055200,42335200,23449300,19242000,16544300
2024-04-08,167.65834045410156,185.19000244140625,154.11322021484375,517.3626708984375,421.3729553222656,168.40481571452685,187.2899932861328,154.5312200065727,529.5581721780273,424.0425761054586,167.4493358859462,184.80999755859375,151.8838728061024,517.0039939933462,420.09272093696904,168.23561647794648,186.89999389648438,152.05306211326507,527.3562438329022,421.9485777283347,37425500,39221300,20702000,13260600,14272400
2024-04-09,168.8726043701172,185.6699981689453,155.85487365722656,515.0211791992188,423.0501708984375,169.2806811483862,187.33999633789062,157.80553910227465,523.9585455577184,424.4991003259259,167.55881583801002,184.1999969482422,154.4515790592109,504.8980750460345,418.4254750382327,167.90716183961618,187.24000549316406,155.3472906145229,520.3317617542822,423.20896224870864,42451200,36546900,31113000,10881400,12512300
2024-04-10,166.99148559570312,185.9499969482422,155.39706420898438,517.9404907226562,420.0530700683594,168.29532657810816,186.27000427246094,155.8648291004754,520.6605480051569,420.81722505973426,166.3246362072623,182.6699981689453,153.94400440401932,503.9614590777392,416.5200457584293,168.0066961691415,182.77000427246094,155.4667384289104,507.4387939785179,418.99116993330387,49709300,35879200,22838600,11418500,16216600
2024-04-11,174.2173614501953,189.0500030517578,158.65151977539062,521.2583618164062,424.6876525878906,174.63540094951088,189.77000427246094,158.92022416255378,521.9558295796515,426.1167444183971,167.36970557110288,185.50999450683594,155.71555911784355,515.4097032879945,419.15984809671994,167.54885233902874,186.74000549316406,156.16341494930214,519.2158254344968,422.5936541739285,91070300,40020700,27166400,10369500,17966400
2024-04-12,175.72027587890625,186.1300048828125,156.9794921875,510.039306640625,418.703369140625,177.52176704196785,188.3800048828125,159.4576498521726,518.2991821255071,421.9585162359949,173.39127675717174,185.0800018310547,156.39230314278245,507.4786409454992,416.58950274190113,173.44102962389059,187.72000122070312,157.20840874623565,515.8680487630246,420.8370731015467,101593300,38554300,25329200,11944900,19232100
2024-04-15,171.87841796875,183.6199951171875,154.12315368652344,498.4117431640625,410.5059814453125,175.7999037342719,188.69000244140625,158.48231785442226,516.6452434055009,423.5861130505976,171.68930847441092,183.0,153.85443413456358,495.4724538488081,410.29755074964197,174.53586805138283,187.42999267578125,158.1041210913814,514.8417641277158,423.36777871681545,73531800,48052400,27136500,13512900,20273500
2024-04-16,168.583984375,183.32000732421875,153.66531372070312,497.9434509277344,411.43878173828125,172.94338974194338,184.8300018310547,154.9093658563506,502.9352195908948,415.2298454910269,167.47920033817573,182.25999450683594,152.699928048546,495.30305898761117,410.5952462785095,170.94284143183614,183.27000427246094,153.456321466177,496.2994241252725,411.42887810136665,73711200,32891300,20779500,9847900,16765600
2024-04-17,167.21046447753906,181.27999877929688,154.73023986816406,492.373779296875,408.71954345703125,169.84800441976404,184.57000732421875,156.33257973226392,501.3310922605612,415.7062108618487,167.21046447753906,179.82000732421875,153.84447529646815,485.36933351230493,407.22097481991534,168.81289870293196,184.30999755859375,154.8795200598381,501.2713127841246,414.08855629342435,50901200,31359700,21763100,12193700,15855500
2024-04-18,166.2549591064453,179.22000122070312,155.26766967773438,499.9760437011719,401.2069091796875,167.8474456964944,182.38999938964844,156.19325246003623,510.34823945758444,408.76919927263555,165.7672716683895,178.64999389648438,153.88428416601494,497.2260964339249,400.88935677884103,167.24031189258443,181.47000122070312,154.6008594858019,498.00326007133316,407.5187363707615,43122900,30723800,19883000,14808700,21029900
2024-04-19,164.2245635986328,174.6300048828125,153.3568115234375,479.3213806152344,396.095947265625,165.6179780634261,179.0,155.6160147529958,500.972375440201,402.4077746386735,163.3088890664717,173.44000244140625,151.57533531126506,474.00079446729563,394.7561698730406,165.42888374733738,178.74000549316406,155.45677241386718,500.972375440201,400.9687488676842,67772100,55950000,32239100,25111000,30276500
2024-04-22,165.06060791015625,177.22999572753906,155.536376953125,479.9789733886719,397.9220275878906,166.47393259764522,178.8699951171875,156.88990631862524,490.2216054605686,399.79772211379026,163.9956444231876,174.55999755859375,153.3269390890557,471.6792350291974,392.7515108089053,164.74211969252124,176.94000244140625,153.57574952252133,487.9399208543046,397.04869026067945,48116400,37924900,26446200,17271100,20286900
2024-04-23,166.11563110351562,179.5399932861328,157.5069580078125,494.2967529296875,404.48193359375,166.26493527613894,179.92999267578125,158.21358635071638,496.947087855681,405.10716505974153,164.1449405589347,175.97999572753906,155.53638354340058,487.19266460356954,400.0060952402287,164.57292762929356,178.0800018310547,156.21315584791824,489.46437591061385,401.1771473553241,49537800,37046500,21151600,15079200,15734500
2024-04-24,168.2256622314453,176.58999633789062,158.3728485107422,491.7062072753906,405.96063232421875,168.50434510258808,180.32000732421875,158.81075737682,508.14623244265294,409.3447990752087,165.42887079721268,176.17999267578125,156.4221677035373,482.8186166545257,403.6979086365787,165.75730653407012,179.94000244140625,156.74065240111614,506.2132815965154,406.45684392489727,48251800,34185100,22779100,37772700,15065300
2024-04-25,169.09158325195312,173.6699981689453,155.25772094726562,439.775634765625,396.0165710449219,169.80820075027214,173.9199981689453,155.74539489675468,444.1496617636814,396.8601368410158,167.3597550998357,166.32000732421875,150.15212564884374,412.99333588695123,385.08998167747234,168.73327450279362,169.67999267578125,150.60994355919925,419.8682490278648,391.04452101034235,50558300,49249400,57109700,82890700,40586500
2024-04-26,168.50433349609375,179.6199951171875,171.1318359375,441.6787109375,403.2414245605469,170.53473930129167,180.82000732421875,173.87871320868138,444.81725504370945,409.87080464048637,168.38488714020465,176.1300048828125,168.84277660691075,430.3898768860217,402.6856699602139,169.08160945714914,177.8000030517578,173.5403194325108,439.85534570558576,409.04710666417816,44838400,43919800,64665300,32691400,29694700
2024-04-29,172.6846160888672,180.9600067138672,165.3594207763672,431.0474853515625,399.2022399902344,175.20272483761752,183.52999877929688,168.74325204452023,438.16154710164096,403.24140976178137,172.28650201133235,179.38999938964844,164.4239062306873,427.0022452842576,396.1654273618807,172.555222179483,182.75,168.25557809024173,437.96226190943185,402.1795096483343,68169400,54063900,45610000,21502600,19582100
2024-04-30,169.5294952392578,175.0,162.00546264648438,428.6064147949219,386.3800964355469,174.16759809934044,182.99000549316406,167.3001564313842,438.0220473247672,399.11290256766176,169.2010443307548,174.8000030517578,161.82632640780892,428.1580383096976,386.221335381575,172.51539602156524,181.08999633789062,164.8219988264117,429.48319059523675,398.4479657229549,65934800,94639800,33562900,18429500,28781400
2024-05-01,168.50433349609375,179.0,163.080322265625,437.5936279296875,391.9476623535156,171.89831095590108,185.14999389648438,166.3248050727695,448.324470023217,398.6762911474534,168.31522402075603,176.55999755859375,162.31398182603573,425.55751946999504,387.3527376072614,168.78301634804097,181.63999938964844,163.51823108824746,427.04212427181926,389.6352990933683,50383100,94645100,33493200,20344900,23562500
2024-05-02,172.21682739257812,184.72000122070312,165.82717895507812,440.07452392578125,394.82562255859375,172.6049939419865,185.10000610351562,165.9366561572897,442.3462351057961,396.8997833087663,170.08688513916925,179.91000366210938,163.1101731735162,430.70869819788334,391.6597902856064,171.69926693100732,180.85000610351562,164.00588469256783,437.24485073008907,394.6469936602289,94214900,54303500,24294500,15221300,17709400
2024-05-03,182.51817321777344,186.2100067138672,166.44424438476562,450.317138671875,403.57879638671875,186.12115543095717,187.8699951171875,167.16081969689057,452.5191273211899,404.0650740320478,181.80155578938326,185.4199981689453,162.27417880581723,442.23663272614147,398.8151471589616,185.7727942523785,186.99000549316406,166.7627138644963,444.3090586474781,399.23197820235123,163224100,39172000,34662400,16489100,17446700
2024-05-06,180.8560333251953,188.6999969482422,167.30015563964844,463.9873352050781,410.40667724609375,183.3343214775735,188.75,167.3399586304374,464.46560144352185,410.79370652504514,179.5720873686165,184.8000030517578,165.2399977875199,451.6921923874553,403.2909899464774,181.4930249418685,186.27999877929688,166.66320148373052,453.9240406868875,405.6628958084665,78569700,34725300,21871300,15094600,16996600
2024-05-07,181.54278564453125,188.75999450683594,170.43515014648438,466.53802490234375,406.238525390625,184.0310366275269,189.94000244140625,170.94271797332505,469.8160748777237,411.52815821970637,180.46787458450643,187.30999755859375,167.58875812637166,459.63322146185084,405.99041958064737,182.58785409480518,188.9199981689453,167.69823532661383,464.59513103388576,411.5182242956741,77305800,34048900,28039700,13406800,20018200
2024-05-08,181.88119506835938,188.0,168.57406616210938,470.88214111328125,407.4294128417969,182.20964601288568,188.42999267578125,169.34039143777946,473.85128958022693,409.1066104061556,180.59724908638574,186.38999938964844,167.93711199783866,461.31703030002865,403.6284151762591,181.9906787165348,187.44000244140625,168.19586940682248,461.8152128381496,405.07737479693975,45057100,26136400,19569100,11683900,11792300
2024-05-09,183.70260620117188,189.5,169.1512908935547,473.6919250488281,409.1959228515625,183.792179594264,191.6999969482422,169.87781310338192,474.34949927894843,409.5928860565961,181.2541604804327,187.44000244140625,167.3797466451611,465.93023214661764,406.0003190785622,181.70204263297254,188.8800048828125,168.5839958188216,468.29161264745665,407.45918232898305,48983000,43368400,15346700,9437700,14689700
2024-05-10,182.4368438720703,187.47999572753906,167.84751892089844,474.4690856933594,411.59759521484375,184.47000383075684,189.88999938964844,169.0418211972959,475.76434819594465,412.23276061100023,181.51992740382525,186.92999267578125,165.39923266388908,467.89306977309053,408.67986853475014,184.28063783698332,189.16000366210938,167.2304738812949,475.35583484503064,409.8112455392715,50759500,34141800,29799900,10750000,13402300
2024-05-13,185.65603637695312,186.57000732421875,168.335205078125,466.3088684082031,410.5853271484375,186.47329700939974,188.30999755859375,168.474538328996,471.62945471547624,415.18025140614657,184.00159305347216,185.36000061035156,163.2196626015956,461.16762053219,407.7073059282806,184.81885368591878,188.0,163.47842001430308,471.0316295379581,414.84283115281045,72044800,24898600,31327600,14668800,15440200
2024-05-14,186.8021697998047,187.07000732421875,169.5294952392578,470.1349182128906,413.40380859375,187.66926595480425,187.72000122070312,170.43516897895464,470.82241262247226,414.3267549073316,185.6659889969534,183.4499969482422,167.99682945269723,458.4076805354275,408.43175863614476,186.8819036535792,183.82000732421875,168.9622152743634,461.68573050507666,408.8981987547859,52393600,38698200,25127100,10478600,15109300
2024-05-15,189.08450317382812,185.99000549316406,171.6891632080078,479.7896423339844,420.6317443847656,190.0113806876588,186.72000122070312,171.82849645723252,480.74614428336014,421.35753100749633,186.74236879853999,182.72999572753906,169.69867954126346,469.4872312016632,414.85536761085484,187.28056849688068,185.97000122070312,169.81811888787405,473.25348993439434,415.48172683662517,70400000,75459900,26948400,13100500,22239500
2024-05-16,189.2041015625,183.6300048828125,173.35121154785156,471.5098876953125,418.5538024902344,190.45989075478766,187.30999755859375,174.28674128104558,475.9536677204274,422.95818999519196,189.02471179656044,183.4600067138672,171.86831096693263,471.0316214801493,417.91752182390434,189.83199615864385,185.60000610351562,172.46544694250113,473.27344305250324,419.3591127494367,52845200,38834500,27867900,16608200,17530100
2024-05-17,189.2340087890625,184.6999969482422,175.22227478027344,470.1946716308594,417.7783203125,190.17086260921994,185.3000030517578,175.43128224723478,471.08142078412743,420.4726599302369,188.5463175718117,183.35000610351562,172.86355649440316,466.7173670611054,415.6109428181483,188.87521403256983,183.75999450683594,173.3512152736709,469.11858026391644,420.09485405964773,41282900,33175700,24479300,10807300,15352200
2024-05-20,190.4000701904297,183.5399932861328,176.07818603515625,467.1358337402344,422.878662109375,191.27712733733017,186.6699981689453,177.91938952957375,471.4800016099991,424.30037978174784,188.3768712601109,183.27999877929688,175.24218652700162,465.3423886311172,417.55961512858175,188.69580666177544,184.33999633789062,175.35166373779703,468.2418148692893,417.778343258253,44361300,30511800,22554400,11745100,16272100
2024-05-21,191.70570373535156,183.14999389648438,177.00375366210938,462.9411315917969,426.5572509765625,192.08442053272114,183.25999450683594,177.3023140421263,468.9890751811332,430.46450167288947,190.28048580582154,180.75,174.9734519608894,460.58969409195197,422.39149513236316,190.44991454290118,182.3000030517578,176.05826183810862,465.42207101594107,424.36001790160714,42309400,50839100,16989400,11742200,21453300
2024-05-22,190.26055908203125,183.1300048828125,175.54074096679688,466.0796813964844,428.0286865234375,192.17414127105863,185.22000122070312,176.3070661638398,471.9980927279,429.9077641693655,189.63267965869522,181.97000122070312,174.3763099665658,463.9574187949519,424.6583193119375,191.6259804985601,183.8800048828125,175.79949834923147,466.16935060979057,427.60118209872775,34648500,28148800,17880000,10078600,18073700
2024-05-23,186.2540283203125,181.0500030517578,172.72422790527344,464.08697509765625,424.529052734375,190.3602230291439,184.75999450683594,177.40186161179759,472.63577501421946,431.09086617504613,186.00486572472462,180.0800018310547,172.12707671457434,459.86239643933766,422.95820916796526,190.34028576334703,183.66000366210938,176.22748350592448,471.16117399926424,430.4645069803894,51005900,33670200,21024900,11747900,17211700
2024-05-24,189.3436279296875,180.75,174.15737915039062,476.48175048828125,427.6707763671875,189.94162421863646,182.44000244140625,174.93366658897898,478.10583057251955,428.565562226306,187.41012383078694,180.3000030517578,172.82374351187994,464.6050643409165,421.95405016489985,188.1875250894915,181.64999389648438,174.1474170125974,465.9202736564943,424.71796179341015,36294600,27434100,16572500,12012300,11845800
2024-05-28,189.35360717773438,182.14999389648438,175.56065368652344,478.17559814453125,427.8298645019531,192.35351928350596,182.24000549316406,176.42652440990983,479.1121534544574,428.3269711402922,188.4665889665476,179.49000549316406,173.54031397559726,473.11404592217065,424.13138989907134,190.868504773859,179.92999267578125,173.61993514476987,474.8477116327239,427.14385491376675,52280100,29927000,20572200,10175800,15718000
2024-05-29,189.652587890625,182.02000427246094,175.06301879882812,472.6357727050781,426.6865234375,191.6060292626522,184.0800018310547,175.99854847921964,478.10583822576746,428.44627000677747,188.8752018363686,181.5500030517578,173.88864081616407,471.97819844341495,423.22665032702537,188.97487295416659,181.6999969482422,174.59525395863238,472.9347005033955,423.22665032702537,53068000,32009300,23388700,9226200,15517100
2024-05-30,190.6492462158203,179.32000732421875,171.29107666015625,465.3523254394531,412.2704162597656,191.53626445370173,181.33999633789062,174.38627944367667,470.0153373933379,421.84466424386284,189.99146851693155,178.36000061035156,170.97259197646454,463.0208346658362,411.84288150879064,190.12102272627732,181.30999755859375,174.36637035439955,469.95555791760296,421.84466424386284,49947900,29249200,22958700,10735200,28424800
2024-05-31,191.6060333251953,176.44000244140625,171.67919921875,465.1331481933594,412.7277526855469,191.92496874276912,179.2100067138672,172.23653216033742,467.41483299195215,414.3383733012913,189.27387511297837,173.8699951171875,168.63376194065896,452.80811566012204,402.1692127903504,190.79874896001851,178.3000030517578,171.0422451160524,464.10689326409187,414.3383733012913,75158300,58903900,37638900,16919800,47995300
2024-06-03,193.38006591796875,178.33999633789062,172.3460235595703,475.7543640136719,411.1270446777344,194.33685694398167,178.6999969482422,173.69955303760383,477.85671019560755,414.02020882309534,191.8751293663799,175.9199981689453,170.3455929752159,466.5379867971225,406.553688084388,192.25384615761888,177.6999969482422,171.71901635552842,469.1484585058271,413.1254229827006,50080500,30786600,27459100,11279400,17484700
2024-06-04,193.69900512695312,179.33999633789062,172.96307373046875,475.2561950683594,413.6623229980469,194.66575720064256,179.82000732421875,173.0228009976231,477.1493131464151,414.03017705380546,192.38341934135104,176.44000244140625,171.07212029758608,471.5098828447324,407.30928563189894,193.98802704232938,177.63999938964844,172.45550585604707,475.26616844981777,410.04337212748766,47471400,27198400,26879600,7088700,14348900
2024-06-05,195.21389770507812,181.27999877929688,174.5753631591797,493.260498046875,421.5563659667969,196.24044634116564,181.5,175.80945323933747,494.84471488804246,421.6259378345122,194.2172473626493,178.75,173.10239440013726,482.1510333966867,413.89096003424896,194.74547082752238,180.10000610351562,174.36635570479385,482.68907905808396,415.39223173706347,54156800,32116400,22068500,15690500,16988000
2024-06-06,193.8285369873047,185.0,175.88906860351562,491.96527099609375,422.0633850097656,195.84177475695034,185.0,176.30706831231922,500.99233691067286,422.848821948627,193.51957784203586,181.49000549316406,174.91373594964054,489.1057078527464,418.14618249774657,195.03449048507352,181.75,175.06301613629049,491.1881073877741,421.5563568996983,41181800,31371200,23251000,10667300,14861300
2024-06-07,196.23048400878906,184.3000030517578,173.62989807128906,491.16815185546875,421.3973083496094,196.28031956711487,186.2899932861328,177.0236612038553,497.09653661265514,423.81323935854607,193.48969558531903,183.36000061035156,173.47065573222022,488.3883150022529,420.55222098628695,193.99798178181695,184.89999389648438,176.20757079195172,494.10744118684374,423.73371564550735,53103900,28021500,19661400,9380700,13621700
2024-06-10,192.4730987548828,187.05999755859375,174.37716674804688,500.77313232421875,425.3940124511719,196.63910486677477,187.22999572753906,176.41975708694557,500.8329118009078,425.6027887352665,191.50634675889475,183.7899932861328,172.13530264029285,491.61653412930673,421.4370631899479,196.2404356269631,184.07000732421875,174.3373180757214,492.06488020447483,422.24237348386436,97262100,34494500,23779200,11236900,14003000
2024-06-11,206.4561004638672,187.22999572753906,175.98133850097656,505.62542724609375,430.1761779785156,206.46607669963058,187.77000427246094,176.20054419886765,505.75495958151856,430.3153823959729,192.9813995595946,184.5399932861328,173.14165320239113,496.4588556425314,422.78918087724,193.00132161576843,187.05999755859375,175.58279097950916,498.34200038373547,423.01786084549974,172373300,27265100,21540600,9673700,14551100
2024-06-12,212.35630798339844,186.88999938964844,177.14710998535156,506.9904479980469,438.5076904296875,219.46241499269527,188.35000610351562,179.75764648213246,512.1416692910807,440.8341457768561,206.20696163392407,185.42999267578125,175.47319211286342,502.63633708271516,430.7428874309175,206.67538853844061,188.02000427246094,177.60545332869307,512.1217225274808,432.8009161252906,198134300,33984200,27864700,11983200,22366200
2024-06-13,213.52236938476562,183.8300018310547,174.52662658691406,502.2676696777344,439.0246887207031,216.02395620562416,187.6699981689453,176.10091514486052,507.50852960132505,440.8242426789463,210.89121315624297,182.6699981689453,174.24764028080844,499.537608536514,436.8274858579273,214.02069454325613,186.08999633789062,175.4731883543162,503.8718029468352,438.2989324414096,97862700,39721500,20913300,9954600,15960600
2024-06-14,211.77822875976562,183.66000366210938,176.1507110595703,502.8262023925781,440.00897216796875,214.44924427717243,183.72000122070312,176.41973898190378,505.80828233509834,440.5756810111054,210.59221246372425,182.22999572753906,173.5202580512332,499.42522020615223,434.19281849694386,213.13367378271622,183.0800018310547,173.59001222516176,501.32018749550235,435.74378876375306,70122700,25456400,18063600,10243300,13582000
2024-06-17,215.94422912597656,184.05999755859375,176.59910583496094,505.2896423339844,445.775390625,218.21659070332575,185.0,177.715051051079,509.3987374114916,448.3305259626429,212.0074632920053,181.22000122070312,174.17788480631722,494.6977439414019,438.16966532085047,212.65527993528355,182.52000427246094,174.82554352922475,500.3427732497189,440.0288392462003,93728300,35601900,19618500,11266600,20790000
2024-06-18,213.5721893310547,182.80999755859375,174.45687866210938,498.1685485839844,443.75714111328125,217.89766325641614,184.2899932861328,176.74856500464978,504.6613355859566,447.53516969127554,212.28651711595563,181.42999267578125,173.47046818859647,493.71037311736205,442.3155500964385,216.86113841241473,183.74000549316406,176.49946899358264,503.2251427888674,447.10763493198164,79943300,36659200,21869900,13060400,17112500
2024-06-20,208.97763061523438,186.10000610351562,175.66250610351562,500.3727111816406,443.120849609375,213.5223688231627,186.50999450683594,176.64891655489416,502.3375005534766,443.946033241849,208.1504242370716,182.72000122070312,174.35724546739127,495.45573089177043,438.7164619327626,213.21339445126264,182.91000366210938,174.73586105725994,500.67190532482755,443.7173532757514,86172500,44726800,20160100,11801200,19877400
2024-06-21,206.7949981689453,189.0800018310547,178.98048400878906,493.47100830078125,447.17724609375,211.18025387128242,189.27999877929688,180.19607384922364,502.1180843319888,447.97260457820744,206.4162661482939,185.86000061035156,175.97139971495798,491.08734711442,443.9261796037789,209.68527826262047,187.8000030517578,176.35998891289265,502.1180843319888,444.79114029939626,246421400,72931800,58582700,23130700,34486200
2024-06-24,207.4427947998047,185.57000732421875,178.5719451904297,497.590087890625,445.0794677734375,211.98751777765062,191.0,180.23590467855502,506.4565526889867,450.13005783321864,205.89798377862786,185.3300018310547,178.02393093898397,492.98231542757276,443.82674934456685,207.02420349475855,189.3300018310547,179.50854860133447,497.879329189251,447.197116551364,80727000,50610400,18298000,13525300,15913700
2024-06-25,208.36968994140625,186.33999633789062,183.3645477294922,509.2491760253906,448.3404541015625,210.67194975002218,188.83999633789062,183.6236020982057,509.3588704025715,448.80773551860256,207.91122410230182,185.4199981689453,178.77121684563144,494.18911810475925,444.1647465305247,208.44940858434205,186.80999755859375,178.97049060645827,495.73500529039063,445.65606632861267,56713900,45898500,23235600,12109800,16747500
2024-06-26,212.5356903076172,193.61000061035156,183.21510314941406,511.7624816894531,449.54345703125,214.1402980033581,194.8000030517578,183.84281475961373,512.4506586561395,450.9751265075422,209.9344322470105,186.25999450683594,181.82015636356306,503.34480817062513,445.59642930053803,210.79155216910215,186.9199981689453,181.96962309255457,505.3095975439335,446.4017395883299,66213200,65103900,19839000,8882300,16507000
2024-06-27,213.3828582763672,197.85000610351562,184.73956298828125,518.1854858398438,450.2294921875,215.01736433595826,199.83999633789062,185.37724814669312,521.4967099840738,453.5302875755873,211.63872006367095,194.1999969482422,183.35458982218609,512.5404863257912,449.1557248487335,213.97087836680484,195.00999450683594,183.51399970907897,512.8895360407101,449.56335593650766,49772700,74397500,18848900,10121200,14806300
2024-06-28,209.91448974609375,193.25,181.49134826660156,502.88604736328125,444.3636474609375,215.34624626528088,198.85000610351562,184.46058367632295,520.4993300901835,452.74485831487965,209.5955695452833,192.5,181.30204806851228,502.5070478134148,443.82676378238773,215.04724812174294,197.72999572753906,183.65351502999962,515.7818631585335,450.4482280145607,82542700,76930200,29156600,15855100,28362300
2024-07-01,216.02395629882812,197.1999969482422,182.3283233642578,503.3448181152344,454.0870361328125,216.78140506529675,198.3000030517578,183.21510456344126,505.2397854135722,454.72331684606445,211.2101334408119,192.82000732421875,180.64443188180954,491.8652895125617,443.0810879907853,211.37956216985054,193.49000549316406,182.3681720367947,503.6141232864657,446.0637277902953,60402900,41192000,16006100,10328200,17662800
2024-07-02,219.53216552734375,200.0,184.57017517089844,508.1520690917969,456.62225341796875,219.64179766849512,200.42999267578125,184.89898371094532,509.149423496295,456.9304570935814,214.3794853085834,195.92999267578125,180.90347419393802,498.12866950132707,450.48794440717063,215.42595595595571,197.27999877929688,181.39170782072514,499.4352013362723,450.57745029839504,58046200,45600000,17372500,7739500,13979800
2024-07-03,220.80787658691406,197.58999633789062,185.14808654785156,508.6108703613281,458.1036376953125,220.80787658691406,200.02999877929688,185.4170992875996,509.92738554938944,458.3521910129211,218.29631357753755,196.75999450683594,183.33466032731423,504.68129136586316,455.23037712106725,219.26306558331447,199.94000244140625,184.18159282875,505.0303715131761,455.5385808076234,37369800,31597900,10242100,6005600,9932800
2024-07-05,225.5818328857422,200.0,189.9108123779297,538.4816284179688,464.8543395996094,225.69146503075916,200.5500030517578,190.16986676631305,539.4391106295718,465.6397765538939,220.90754038733803,198.1699981689453,185.1281657368756,510.246556070779,456.3140515175161,220.90754038733803,198.64999389648438,185.1879463493014,510.246556070779,456.95033221316646,60412400,39858900,20967500,21354100,16000300
2024-07-08,227.056884765625,199.2899932861328,188.34646606445312,527.919677734375,463.5419921875,227.08678305881674,201.1999969482422,189.48234321486567,541.3739798552638,464.99356542878803,222.50218547217585,197.9600067138672,187.10098606603526,525.2567583321568,461.77229375422786,226.32931907748747,200.0399932861328,189.2133152781957,540.9151748824779,463.8501958785038,59085900,34767300,21035900,14917500,12962300
2024-07-09,227.9139862060547,199.33999633789062,188.29666137695312,528.5978393554688,456.8807678222656,228.631575647805,200.57000732421875,190.6680603801606,536.0580308916997,464.6256672353131,225.6117264169712,199.0500030517578,188.03760698643373,526.7926303012964,455.3496709136752,227.1664984715379,199.39999389648438,189.62185404323878,532.3379184075122,464.29759021110544,48076100,32700100,15121400,8753200,17207200
2024-07-10,232.1995849609375,199.7899932861328,190.4886932373047,533.275390625,463.55194091796875,232.2992560750062,200.11000061035156,191.05663943714717,537.4543077142633,463.7607172108967,228.48208356286247,197.69000244140625,188.3464736353611,526.9621206539213,456.20469022907776,228.53191911989683,200.0,188.46603485485895,529.3856843777168,458.55104934272356,62627700,32883800,15952500,10983300,18196100
2024-07-11,226.80772399902344,195.0500030517578,184.89898681640625,511.3435974121094,452.06878662109375,231.61157070495582,200.27000427246094,190.16985150502285,534.0433926014839,462.0904430463112,225.01375035477759,192.86000061035156,184.41075318141904,507.0250359475886,448.93699054354346,230.61492037011672,200.08999633789062,189.16350913484757,529.4854758280743,460.3008712942663,64710600,44565000,25625800,16458300,23111200
2024-07-12,229.76776123046875,194.49000549316406,184.4008026123047,497.5501708984375,450.9254150390625,231.86073301422448,196.47000122070312,186.4334193756876,506.7457794296081,453.71915189160546,227.91399100155513,193.8300018310547,183.8228980414375,492.92246243757324,448.0422026334216,228.1531925563972,194.8000030517578,184.4107609794594,496.4431221547364,451.70090017355875,53046500,30598500,22898400,19750500,16324300
2024-07-15,233.61483764648438,192.72000122070312,185.8555145263672,494.84735107421875,451.3330383300781,236.43535998230433,196.19000244140625,187.55933793133792,505.3395081572605,454.6139602586164,232.3092281117703,190.8300018310547,184.25133560725024,492.06472384159474,448.8176800220224,235.68787221439834,194.55999755859375,184.25133560725024,497.31081760153563,450.67685394437046,62631300,40683200,16474000,12539200,14429400
2024-07-16,234.033447265625,193.02000427246094,183.2549591064453,488.4942321777344,446.9187316894531,235.4785872610991,196.6199951171875,187.99774187820162,502.6167744833756,451.67106983710227,231.55178236868576,192.24000549316406,182.70694481891954,484.5048144790846,444.07529634239484,234.21283703260292,195.58999633789062,186.6825227917543,500.17324396821596,451.5915461266938,43234300,33994700,18290700,14075800,17175700
2024-07-17,228.1133270263672,187.92999267578125,180.36544799804688,460.7677307128906,440.9534606933594,230.68468664215072,191.5800018310547,182.88629847032706,477.9023017376505,442.2757813397234,225.88082486496336,185.99000549316406,179.24948750496557,457.905328571596,436.63857872187197,228.68140979310064,191.35000610351562,182.308393887249,477.9023017376505,440.0288496296795,57345900,48076100,20734100,28076600,21778000
2024-07-18,223.42906188964844,183.75,177.0474853515625,474.5910949707031,437.8216857910156,229.66810263837593,189.67999267578125,181.84009022857012,477.97211054275687,442.07691730431753,221.52547133243425,181.4499969482422,175.83189558689608,463.31101919766354,431.886231451246,229.50863493701104,189.58999633789062,181.27214401888858,473.74333764754465,441.7687136228689,66034600,51043600,25315700,19267200,20794800
2024-07-19,223.5586395263672,183.1300048828125,177.01759338378906,475.52862548828125,434.5805358886719,226.04030439428965,184.92999267578125,179.63807308812588,485.4223643535943,438.58724438350157,222.53209087352224,180.11000061035156,176.48951105533254,474.4514656631318,429.5001207828966,224.06694094221692,181.13999938964844,178.23318313703982,474.8005457997421,430.59376141790096,49151500,43081800,18881900,15149400,20940400
2024-07-22,223.20982360839844,182.5500030517578,181.01307678222656,486.1105041503906,440.3768615722656,227.01702011468987,185.05999755859375,182.0393510707807,490.75817907426796,442.02725936629844,222.34272744507626,182.47999572753906,179.5782814108386,482.61976392504766,436.37018300454787,226.24959507146193,185.0,179.9369802536856,485.29266627846886,439.2335222934249,48201800,39931900,24100300,12023100,15808800
2024-07-23,224.25628662109375,186.41000366210938,181.1326446533203,487.3971252441406,442.2757873535156,226.17982967750157,189.38999938964844,182.94607087092996,493.9098482730073,445.7953108894537,221.93408951337017,183.55999755859375,180.88354864784296,486.42969025653684,440.53591409904936,223.61843101438217,184.10000610351562,181.39171422932947,488.54407671929795,441.33127259326983,39960300,47537700,36352700,9455500,13107100
2024-07-24,217.8079376220703,180.8300018310547,172.0057830810547,460.04962158203125,426.4180908203125,224.04697788212746,185.4499969482422,175.5529078595556,475.03985596857615,438.92531149244144,216.40267233593048,180.41000366210938,171.1987144347076,459.3614446582769,425.11567378635556,223.24965464543004,183.1999969482422,172.97227682395808,471.06042192526183,437.90127297701764,61777600,41532400,49585200,17649700,26805800
2024-07-25,216.76148986816406,179.85000610351562,166.67510986328125,452.21044921875,415.97882080078125,220.11023564894725,183.89999389648438,172.79290685215108,462.3236067182569,427.3128458662045,213.9010930254534,176.8000030517578,166.58543895453738,441.4789064419887,415.0939867790631,218.19665359620475,182.91000366210938,171.89616735748663,462.0343958650566,426.31863260886945,51391200,44464200,44852000,18240500,29943800
2024-07-26,217.2299041748047,182.5,166.3961181640625,464.46795654296875,422.8090515136719,218.75477790382115,183.19000244140625,167.4821730109969,468.5271658214887,426.4379540941027,215.2864239407029,180.24000549316406,163.46674694464414,458.2045721245555,414.8553456338981,217.96741565742542,180.38999938964844,166.54556967378286,462.97192494204035,415.7799870015666,41601300,29506000,41336900,14222400,23583800
2024-07-29,217.50897216796875,183.1999969482422,168.9169921875,464.4779052734375,424.2606201171875,218.5654190781,184.75,169.8137317797604,472.70607900562055,429.6492388018038,215.0273073866339,182.3800048828125,167.38256739097093,463.78972830816224,422.2423684855505,216.23326096996,183.83999633789062,168.2195263708959,468.63688647936897,429.0825299821325,36311800,33270100,20293800,11339600,15125800
2024-07-30,218.06710815429688,181.7100067138672,169.6742401123047,461.964599609375,420.4726867675781,219.5919820328496,185.86000061035156,170.61084359012222,471.4793693679955,426.5671885866718,215.39607720378967,179.3800048828125,167.8309386667155,455.49177911608064,414.9448331085773,218.45580119769897,184.72000122070312,169.6244330706624,465.7645175423859,425.2448982961915,41643800,39508600,18959700,11390400,32687600
2024-07-31,221.3361053466797,186.97999572753906,170.91970825195312,473.57379150390625,415.9291076660156,223.07028238181744,187.94000244140625,173.61991563812455,475.2393867973792,419.3392517370681,219.89096542123676,184.4600067138672,169.39524191629772,465.515181086415,409.82462391670987,220.6982497488722,185.0500030517578,172.6135732503379,469.7738735533383,418.0666600260145,50036300,41667300,25729100,24285800,42891400
2024-08-01,217.62855529785156,184.07000732421875,170.1425323486328,496.42315673828125,414.6962585449219,223.72805013234773,190.60000610351562,173.42064433790932,525.7752886817411,424.98637136355273,216.29304757526307,181.8699951171875,168.2693407012315,490.79809389196134,410.6995323530128,223.618417993468,189.2899932861328,169.63438196406787,519.621629234288,418.3549862264431,62501000,70435600,24531400,43083100,30296400
2024-08-02,219.12355041503906,167.89999389648438,166.057373046875,486.8486022949219,406.1261901855469,224.84432899946665,168.77000427246094,167.90067445744558,499.82416263155864,412.59852862073603,216.98075820790513,160.5500030517578,164.0745632707895,474.89030207489265,402.0002109675361,218.41592196270943,166.75,165.83816733480066,487.70631248838725,410.1030434734576,105568600,141448400,29130100,24044700,29437900
2024-08-05,208.56903076171875,161.02000427246094,158.67416381835938,474.471435546875,392.86334228515625,212.7848576409039,162.9600067138672,163.83542602504582,482.20093240553325,398.71927263220283,195.3434758670593,151.61000061035156,154.36977732002595,449.60736639083,383.34871462184185,198.423121913284,154.2100067138672,154.93772354006205,450.1559295912915,386.9179667314658,119548600,83149400,53630700,21396200,40709200
2024-08-06,206.5358428955078,161.92999267578125,157.71762084960938,492.7828063964844,397.29754638671875,209.28660752946874,165.0800018310547,159.98939041713092,501.2303989457279,403.3225066578681,200.39648844230862,158.5399932861328,155.8444292184306,477.3836528207429,396.1939842314513,204.61231506511243,161.7100067138672,158.7538687510913,477.7327329300847,397.6853041219084,69660500,59950800,49004600,20955000,24946500
2024-08-07,209.11717224121094,162.77000427246094,158.36526489257812,487.62652587890625,396.1243591308594,212.92436846093156,167.5800018310547,162.39064929609555,508.80034027827065,407.7069368759002,205.69865382063958,161.42999267578125,157.8969632273386,485.57194781622036,395.16992295159474,206.20693999643444,166.5500030517578,160.6669093473954,501.79892335846426,406.27529777749277,63516400,48408200,25138600,20105300,20650900
2024-08-08,212.59547424316406,165.8000030517578,161.44410705566406,508.2817077636719,400.3597412109375,213.4824924067945,166.69000244140625,163.09810823419537,508.610821310526,403.51138026295973,208.13048513245963,162.5500030517578,159.6306959832372,493.4111505917444,397.62565473832814,212.39614722358988,165.1699981689453,159.92959903655023,496.1837944972908,400.11118789524573,47161100,44616200,25578800,16156800,20203000
2024-08-09,215.51568603515625,166.94000244140625,163.0781707763672,516.4002075195312,403.6704406738281,216.05387055494424,168.5500030517578,163.1977319936456,516.9687068327605,405.68869229684987,211.259984607228,165.85000610351562,158.48483983468753,504.3621325984849,399.93221959838144,211.38955402452135,166.39999389648438,159.43140161323996,506.36679424679943,401.6919660750819,42201600,36401000,28602300,13696600,19276700
2024-08-12,217.0522918701172,166.8000030517578,161.70315551757812,514.5849609375,404.4559020996094,219.02793942662467,168.5500030517578,164.30371841151174,516.6494916340242,406.39463013243375,215.12653755613,166.11000061035156,161.25478575040617,507.7530779259636,401.9007666876047,215.59550663031672,168.13999938964844,163.75571936475353,515.4925265619871,404.7044554196647,38028100,30072800,15895300,9767400,16762900
2024-08-13,220.78408813476562,170.22999572753906,163.56640625,527.1416625976562,411.6142272949219,221.4027217224782,171.0399932861328,164.13433724204145,530.0938534798205,412.5487901543895,218.52904142421028,167.10000610351562,162.3807068200086,516.7791968434872,407.19991814538804,218.52904142421028,167.80999755859375,162.81911822642027,518.634261382388,407.21979148714996,44155300,39237900,18551700,13743800,19414300
2024-08-14,221.23309326171875,170.10000610351562,159.79010009765625,525.366455078125,414.4477233886719,222.54021400164925,172.27999877929688,162.6298006303333,532.5872917660244,415.30276256625774,219.21752501736546,168.86000061035156,157.13973016458638,521.7460534495959,410.0632696291805,220.08562480803565,172.11000061035156,161.81275843785846,526.663003726039,412.3996465083127,41960600,28843800,40591100,11444200,18267000
2024-08-15,224.22650146484375,177.58999633789062,160.7167510986328,535.908447265625,419.34808349609375,224.8551228159093,177.91000366210938,161.05551802843678,538.3419943932922,419.42775054091777,222.27079905335071,173.99000549316406,159.03285961324696,525.3065653122825,415.991550712489,224.10676986474735,174.86000061035156,159.9196408139774,530.3830650287364,418.1229861127925,46414000,51698500,31524300,13482100,20752100
2024-08-16,225.5535888671875,177.05999755859375,162.37074279785156,526.0245971679688,416.7983093261719,226.33187474025672,178.33999633789062,164.46314006883134,532.2480783702886,419.6568394696199,223.15885022096822,176.25999450683594,160.54735825938926,523.2718895114789,415.6329698343419,223.42826155403992,177.0399932861328,160.88612516941268,530.4927859051207,418.919805326896,44340200,31489200,24208600,14776700,22775600
2024-08-19,225.3939208984375,178.22000122070312,166.06732177734375,527.8797607421875,419.8460998535156,225.49370737790127,178.3000030517578,166.08725371463413,530.2534081865273,420.06522222853687,222.55017371179113,176.16000366210938,163.66603265490428,521.3769906400114,414.7963458443911,225.22429606357244,177.63999938964844,164.68234860612503,525.4761025731007,417.2863590170559,40687800,31129800,22416200,9879700,15234000
2024-08-20,226.0125732421875,178.8800048828125,166.5754852294922,525.33642578125,423.10302734375,226.6711275207631,179.00999450683594,168.03021269363555,529.6849369159322,424.15879050030776,224.95490346311303,177.42999267578125,166.21680155178487,524.4886989518025,419.9556774327427,225.27420804373648,177.9199981689453,166.2964988999767,526.9521349229415,420.015435317403,30299000,26255200,18341500,7944400,16387600
2024-08-21,225.90281677246094,180.11000061035156,165.2502899169922,533.744140625,422.4456787109375,227.47934890039068,182.38999938964844,166.2466739015297,537.9729743095602,424.69662989295495,224.55579052395228,178.88999938964844,164.07454890935912,525.5359335970294,420.03533264675815,226.0225636042008,179.9199981689453,164.5528089649255,525.7553832138777,422.38589043229285,34765500,35599100,22902000,13423300,16067300
2024-08-22,224.0369110107422,176.1300048828125,163.20770263671875,530.5227661132812,413.8899841308594,227.8385414771675,181.47000122070312,166.98399131629145,542.7902141551943,425.0851042062188,223.4082896744648,175.67999267578125,162.71946900223335,527.1916362087563,412.953736731063,227.28974628083643,181.3800048828125,166.65518277106005,535.5793606781577,422.66478826233237,43695300,32047500,22493300,15708300,19361900
2024-08-23,226.3418426513672,177.0399932861328,165.02110290527344,526.6031494140625,415.1250305175781,227.7188169640382,178.97000122070312,165.5790754778364,538.4417418614877,417.58516466451346,223.83736023691762,175.24000549316406,163.23758234628738,523.6709248971505,410.44379375355777,225.16444130741013,177.33999633789062,164.12436344274187,535.4995340602896,415.3142739439322,38677300,29150100,13955700,11323900,18493800
2024-08-26,226.68109130859375,175.5,165.55917358398438,519.7413330078125,411.83819580078125,226.7808777924977,177.47000122070312,166.9441467734434,526.6031363206736,415.6130641605339,223.39832305195915,174.3000030517578,163.8653237787171,513.5876732511208,409.6967906199474,226.2620154817008,176.6999969482422,165.77837928622512,526.2041702012604,414.70669574720716,30602200,22366200,14190400,9584000,13152800
2024-08-27,227.52923583984375,173.1199951171875,164.0845184326172,517.7266235351562,412.1867980957031,228.34744239539063,174.88999938964844,165.83816409495242,522.6236675283147,412.70470986954564,224.39613201364162,172.25,163.86532792843937,513.9466724281382,408.6111429903849,225.50369501854036,174.14999389648438,165.2403275821356,517.606945881941,411.21070203411466,35934600,29842000,11821900,6282700,13492900
2024-08-28,225.99261474609375,170.8000030517578,162.2611541748047,515.4127807617188,408.95977783203125,229.35520907583674,173.69000244140625,165.0012104060404,519.7113753296502,413.3421950254565,225.18438078371824,168.9199981689453,160.94591988607655,511.09421962835097,405.68291191971673,227.4194670399241,173.69000244140625,164.44322254791618,516.3003798185057,413.22267925405737,38052200,29045000,16407400,9106100,14882700
2024-08-29,229.28536987304688,172.1199951171875,161.19500732421875,516.8489379882812,411.4696960449219,232.4085012026452,174.2899932861328,165.36985884682494,525.8052213752129,420.3640158924635,228.37737982242845,170.80999755859375,159.67054097302747,514.3156798736528,408.95977368399144,229.59470189609323,173.22000122070312,163.71585770644296,517.6767591369255,413.2824329478728,51906300,26407800,19699800,8317400,17045200
2024-08-30,228.49710083007812,178.5,162.7892303466797,519.9308471679688,415.4736328125,229.89402024722435,178.89999389648438,163.06821666334946,522.1549281173368,415.822210323597,226.98043458769098,172.60000610351562,161.10533887588517,513.837026073228,410.48363692465733,229.6844899472923,172.77999877929688,162.03196874119254,519.9707194315399,413.93977626013776,52990800,43429400,22123800,9157500,24308300
2024-09-03,222.28079223632812,176.25,156.79100036621094,510.40606689453125,407.80438232421875,228.4971066385697,178.25999450683594,161.26477038522722,524.0997225062756,418.20267931936957,220.68429981162342,175.25999450683594,155.91417750545756,507.27435965653467,405.4040060811421,228.04809790202157,177.5500030517578,161.13523558890284,518.2652239654169,416.2405478075573,50190600,37817500,38945300,12459100,20313600
2024-09-04,220.36500549316406,173.3300018310547,155.88429260253906,511.3834533691406,407.26654052734375,221.29295584608857,175.97999572753906,158.425075150391,515.223304093467,409.5971891641853,217.0023958735564,172.5399932861328,155.3960741138358,502.73640830596844,402.7546379619835,221.17322424578342,174.47999572753906,156.09353995742268,504.7311169813553,404.2884945573242,43840200,30309200,19353800,8335200,15135800
2024-09-05,221.8916473388672,177.88999938964844,156.6714324951172,515.4925537109375,406.7585754394531,224.98483044961614,179.8800048828125,158.87343271753585,520.2499534305978,411.44975138862225,221.03353533260162,175.0,155.41597886981896,509.79766890602514,404.50759397621573,221.14329437614535,175.0,155.73482906151818,510.36616818924125,405.9916319874654,36615400,40170500,18688700,8640900,14195500
2024-09-06,220.33506774902344,171.38999938964844,150.374267578125,498.94647216796875,400.0953063964844,224.74535922490057,178.3800048828125,157.25928448946016,523.1921855093276,409.0095348193582,219.2873705935476,171.16000366210938,150.00561037278717,496.9318272475794,399.19887738785627,223.45818364879955,177.24000549316406,156.73120219936595,520.4993164684229,407.4258901774711,48423000,41466500,37912100,14744500,19609500
2024-09-09,220.4248809814453,175.39999389648438,148.368896484375,503.45452880859375,404.0992431640625,220.7840910234286,175.85000610351562,153.04812579911544,509.9772045756239,407.01753119323797,216.23410730849415,173.50999450683594,146.88230875795676,500.751676509204,400.5434971977151,220.3350822772696,174.52999877929688,152.16016788537544,504.82089944691495,405.6131601713445,67180000,29037400,39260500,11047800,15295100
2024-09-10,219.62661743164062,179.5500030517578,148.31900024414062,503.45452880859375,412.5453796386719,220.9936039050013,180.5,150.92301391041104,512.8196706618348,414.66684525245614,216.25403537150672,176.7899932861328,147.9997269680091,498.70711219354445,406.0713456246143,218.43922835246784,177.49000549316406,150.10488755816476,506.81560821803276,406.56934824108026,51591000,36233800,31118800,9899000,19594300
2024-09-11,222.17103576660156,184.52000427246094,150.8132781982422,510.4758605957031,421.3500671386719,222.6000841658612,184.99000549316406,151.15249466457212,511.76245622202606,422.29625388353406,217.41150656335964,175.72999572753906,147.18162811030237,494.28881906904013,407.9438146629927,220.97367404683663,180.10000610351562,149.57611698577008,505.66863578869425,413.84017908445105,44587100,42564700,29607700,10782500,19266900
2024-09-12,222.28079223632812,187.0,154.33517456054688,524.20947265625,425.29425048828125,223.0590781064196,187.41000366210938,154.46488123819847,525.3165823557075,425.6627675750461,219.33727360197898,183.5399932861328,152.29984538660895,513.85692863316,418.07321227741465,222.01138090428717,184.8000030517578,153.4472166512295,515.6821043146266,421.6189886086143,37498200,33622500,29695000,11993300,17418800
2024-09-13,222.01136779785156,186.49000549316406,157.09881591796875,523.2320556640625,428.8699035644531,223.54797910505988,188.5,158.0167037423396,526.1842465755389,430.10494036688726,221.42266715079168,185.91000366210938,154.85397709703722,515.7419144489008,423.76039168984255,223.08899783711732,187.0,155.0734584425326,518.9634105254878,424.12890877471926,36766600,26495400,29591200,10321400,15874600
2024-09-16,215.84495544433594,184.88999938964844,157.6974334716797,532.3765869140625,429.6169128417969,216.74297289953918,185.80999755859375,157.88700007819574,533.1951441126126,431.79816683164466,213.4502168549942,183.36000061035156,156.2407910010188,516.5234847252611,426.50938123863534,216.0644583037111,185.2899932861328,156.949153850456,523.6513423732874,428.87987866290234,59357400,26065500,18379800,9527600,13834700
2024-09-17,216.31390380859375,186.8800048828125,158.95455932617188,535.411376953125,433.41168212890625,216.42366284814068,189.4499969482422,160.18173369132347,541.1815528247878,440.08492951868885,214.02893954474482,186.13999938964844,158.01671306098063,529.6711185711189,430.5431821213062,215.27619443719672,186.85000610351562,158.65524442097214,536.6891766997394,438.47140586333086,45519300,26091700,20715600,11690800,18874200
2024-09-18,220.20535278320312,186.42999267578125,159.44342041015625,537.0386962890625,429.0890197753906,222.22092099435915,188.8000030517578,160.13184010247764,543.278108456814,434.28816840172493,217.06226125375574,185.05999755859375,158.23620447115354,532.9955693907114,428.6906237541022,217.07224903728172,186.4499969482422,159.493308763357,536.1601821813024,433.2622842089649,59894900,34448100,23677300,10323500,18898000
2024-09-19,228.3673858642578,189.8699951171875,161.76808166503906,558.15283203125,436.93756103515625,229.31531179988679,190.99000549316406,163.41429079540828,561.1178323859846,439.73633345516527,224.1367068474718,188.47000122070312,160.96991366518583,545.5941870565406,435.1547030637013,224.49591687958383,190.0399932861328,163.3344876968325,549.0682722628771,439.46742297057807,66781300,39543200,26587700,15647000,21706600
2024-09-20,227.6988525390625,191.60000610351562,163.21475219726562,560.3989868164062,433.53118896484375,232.57811312113958,191.83999633789062,163.35443045510996,563.5436747416974,437.4853309751932,227.12012443578536,187.41000366210938,161.68826294232812,555.3575542597183,432.4853956233,229.46496974860833,190.22999572753906,163.12496229374892,559.0512982379992,435.47341133704515,318679900,100378600,40896400,22066800,55167100
2024-09-23,225.97265625,193.8800048828125,161.47874450683594,563.4537963867188,431.77825927734375,228.94610768522742,194.4499969482422,165.1103942398001,573.0075909949846,434.7164566201473,225.31410200503296,190.57000732421875,161.29914948564644,561.4571846215243,428.6707276626035,226.8407407931877,191.63999938964844,163.97300985155823,568.535200139111,432.5451724016005,54146000,36993100,24150900,12830700,15128900
2024-09-24,226.8706817626953,193.9600067138672,161.917724609375,562.3756713867188,427.4555969238281,228.8463445678705,195.3699951171875,162.84559924653018,566.7881663385376,431.6188916752313,225.2342838755063,190.1300048828125,160.32140390143587,553.251140972108,424.39785343692114,228.14786961487798,194.27000427246094,162.65603264196153,565.7199717295323,431.27028375011014,43556100,43478900,23332100,12993000,17015800
2024-09-25,225.8728790283203,192.52999877929688,161.11956787109375,567.34716796875,430.3838195800781,226.79085685048213,193.9499969482422,162.43653204188453,575.9026560047768,431.38979462226376,223.52804884217394,192.16000366210938,160.93000127122684,562.764917527023,426.8579828341436,224.43603888049125,193.75,161.09960948590057,563.0943755026146,428.11292879639643,42308700,26391100,18869200,16543400,13396400
2024-09-26,227.02035522460938,191.16000366210938,162.35671997070312,566.8779907226562,429.5870361328125,227.99819881641105,194.52999877929688,163.70362938299246,576.421791707134,433.56108748494046,224.9149883158055,189.5399932861328,161.90775524120266,561.3972407130617,427.41575191106693,226.80083714120576,194.30999755859375,163.26463623457852,574.7545771548597,433.3519348863203,36636700,36334900,20319300,14400800,14492000
2024-09-27,227.2897491455078,187.97000122070312,163.5739288330078,566.3988037109375,426.3101501464844,229.01596089620384,190.89999389648438,165.31991468714682,569.8729495717097,430.1248672217253,226.80083496693393,187.33999633789062,162.25696456225583,563.5536563544842,425.762359424982,227.9582911728241,190.67999267578125,162.4365443712631,569.1341520453253,429.7961684722898,34026000,36002300,21101300,9398400,14896100
2024-09-30,232.48831176757812,186.3300018310547,165.46957397460938,571.47021484375,428.5810546875,232.48831176757812,188.49000549316406,165.76887364583845,573.706410244188,428.7006008520287,229.1456625683617,184.64999389648438,162.88550343062403,563.8431433708773,423.67075601092984,229.5348054854851,187.13999938964844,162.9453785886578,566.7382547675098,426.49940732473704,54541900,41583900,20413900,12792300,16807300
2024-10-01,225.71322631835938,185.1300048828125,166.60696411132812,575.4933471679688,419.00946044921875,229.14565893600417,186.19000244140625,168.7719847422779,582.052223949219,426.7683500314763,223.24864947388588,183.4499969482422,164.2024885113937,569.1341437441329,417.1369656739266,229.0159547825387,184.89999389648438,167.30535540779766,577.0007987585797,426.73847108913304,63285000,36044900,28338100,15259300,19092900
2024-10-02,226.28196716308594,184.75999450683594,165.47955322265625,571.839599609375,415.4636535644531,226.8706678098605,186.60000610351562,167.13574919120185,575.0241978646806,421.13092557899313,222.53022998119604,184.0399932861328,164.3521403294987,568.3755073868431,415.0453180067373,225.3939223013361,184.44000244140625,166.03826626655388,573.8861145161185,420.89186366215563,32880600,23704100,17760200,6524700,16582300
2024-10-03,225.17440795898438,181.9600067138672,165.47955322265625,581.78271484375,414.87603759765625,226.3119038145279,183.44000244140625,166.25776285148348,582.3716811685491,417.8739927473743,222.82957789090332,180.8800048828125,163.54400073216186,567.7664618304881,412.63502577299244,224.64557310138042,183.0500030517578,164.0328822574666,569.1840999965109,415.9616796785687,34044200,30204300,15073100,11581000,13686400
2024-10-04,226.30194091796875,186.50999450683594,166.67678833007812,594.930419921875,414.39794921875,227.49930262356304,187.60000610351562,167.84410270815644,595.8388514800449,418.07321108796054,223.63780617480538,183.60000610351562,165.10041077348518,580.4449915774629,413.3123071245128,227.39951613756347,185.75,167.6744944881404,582.7410829589448,416.5692334072243,37245100,40890300,19047400,14169500,19169700
2024-10-07,221.2031707763672,180.8000030517578,162.6061553955078,583.7893676757812,407.90399169921875,225.19438676879486,183.60000610351562,168.09353960289477,601.9285692599291,415.4437282135342,220.84396072803747,180.25,162.37668722767793,583.0505701091017,407.3661403625253,224.0069975750027,182.9499969482422,167.3352883566198,597.2065408042621,414.3381769946468,39505400,42364200,22463100,12014200,20919800
2024-10-08,225.27420043945312,182.72000122070312,164.00294494628906,591.8855590820312,413.0533447265625,225.4837307412941,183.08999633789062,164.35213297119705,592.5544069282686,413.99956190900485,222.75973024040246,180.9199981689453,162.49639888774195,584.9772388569517,406.5394920239681,223.80742742544692,181.9199981689453,163.5639517960843,588.6909682347708,409.25856700863125,31855700,26372100,23072700,7857400,19229300
2024-10-09,229.03591918945312,185.1699981689453,161.4887237548828,589.5095825195312,415.7923278808594,229.24546472466872,185.85000610351562,164.46188392429227,593.383013995398,418.70067647812056,224.33627096325682,182.0500030517578,159.37359151374716,580.6246363035814,412.6449477589923,224.73538646570117,182.82000732421875,163.07507293573457,592.9836672926635,414.19871346026423,33591100,26343100,31181800,9529700,14974300
2024-10-10,228.53700256347656,186.64999389648438,161.70822143554688,582.8408813476562,414.1788330078125,228.99599906464633,188.1300048828125,162.69595604624766,589.2300017888213,415.68281071093077,226.67111410985407,185.8300018310547,160.0320671165202,581.5331032114448,411.49957636636015,227.279775108536,187.1300048828125,160.50099024469034,586.5745352205768,413.57128437543724,28183500,27785000,14144100,7740400,13848400
2024-10-11,227.05029296875,188.82000732421875,162.8655548095703,588.9505615234375,414.6568908691406,228.9062089337624,189.92999267578125,163.52402928799188,590.2084366715601,415.4636526469778,226.84074743911052,186.3000030517578,160.87014254138842,581.722836757389,411.59914761969196,228.79644988971887,186.6300048828125,161.75810039177787,583.8392403320302,414.47761722865823,31759200,25751600,15344300,8587100,14144900
2024-10-14,230.79205322265625,187.5399932861328,164.5816192626953,589.419677734375,417.4656677246094,231.22110160659443,189.8300018310547,165.84869515872447,599.0832703101336,422.3460875183581,228.09798564307096,187.36000061035156,163.02518482340258,588.9604960748801,415.8521136383557,228.19775690140833,189.77999877929688,163.26463978878337,593.21322748736,416.10111495840073,39882100,22614400,19016100,8252000,16653100
2024-10-15,233.33645629882812,187.69000244140625,165.08047485351562,585.2767944335938,417.0672302246094,236.9684620133565,188.41000366210938,167.29536861569628,589.609407732317,420.7923105426525,231.85969551276995,184.5800018310547,164.25237687914083,579.1571746540536,413.60115139482065,233.0969778733182,187.6300048828125,165.40970450318616,589.1601579101996,420.4934907291295,64751400,32178900,20247200,9564200,18900200
2024-10-16,231.27099609375,186.88999938964844,164.78114318847656,575.8128051757812,414.45770263671875,231.61024577942743,187.77999877929688,165.41967448375283,581.0938820809059,414.6967341717602,229.33525401328018,185.61000061035156,163.36440235282572,573.0575322321221,408.84024879356656,231.09139869260778,187.0500030517578,164.1525834736406,580.4150414195622,413.51151588006746,34082200,23456800,16406000,11268400,15508900
2024-10-17,231.6401824951172,187.52999877929688,162.55625915527344,575.9525756835938,415.0552978515625,233.3364614020046,188.94000244140625,165.9883708197769,583.9789326282403,420.81220682616237,230.0137723986246,186.0,162.3866509330354,574.2255260943747,413.9298070859751,232.9173703418766,188.22000122070312,165.3498394792033,582.3417573737693,420.6727515049861,32993800,25039400,21453400,8701200,14820000
2024-10-18,234.4839324951172,188.99000549316406,163.04515075683594,575.4933471679688,416.48956298828125,235.66133386929857,190.74000549316406,164.3322003226238,582.9806410828543,417.97360109842316,233.4961010856326,186.27999877929688,162.7059342913527,574.2754432717226,414.5971590742364,235.66133386929857,187.14999389648438,162.81568258592537,580.1155081526317,415.47364856596283,46431500,37417700,19757700,7694300,17145300
2024-10-21,235.96067810058594,189.07000732421875,163.69366455078125,574.1856079101562,417.1070861816406,236.32987592195377,189.4600067138672,164.12267091200812,576.2621012910602,417.2863598354636,233.9351372634737,186.39999389648438,162.24697837282997,568.1458692618588,412.09718088424023,233.9351372634737,188.0500030517578,162.57622324771475,575.0541901204554,414.457708513249,36254500,24639400,20946500,8171900,14206100
2024-10-22,235.342041015625,189.6999969482422,164.76119995117188,581.0239868164062,425.8022155761719,235.70125104779564,191.52000427246094,165.38975972379467,582.5414311786456,428.85992860317606,232.08920560922664,186.97999572753906,162.60615092256947,571.150727517959,416.3700446113444,233.376366009758,188.35000610351562,162.60615092256947,573.3170341117068,416.8182287379404,38846600,29650600,16568100,8544500,25482200
2024-10-23,230.25323486328125,184.7100067138672,162.4066162109375,562.7350463867188,422.9038391113281,234.62362105235994,189.16000366210938,165.43965162521155,584.0089423449544,429.3579337373482,227.25982300232985,183.69000244140625,161.5585598399715,561.5470599470716,420.8421009299413,233.56595129753524,188.85000610351562,164.38207025094962,578.9874344994295,429.13881136450993,52287000,31937100,18280500,14248400,19654400
2024-10-24,230.06365966796875,186.3800048828125,162.34674072265625,566.818115234375,423.0333251953125,230.31311065070702,187.11000061035156,162.95534206352698,567.9162272782188,424.27833177082186,227.90839952304313,183.86000061035156,160.64065656258018,560.568710969321,420.71261591698874,229.4749437774939,185.25,162.45648900457678,566.1691920700792,423.6309040350223,31109500,21647400,22412500,7184700,13581600
2024-10-25,230.9018096923828,187.8300018310547,164.89089965820312,572.27880859375,426.43963623046875,232.7078323586645,190.4499969482422,165.21015770980458,580.3051654129531,430.79217425375066,229.0658541264054,187.52999877929688,163.04513719135548,570.7513714491723,424.8659613297776,229.23547896644118,187.85000610351562,163.29456372883286,572.9576492363118,425.0552047565001,38802300,29362100,19828900,11337900,16899100
2024-10-28,232.88743591308594,188.38999938964844,166.3375701904297,577.1804809570312,424.8858642578125,234.21451699403664,190.2100067138672,168.3629124526984,582.7610374446309,430.21449827781026,232.03931169048735,188.2100067138672,163.5739198981752,573.147347275715,424.5970142324742,232.80762499530724,189.57000732421875,168.3629124526984,581.0140022146043,429.9356180313113,36087100,27930800,32138600,10925100,14882400
2024-10-29,233.15684509277344,190.8300018310547,169.29078674316406,592.2749633789062,430.2244873046875,233.815399347975,191.4600067138672,169.9891932870904,592.6642563781992,431.43961494644003,231.8098189074392,187.82000732421875,166.7067312467614,574.4252487176307,424.09903059516625,232.58810476348472,188.5800018310547,167.3452626285711,579.1672018209299,426.29025434116863,35417200,35690200,42169000,13019100,17644100
2024-10-30,229.59469604492188,192.72999572753906,174.059814453125,590.79736328125,430.8021545410156,232.95729049985403,195.61000061035156,181.6024702004282,600.18146222204,436.7483071680008,229.04590082483264,192.4199981689453,173.660722875302,588.3814802937598,430.3738795735308,232.09917848988178,194.6999969482422,180.26553244445503,599.961803260404,435.69254402246366,47070900,37707600,68890800,26864900,29749100
2024-10-31,225.4138946533203,186.39999389648438,170.71751403808594,566.6184692382812,404.72674560546875,229.325284321648,190.60000610351562,176.41442332366287,588.9006638234266,414.4975548257246,224.8750719925984,185.22999572753906,170.60776574356834,562.0562040483729,404.67692710480617,228.83635490362704,190.50999450683594,172.73288489023227,584.0089406317576,413.70073237613923,64370100,75146800,44769000,26838400,53971000
2024-11-01,222.4204864501953,197.92999267578125,170.89707946777344,566.1990966796875,408.7306823730469,224.8551305713263,200.5,171.924730806551,572.6980772551971,413.8401943287888,219.78628458026085,197.02000427246094,168.49261922011235,561.6069143240354,405.8721520793777,220.48474431371312,199.0,169.67989197256162,566.6483464807679,407.37612978056814,65276700,99687800,31796500,15303200,24230400
2024-11-04,221.52244567871094,195.77999877929688,168.851806640625,559.7301635742188,406.82830810546875,222.3007315284092,197.3300018310547,170.33837916949005,567.7266038519388,408.78050033889826,219.2275088130919,194.30999755859375,167.62461702535575,556.9449119547328,403.9498686523884,220.5046966292777,196.4499969482422,169.540211146429,563.144352806453,408.1629515330161,44944500,38492100,21492700,12064600,19672300
2024-11-05,222.95928955078125,199.5,169.35064697265625,571.460205078125,409.8163146972656,223.45819152571042,199.82000732421875,170.13882813078655,572.5084140245058,413.24257521436044,220.65436486265338,195.99000549316406,168.45270230555178,565.7099536866323,406.4498120639611,221.31291912362707,196.0399932861328,169.04134527892143,566.3388912408113,406.73866209939297,28111300,30564800,18242100,9775400,17626000
2024-11-06,222.23089599609375,207.08999633789062,176.10511779785156,571.0808715820312,418.50146484375,225.5735453041769,207.5500030517578,176.53413938489027,572.0292743628759,418.77040570560524,220.7042571772517,199.13999938964844,173.1020275837351,554.229463302176,408.8800507986786,222.12113695305962,200.00999450683594,173.40134249175,561.7966390012363,410.77248502778195,54561100,72292200,33695500,18305400,26681800
2024-11-07,226.98043823242188,210.0500030517578,180.33538818359375,590.6976318359375,423.7304992675781,227.37956894750107,212.25,180.66463304281666,593.7923558507847,425.14484007349097,224.0768403097807,207.19000244140625,176.783556694456,574.2355767751123,418.2026823789465,224.13670611072257,207.44000244140625,177.00305326727127,575.9127234281675,419.5970836269586,42137700,52878400,25352900,14653700,19901800
2024-11-08,226.7107391357422,208.17999267578125,177.94090270996094,588.3416137695312,420.85205078125,228.4088689967903,209.9600067138672,180.48504128160124,592.0951926933623,424.7962229099081,226.16134014604208,207.44000244140625,177.6715177795822,583.5297721190619,420.095077093531,226.92049995960826,209.72000122070312,180.23561473741785,590.5378379587844,423.6209440547306,38328800,36075800,22006200,9415700,16891400
2024-11-11,223.98373413085938,206.83999633789062,179.93630981445312,582.1820068359375,416.34014892578125,225.45212091614073,209.64999389648438,180.13584799922145,586.00553531121,423.11297221775334,221.25673663335022,205.58999633789062,178.06061738529806,575.5333166694651,414.3381687204943,224.7528927426808,208.5,178.1703656704888,585.366604942105,420.83211176857736,42005600,35456000,17450400,10209100,24503300
2024-11-12,223.98373413085938,208.91000366210938,181.20339965820312,583.8292236328125,421.340087890625,225.34224111445195,209.5399932861328,182.07141442586757,598.6440480490492,422.744458901271,223.11469448970428,206.00999450683594,178.97851903978543,579.3967433041139,415.533390819855,224.30339000560164,208.3699951171875,179.40754063277615,587.5428920783899,416.57918414479684,40398300,38942900,25134900,16287700,19401200
2024-11-13,224.8727569580078,214.10000610351562,178.4696807861328,579.0173950195312,423.5014343261719,226.4010754152989,215.08999633789062,180.54491140269107,584.6478546567904,427.6149103778975,222.5153482196322,209.13999938964844,178.13044912542955,574.1955606863224,416.5393371261829,223.76397540644066,209.39999389648438,180.04605832824305,581.6229586734983,419.9556581526565,48566200,46212900,23184000,10757600,21502200
2024-11-14,227.9693603515625,211.47999572753906,175.17726135253906,576.1821899414062,425.1846923828125,228.61864039722624,215.89999389648438,178.40983501207117,579.7761276375875,426.4595778768523,224.7528954725484,210.8800048828125,173.92015698572658,572.0392571340474,418.3222016749388,224.77287777547028,214.16000366210938,177.87106512358804,576.0224878119504,423.30222788535474,44923900,42620300,31007500,11053700,30246900
2024-11-15,224.7528839111328,202.61000061035156,172.09434509277344,553.141357421875,413.3421936035156,226.67077335813082,207.33999633789062,173.7405542062273,571.6000240070317,421.1110226744225,224.023689933323,199.61000061035156,170.8272539769183,550.5657111050427,411.98764100476023,226.15134020310103,206.75999450683594,173.3314910172349,570.252274465218,418.14294637599176,47923700,86591100,32504600,17712900,28247600
2024-11-18,227.7695770263672,201.6999969482422,174.8979034423828,553.4608154296875,414.0991516113281,229.4876892234719,204.6699981689453,175.03758170425652,558.9514978806496,416.72858966014985,224.92270099550518,200.9499969482422,172.50339937967658,549.1581194372038,410.45376875637714,225.00261496304853,204.14999389648438,173.02221087683125,556.0962966980143,413.21269235073834,44686000,36512500,20206600,14346700,24742000
2024-11-19,228.02928161621094,204.61000061035156,177.71141052246094,560.1394653320312,416.12103271484375,229.90722171238716,205.3000030517578,178.4596901179334,560.4788552047905,416.27042741990954,226.41106572007726,198.77999877929688,173.16187301779436,549.6671856118743,409.9059394231008,226.73070634208972,199.3300018310547,173.32150965187077,550.9250607524925,411.4597051471197,36211800,31197900,23434900,9522400,18133500
2024-11-20,228.7484893798828,202.8800048828125,175.5763397216797,564.5619506835938,413.8302001953125,229.67746064503265,203.1300048828125,177.27243728365775,565.390500678348,415.62302783332285,225.64190448211673,199.4499969482422,173.38138904007343,553.2611210117975,408.93981090505724,227.80951934283004,202.97999572753906,176.93322081601997,561.9763116905509,415.2046922657536,35169600,32769000,18997100,9797300,19191700
2024-11-21,228.26902770996094,198.3800048828125,167.2454833984375,562.1360473632812,412.0437927246094,229.90722593821596,203.49000549316406,173.73057324168968,569.0343137249589,418.9399686403921,225.46211628612434,195.75,163.32449039222482,548.1197947446825,409.4689690149979,228.6286329426038,203.49000549316406,173.50108987072463,568.555146432614,418.6605301722443,42108300,58800000,59734400,11154700,20780200
2024-11-22,229.61753845214844,197.1199951171875,164.38206481933594,558.1927490234375,416.16552734375,230.46661102927646,199.25999450683594,166.0781775052239,562.8748059092092,416.56472079906104,227.80952873867182,196.75,163.52403689515066,553.650469580645,410.2374116400306,227.80952873867182,198.25,165.4695761261647,562.5952510232509,410.5467888521348,38168300,31530800,38604600,9164000,24814600
2024-11-25,232.61424255371094,201.4499969482422,167.26544189453125,564.152587890625,417.95196533203125,232.99383009111634,201.9499969482422,168.24320495243438,571.6199568654145,420.23736087052777,229.48769048234254,199.0,165.23012790175193,555.4473903786079,414.0198472532827,231.2058026888721,199.27999877929688,165.7090226252667,561.1476776202871,417.54278213072394,90152800,40685700,33135300,13599800,27691100
2024-11-26,234.8018341064453,207.86000061035156,168.73207092285156,572.5682983398438,427.133544921875,235.31128373473052,208.0,169.43047745533647,576.5216113243557,428.18146205416855,233.07373841155265,201.7899932861328,167.19561004372002,564.2424619188627,418.01185069672323,233.07373841155265,201.89999389648438,167.24549839943876,565.0410943888924,418.75036014607525,45986200,41673700,20486700,10356600,23458900
2024-11-27,234.67198181152344,205.74000549316406,168.84181213378906,568.2356567382812,422.1435546875,235.43115689965902,207.63999938964844,169.09123867813173,574.0058324070926,426.37509083138485,233.55321672420507,205.0500030517578,167.6345961844918,563.1442607498313,421.17549451394376,234.21249554010248,206.97999572753906,168.61234397565445,573.9160190095296,424.2593075311874,33498400,28061600,19266500,7200200,18332400
2024-11-29,237.06935119628906,207.88999938964844,168.5624542236328,573.3470458984375,422.61260986328125,237.5488197625333,208.1999969482422,169.0413489221372,577.4800469055187,424.0297817162198,233.71304074851764,204.58999633789062,166.7765668794217,565.9396332575727,416.9639323784013,234.55211454995276,205.8300018310547,168.1134894922982,568.0360512532919,419.24935840992123,28481400,24892400,14257200,7130500,16271900
2024-12-02,239.3268585205078,210.7100067138672,171.0966339111328,591.82568359375,430.1175842285156,240.52553753151284,212.99000549316406,171.6852768885628,593.4928373290564,432.13353107658475,236.89953466637493,209.50999450683594,168.18333376692627,574.5949145977398,420.4669212999132,237.00941446483552,209.9600067138672,168.38287195306333,576.5216376072835,420.72641076442574,48137100,39523200,23789100,12522400,20207200
2024-12-03,242.3834991455078,213.44000244140625,170.9469757080078,612.6104125976562,430.3371276855469,242.49337894569658,214.02000427246094,172.28389835489799,613.1594686318281,431.60457529422956,238.6376176509325,209.64999389648438,170.45810941593857,590.2483370618503,426.88402964452257,239.54662188503684,210.30999755859375,171.0966407714524,593.9919840199593,428.9798333762607,38861000,32214800,22248700,14907200,18302000
2024-12-04,242.74310302734375,218.16000366210938,173.9700164794922,612.7401733398438,436.544677734375,243.84190102311462,220.0,174.50878632573773,616.7333966061125,438.79017518476684,240.9850414761411,215.75,170.6676115592613,604.0748252320993,431.7642546343851,242.60325739533934,215.9600067138672,170.75740145903967,611.9215552584485,432.1634480898198,44383900,48745700,31615100,14697000,26009400
2024-12-05,242.7730712890625,220.5500030517578,172.24400329589844,607.8983764648438,441.7342529296875,244.2714238935446,222.14999389648438,175.65615678272883,618.8498233695451,443.770179142923,241.86408229295347,217.3000030517578,171.93471679976247,606.0215565844734,435.2971785217715,243.72204013219255,218.02999877929688,174.95776546503646,616.0345935489895,437.0436765362191,40033900,41140200,21356200,8081200,21697800
2024-12-06,242.5732879638672,227.02999877929688,174.30926513671875,622.7132568359375,442.682373046875,244.3613305629988,227.14999389648438,174.6784115765489,628.7230165931262,445.2073090094776,241.8141281502541,220.60000610351562,171.4657962428472,607.4990854973933,440.88595677867977,242.6432183998472,220.75,171.6354044780067,609.0663720551125,441.4148949698492,36870600,44178100,21462400,16935500,18821000
2024-12-09,246.47900390625,226.08999633789062,175.1682586669922,612.530517578125,445.12744140625,246.96847124510987,230.0800018310547,176.05723424799297,625.3387984829403,447.4328163406456,241.48449521514058,225.6699981689453,173.45023604553785,605.143030037455,439.6184986530788,241.56440918324205,227.2100067138672,173.75989224042516,622.8629585822455,441.7143023543043,44649200,46819400,25389600,11426000,19144400
2024-12-10,247.4978790283203,225.0399932861328,184.9569854736328,618.2708129882812,442.4428405761719,247.93739821602466,229.05999755859375,186.14561898038454,624.5302104357933,448.7202622082635,245.0705399660552,224.1999969482422,180.8417298459591,611.7019431511976,440.71632196493806,246.61884065291167,226.08999633789062,182.6396622409938,616.5137848674528,443.500747434082,36914800,31199900,54813000,10938900,18469500
2024-12-11,246.2192840576172,230.25999450683594,195.1752166748047,631.608154296875,448.0915222167969,250.52454792031958,231.1999969482422,195.3849818086967,637.318495591936,449.4488165759074,245.98952569372008,226.25999450683594,184.637364997593,620.4770803388628,443.1614051498909,247.68767076725757,226.41000366210938,185.0968273042346,622.3139290288647,443.1614051498909,45205800,35385800,67894100,10837200,19200200
2024-12-12,247.68768310546875,228.97000122070312,191.7391815185547,629.7213745117188,448.6603698730469,248.46682524629017,231.08999633789062,194.9554633024938,635.5814254356923,455.24716851093444,245.41017310687806,227.6300048828125,191.48946911126617,626.1474831596408,448.2112581986308,246.61885092340057,229.8300018310547,194.77567768503926,630.4301936561714,448.2112581986308,32777500,28204100,34817500,7474700,20834800
2024-12-13,247.85748291015625,227.4600067138672,189.6016387939453,619.299072265625,446.37493896484375,249.01619729452798,230.1999969482422,192.50827955283287,630.0109365523356,450.5266178755225,245.96955931284188,225.86000061035156,189.42183794011777,615.8449726718511,444.6883184556146,247.54782582286595,228.39999389648438,190.7902570178538,626.1574292737397,447.5426110314286,33155300,28768100,25143500,8453300,20177800
2024-12-16,250.7642822265625,232.92999267578125,196.43377685546875,623.6851196289062,450.6863098144531,251.10392039685559,233.0,198.77108139081074,630.5890116598864,451.27512549789225,247.3780059899919,228.00999450683594,192.39841571324646,618.0301774865133,444.38893932865295,247.71764416028498,230.22999572753906,192.648128127054,629.420007736044,446.37494735046533,51694800,37552100,44934900,10885600,23598800
2024-12-17,253.20159912109375,231.14999389648438,195.1951904296875,618.889404296875,453.5505676269531,253.5512208135588,232.72999572753906,201.18828813489583,631.8079039629248,454.3789237624039,249.50566587259755,227.85000610351562,194.7556941593745,615.9919576111723,448.67036888572403,249.80533943156328,232.38999938964844,197.02308705872431,625.613402725808,450.10748972576295,51356400,35948100,43504000,12897800,22733500
2024-12-18,247.77757263183594,220.52000427246094,188.18325805664062,596.6591796875,436.5147399902344,254.0007260278641,231.39999389648438,196.77337069091053,626.8023454819172,451.7441820228141,247.46791553993853,220.11000061035156,187.52402890568504,595.7899578806528,436.1454548251872,251.88305927654196,230.77000427246094,194.99541962680925,620.4480133143085,450.4168569277278,56774100,43281400,34166100,17075500,24444500
2024-12-19,249.51565551757812,223.2899932861328,188.2931365966797,595.0405883789062,436.15545654296875,251.72323503929724,226.08999633789062,192.8079411518366,610.9764221710803,442.29314366547726,246.81862390484895,222.9199981689453,188.16329650997008,594.4710877502442,435.4468858542376,247.22817727073837,224.91000366210938,191.40955777871685,609.8474217814187,440.73626782337294,60882300,39918700,32265200,14958100,22963700
2024-12-20,254.21051025390625,224.9199981689453,191.18980407714844,584.7297973632812,435.726318359375,254.71994465608725,226.2100067138672,192.66809720587494,602.5739077699969,442.85201454579715,245.42017186050566,218.72999572753906,185.00692266360085,579.4844638542556,427.7722660445124,247.76758181309805,219.83999633789062,185.56627599656574,590.0550768385264,432.2432815476765,147495300,88279200,63462900,48989400,64263700
2024-12-23,254.98965454101562,225.05999755859375,194.40611267089844,599.3167724609375,434.3790283203125,255.36922684225433,226.8800048828125,194.87557322669755,600.5557214561685,436.7742196281346,253.17164603591402,223.89999389648438,189.93125525567427,585.7288858135305,431.96385754199804,254.49020366493687,225.00999450683594,192.3984151157297,589.0758836258183,435.86603695951885,40858800,28070000,25675000,10205800,19152500
2024-12-24,257.91644287109375,229.0500030517578,195.8843994140625,607.2097778320312,438.4508361816406,257.92641115938613,229.13999938964844,195.8843994140625,607.4495547417749,438.7203153724094,255.0096198916901,226.1300048828125,193.55707797257898,598.7473359909974,433.32113775673025,255.2094124344067,226.94000244140625,194.61585613024195,602.18421967186,433.7802087154167,23234700,15007500,10403300,4726100,7164500
2024-12-26,258.7355041503906,227.0500030517578,195.375,602.8136596679688,437.2332763671875,259.81433504408284,228.5,196.52367101490134,605.7610496183185,440.0576302640168,257.34704665632455,226.6699981689453,194.1564021929594,598.4076065348586,435.7562575113133,257.90642916266114,228.5,194.92550545907343,604.9417711960614,438.20133650274425,27237100,16146700,12046600,6081400,8194200
2024-12-27,255.30929565429688,223.75,192.5382537841797,599.27685546875,429.66845703125,258.41589596104086,226.02999877929688,195.09532170060632,601.3150202583132,434.3490742197977,252.78207543596488,220.89999389648438,190.43068040496257,589.2757431165518,425.49682901810996,257.54682582842287,225.60000610351562,194.72573696465102,598.8771866170372,433.73031978660106,42355300,27367100,18891400,8084200,18117700
2024-12-30,251.9230194091797,221.3000030517578,191.02000427246094,590.7144165039062,423.9798583984375,253.22159473829512,223.0,192.32849481864238,596.4093617724204,426.6944166190143,250.47461491371794,218.42999267578125,188.90243274221342,585.059474705781,421.05572893712207,251.95298524244893,220.05999755859375,189.58165840021294,588.226639708199,425.2074080072107,35557500,28321200,14264700,7025900,13158700
